
/*生成支付宝支付订单id*/
create table bas_alipay_pay_order_num_2019 (
  id int unsigned not null auto_increment,/*主键*/
  primary key (id)
) engine=innodb default charset=utf8;

/*生成支付宝支付订单id*/
create table bas_alipay_pay_order_num_2020 (
	id int unsigned not null auto_increment,/*主键*/
	primary key (id)
) engine=innodb default charset=utf8;

/*生成支付宝生活号支付订单id*/
create table bas_alipayfw_pay_order_num_2019 (
	id int unsigned not null auto_increment,
	primary key (id)
) engine=innodb default charset=utf8;

/*生成支付宝生活号支付订单id*/
create table bas_alipayfw_pay_order_num_2020 (
	id int unsigned not null auto_increment,
	primary key (id)
) engine=innodb default charset=utf8;

/*生成微信支付订单id*/
create table bas_weixin_pay_order_num_2019 (
  id int unsigned not null auto_increment,/*主键*/
  primary key (id)
) engine=innodb default charset=utf8;

/*生成微信支付订单id*/
create table bas_weixin_pay_order_num_2020 (
  id int unsigned not null auto_increment,/*主键*/
  primary key (id)
) engine=innodb default charset=utf8;


/*生成微信支付订单id*/
create table bas_weixinmp_pay_order_num_2019 (
  id int unsigned not null auto_increment,/*主键*/
  primary key (id)
) engine=innodb default charset=utf8;

/*生成微信支付订单id*/
create table bas_weixinmp_pay_order_num_2020 (
  id int unsigned not null auto_increment,/*主键*/
  primary key (id)
) engine=innodb default charset=utf8;

/*生成微信支付订单id*/
create table bas_weixinma_pay_order_num_2019 (
  id int unsigned not null auto_increment,/*主键*/
  primary key (id)
) engine=innodb default charset=utf8;

/*生成微信支付订单id*/
create table bas_weixinma_pay_order_num_2020 (
  id int unsigned not null auto_increment,/*主键*/
  primary key (id)
) engine=innodb default charset=utf8;

/*生成换电电池订单id*/
create table hdg_battery_order_num_2019 (
  id int unsigned not null auto_increment,/*主键*/
  primary key (id)
) engine=innodb default charset=utf8;

/*生成换电电池订单id*/
create table hdg_battery_order_num_2020 (
  id int unsigned not null auto_increment,/*主键*/
  primary key (id)
) engine=innodb default charset=utf8;

/*生成换电包时段订单id*/
create table hdg_packet_period_order_num_2019 (
  id int unsigned not null auto_increment,/*主键*/
  primary key (id)
) engine=innodb default charset=utf8;

/*生成换电包时段订单id*/
create table hdg_packet_period_order_num_2020 (
  id int unsigned not null auto_increment,/*主键*/
  primary key (id)
) engine=innodb default charset=utf8;

/*生成租车包时段订单id*/
create table zc_vehicle_period_order_num_2019 (
  id int unsigned not null auto_increment,/*主键*/
  primary key (id)
) engine=innodb default charset=utf8;

/*生成租车包时段订单id*/
create table zc_vehicle_period_order_num_2020 (
  id int unsigned not null auto_increment,/*主键*/
  primary key (id)
) engine=innodb default charset=utf8;

/*生成客户充值订单id*/
create table bas_customer_deposit_order_num_2019 (
  id int unsigned not null auto_increment,/*主键*/
  primary key (id)
) engine=innodb default charset=utf8;

/*生成客户充值订单id*/
create table bas_customer_deposit_order_num_2020 (
  id int unsigned not null auto_increment,/*主键*/
  primary key (id)
) engine=innodb default charset=utf8;

/*生成客户换电押金订单id*/
create table bas_customer_foregift_order_num_2019 (
  id int unsigned not null auto_increment,/*主键*/
  primary key (id)
) engine=innodb default charset=utf8;

/*生成客户换电押金订单id*/
create table bas_customer_foregift_order_num_2020 (
  id int unsigned not null auto_increment,/*主键*/
	primary key (id)
) engine=innodb default charset=utf8;

/*生成客户租车押金订单id*/
create table zc_vehicle_foregift_order_num_2019 (
  id int unsigned not null auto_increment,/*主键*/
  primary key (id)
) engine=innodb default charset=utf8;

/*生成客户租车押金订单id*/
create table zc_vehicle_foregift_order_num_2020 (
  id int unsigned not null auto_increment,/*主键*/
  primary key (id)
) engine=innodb default charset=utf8;

/*生成客户租车组合订单id*/
create table zc_group_order_num_2019 (
  id int unsigned not null auto_increment,/*主键*/
  primary key (id)
) engine=innodb default charset=utf8;

/*生成客户租车组合订单id*/
create table zc_group_order_num_2020 (
  id int unsigned not null auto_increment,/*主键*/
  primary key (id)
) engine=innodb default charset=utf8;

/*生成客户租车订单id*/
create table zc_vehicle_order_num_2019 (
  id int unsigned not null auto_increment,/*主键*/
  primary key (id)
) engine=innodb default charset=utf8;

/*生成客户租车订单id*/
create table zc_vehicle_order_num_2020 (
  id int unsigned not null auto_increment,/*主键*/
  primary key (id)
) engine=innodb default charset=utf8;

/*生成换电退租电池订单id*/
create table hdg_back_battery_order_num_2019 (
  id int unsigned not null auto_increment,/*主键*/
	primary key (id)
) engine=innodb default charset=utf8;

/*生成换电退租电池订单id*/
create table hdg_back_battery_order_num_2020 (
  id int unsigned not null auto_increment,/*主键*/
	primary key (id)
) engine=innodb default charset=utf8;

/*生成运营商充值订单id*/
create table bas_agent_deposit_order_num_2019 (
	id int unsigned not null auto_increment,/*主键*/
	primary key (id)
) engine=innodb default charset=utf8;

/*生成运营商充值订单id*/
create table bas_agent_deposit_order_num_2020 (
  id int unsigned not null auto_increment,/*主键*/
  primary key (id)
) engine=innodb default charset=utf8;

/*生成保险订单id*/
create table hdg_insurance_num_2019 (
	id int unsigned not null auto_increment,/*主键*/
	primary key (id)
) engine=innodb default charset=utf8;

/*生成保险订单id*/
create table hdg_insurance_num_2020 (
	id int unsigned not null auto_increment,/*主键*/
	primary key (id)
) engine=innodb default charset=utf8;

/*生成维护订单id*/
create table bas_keep_order_num_2019 (
	id int unsigned not null auto_increment,/*主键*/
	primary key (id)
) engine=innodb default charset=utf8;

/*生成维护订单id*/
create table bas_keep_order_num_2020 (
	id int unsigned not null auto_increment,/*主键*/
	primary key (id)
) engine=innodb default charset=utf8;

/*生成维护订单id*/
create table bas_customer_refund_order_num_2019 (
  id int unsigned not null auto_increment,/*主键*/
  primary key (id)
) engine=innodb default charset=utf8;

/*生成维护订单id*/
create table bas_customer_refund_order_num_2020 (
  id int unsigned not null auto_increment,/*主键*/
  primary key (id)
) engine=innodb default charset=utf8;

/*生成l拉新订单id*/
create table bas_laxin_record_num_2019 (
  id int unsigned not null auto_increment,/*主键*/
  primary key (id)
) engine=innodb default charset=utf8;

/*生成拉新订单id*/
create table bas_laxin_record_num_2020 (
  id int unsigned not null auto_increment,/*主键*/
  primary key (id)
) engine=innodb default charset=utf8;

/*生成l拉新订单id*/
create table bas_laxin_pay_order_num_2019 (
  id int unsigned not null auto_increment,/*主键*/
  primary key (id)
) engine=innodb default charset=utf8;

/*生成拉新订单id*/
create table bas_laxin_pay_order_num_2020 (
  id int unsigned not null auto_increment,/*主键*/
  primary key (id)
) engine=innodb default charset=utf8;

/*生成提现订单id*/
create table bas_withdraw_order_num_2019 (
  id int unsigned not null auto_increment,/*主键*/
  primary key (id)
) engine=innodb default charset=utf8;

/*生成提现订单id*/
create table bas_withdraw_order_num_2020 (
  id int unsigned not null auto_increment,/*主键*/
  primary key (id)
) engine=innodb default charset=utf8;

/*生成预约订单id*/
create table hdg_bespeak_order_num_2019 (
  id int unsigned not null auto_increment,/*主键*/
  primary key (id)
) engine=innodb default charset=utf8;

/*生成预约订单id*/
create table hdg_bespeak_order_num_2020 (
  id int unsigned not null auto_increment,/*主键*/
  primary key (id)
) engine=innodb default charset=utf8;

/*生成客户租电押金订单id*/
create table zd_rent_foregift_order_num_2019 (
  id int unsigned not null auto_increment,/*主键*/
  primary key (id)
) engine=innodb default charset=utf8;

/*生成客户租电押金订单id*/
create table zd_rent_foregift_order_num_2020 (
  id int unsigned not null auto_increment,/*主键*/
  primary key (id)
) engine=innodb default charset=utf8;

/*生成租电包时段订单id*/
create table zd_rent_period_order_num_2019 (
  id int unsigned not null auto_increment,/*主键*/
  primary key (id)
) engine=innodb default charset=utf8;

/*生成租电包时段订单id*/
create table zd_rent_period_order_num_2020 (
  id int unsigned not null auto_increment,/*主键*/
  primary key (id)
) engine=innodb default charset=utf8;

/*生成租电保险订单id*/
create table zd_rent_insurance_num_2019 (
  id int unsigned not null auto_increment,/*主键*/
  primary key (id)
) engine=innodb default charset=utf8;

/*生成租电保险订单id*/
create table zd_rent_insurance_num_2020 (
  id int unsigned not null auto_increment,/*主键*/
  primary key (id)
) engine=innodb default charset=utf8;

/*生成门店充值订单id*/
create table zd_shop_deposit_order_num_2019 (
  id int unsigned not null auto_increment,/*主键*/
  primary key (id)
) engine=innodb default charset=utf8;

/*生成门店充值订单id*/
create table zd_shop_deposit_order_num_2020 (
  id int unsigned not null auto_increment,/*主键*/
  primary key (id)
) engine=innodb default charset=utf8;

/*生成租电订单id*/
create table zd_rent_order_num_2019 (
  id int unsigned not null auto_increment,/*主键*/
  primary key (id)
) engine=innodb default charset=utf8;

/*生成租电订单id*/
create table zd_rent_order_num_2020 (
  id int unsigned not null auto_increment,/*主键*/
  primary key (id)
) engine=innodb default charset=utf8;

/*生成运营商押金充值订单id*/
create table bas_agent_foregift_deposit_order_num_2019 (
  id int unsigned not null auto_increment,/*主键*/
  primary key (id)
) engine=innodb default charset=utf8;

/*生成运营商押金充值订单id*/
create table bas_agent_foregift_deposit_order_num_2020 (
  id int unsigned not null auto_increment,/*主键*/
  primary key (id)
) engine=innodb default charset=utf8;

/*生成运营商押金提现订单id*/
create table bas_agent_foregift_withdraw_order_num_2019 (
  id int unsigned not null auto_increment,/*主键*/
  primary key (id)
) engine=innodb default charset=utf8;

/*生成运营商押金提现订单id*/
create table bas_agent_foregift_withdraw_order_num_2020 (
  id int unsigned not null auto_increment,/*主键*/
  primary key (id)
) engine=innodb default charset=utf8;

/*平台账户*/
create table bas_platform_account (
  id int unsigned not null,
  partner_name varchar(40), /*商户名称*/
  balance int not null, /*余额*/
  mp_account_name varchar(40), /*公众号账户名称*/
  mp_open_id varchar(40), /*公众号openId*/
  alipay_account_name varchar(40), /*支付宝账户名称*/
  alipay_account varchar(40), /*支付宝账户*/
  create_time datetime not null,
  primary key (id)
) engine=innodb default charset=utf8;

/*平台账户流水*/
create table bas_platform_account_in_out_money (
  id bigint unsigned not null auto_increment,/*主键*/
  platform_account_id int unsigned not null,
  biz_type tinyint not null, /*业务类型*/
  biz_id char(32), /*业务id*/
  type tinyint not null, /*类型 1 支出 2 收入*/
  money int not null, /*金额 按分计*/
  balance int not null, /*剩余金额 按分计*/
  operator varchar(60) not null, /*操作人*/
  create_time datetime not null, /*创建时间*/
  primary key (id)
) engine=innodb default charset=utf8;

/*系统配置*/
create table bas_system_config (
  id varchar(40),/*主键*/
  category_type tinyint,/*分类类型*/
  category_name varchar(40),/*分类名称*/
  config_name varchar(40),/*配置名称*/
  config_value varchar(10240),/*配置值*/
  is_read_only tinyint,/*是否只读*/
  is_show tinyint,/*是否显示*/
  value_type tinyint,/*值类型*/
  primary key (id)
) engine=innodb default charset=utf8;

/*地区区域*/
create table bas_area (
  id int unsigned not null auto_increment,/*主键*/
  area_level tinyint,/*区域级别*/
  area_code char(6),/*区域代码*/
  area_name varchar(20),/*区域名称*/
  parent_id int unsigned,/*上级id*/
  letter char(1),/*字母*/
  baidu_id int unsigned,/*百度id*/
  longitude double,/*经度*/
  latitude double,/*纬度*/
  primary key (id)
) engine=innodb default charset=utf8;

/*字典分类*/
create table bas_dict_category (
  id int unsigned not null,/*主键*/
  category_name varchar(40) not null,/*字典名称*/
  order_num int not null, /*排序号*/
  value_type tinyint not null, /*1 数字 2 文字*/
  primary key (id)
) engine=innodb default charset=utf8;

/*字典项目*/
create table bas_dict_item (
  id int unsigned not null auto_increment,/*主键*/
  category_id int unsigned not null,/*字典分类*/
  item_name varchar(40) not null,/*列表名*/
  item_value varchar(40) not null,/*列表值*/
  order_num int not null, /*排序号*/
  primary key (id)
) engine=innodb default charset=utf8;

/*商户*/
create table bas_partner (
  id int unsigned not null auto_increment,
  partner_name varchar(40), /*商户名称*/
  mp_app_name varchar(40),
  mp_app_id varchar(40),
  mp_app_secret varchar(40),
  mp_partner_code varchar(40),
  mp_partner_key varchar(40),
  ma_app_name varchar(40),
  ma_app_id varchar(40),
  ma_app_secret varchar(40),
  ma_partner_code varchar(40),
  ma_partner_key varchar(40),
  fw_app_name varchar(40),
  fw_app_id varchar(40),
  fw_pub_key varchar(2048),
  fw_pri_key varchar(2048),
  fw_ali_key varchar(2048),
  alipay_name varchar(40),
  alipay_app_id varchar(40),
  alipay_pub_key varchar(2048),
  alipay_pri_key varchar(2048),
  alipay_ali_key varchar(2048),
  weixin_name varchar(40),
  weixin_app_id varchar(40),
  weixin_partner_code varchar(40),
  weixin_partner_key varchar(40),
  create_time datetime not null,
  primary key (id)
) engine=innodb default charset=utf8;

/*商户账户流水*/
create table bas_partner_in_out_money (
  id bigint unsigned not null auto_increment,/*主键*/
  partner_type tinyint not null, /*商户账户类型 1 公众号商户 2 生活号商户 3 微信商户 4 支付宝*/
  partner_id int unsigned not null,
  biz_type tinyint not null, /*业务类型*/
  biz_id char(32), /*业务id*/
  type tinyint not null, /*类型 1 支出 2 收入*/
  money int not null, /*金额 按分计*/
  operator varchar(60) not null, /*操作人*/
  create_time datetime not null, /*创建时间*/
  primary key (id)
) engine=innodb default charset=utf8;

/*公众号配置*/
create table bas_weixinmp (
  id int unsigned not null auto_increment,
  partner_id int unsigned not null,
  app_name varchar(40),
  app_id varchar(40),
  weixin_id varchar(40),
  app_secret varchar(40),
  partner_code varchar(40), /*商户编号*/
  partner_key varchar(40),
  subscribe_url varchar(256),
  system_tel varchar(40),
  logo_path varchar(256),
  page_type tinyint not null, /*1 默认 2 定制*/
  auth_type tinyint not null, /*1 自动认证 2 人工认证*/
  attention_image_path varchar(120), /*关注图片*/
  logo_image_path varchar(120), /*logo图片*/
  create_time datetime not null,
  primary key (id)
) engine=innodb default charset=utf8;

/*小程序配置*/
create table bas_weixinma (
  id int unsigned not null auto_increment,
  partner_id int unsigned not null,
  app_name varchar(40),
  app_id varchar(40),
  app_secret varchar(40),
  partner_code varchar(40), /*商户编号*/
  partner_key varchar(40),
  subscribe_url varchar(256),
  system_tel varchar(40),
  logo_path varchar(256),
  page_type tinyint not null, /*1 默认 2 定制*/
  auth_type tinyint not null, /*1 自动认证 2 人工认证*/
  logo_image_path varchar(120), /*logo图片*/
  create_time datetime not null,
  primary key (id)
) engine=innodb default charset=utf8;


/*生活号配置*/
create table bas_alipayfw (
  id int unsigned not null auto_increment,
  partner_id int unsigned not null,
  app_name varchar(40),
  app_id varchar(40),
  pub_key varchar(2048),
  pri_key varchar(2048),
  ali_key varchar(2048),
  alipay_id varchar(40),
  attention_image_path varchar(120),
  logo_image_path varchar(120),
  userinfo_version tinyint not null, /*内容 1 2*/
  subscribe_url varchar(256),
  system_tel varchar(40),
  logo_path varchar(256),
  page_type tinyint not null, /*1 默认 2 定制*/
  auth_type tinyint not null, /*1 自动认证 2 人工认证*/
  create_time datetime not null,
  primary key (id)
) engine=innodb default charset=utf8;

/*手机端配置*/
create table bas_phoneapp (
  id int unsigned not null auto_increment,
  partner_id int unsigned not null,
  app_name varchar(40),
  system_tel varchar(40),
  logo_image_path varchar(120),
  auth_type tinyint not null, /*1 自动认证 2 人工认证*/
  create_time datetime not null,
  primary key (id)
) engine=innodb default charset=utf8;

/*运营商*/
create table bas_agent (
  id int unsigned not null auto_increment,/*主键*/
  partner_id int unsigned not null,
  parent_id int unsigned, /*上级运营商*/
  agent_name varchar(60), /*运营商名称*/
  agent_code varchar(40), /*运营商编号*/
  order_num int not null, /*序号*/
  memo varchar(120), /*备注*/
  is_active tinyint not null,/*是否启用*/
  balance_status tinyint not null, /*结算状态*/
  balance int unsigned not null, /*运营商资金 分*/
  foregift_balance int unsigned not null, /*运营商押金余额*/
  foregift_remain_money int not null, /*运营商预留金额*/
  foregift_balance_ratio int, /*当前押金余额比例*/
  zd_foregift_balance int unsigned not null, /*运营商押金余额*/
  zd_foregift_remain_money int not null, /*运营商预留金额*/
  zd_foregift_balance_ratio int, /*当前押金余额比例*/
  province_id int unsigned, /*省份id*/
  city_id int unsigned, /*城市id*/
  district_id int unsigned, /*区id*/
  street varchar(120),/*街道*/
  linkman varchar(40), /*联系人*/
  tel varchar(40), /*联系电话*/
  is_independent tinyint,/*是否独立用户 用户的押金租金自己收取，调用我们的柜子换电*/
  province_agent_id int unsigned, /*省级*/
  city_agent_id int unsigned, /*市级*/
  grade int unsigned, /*运营商级别 0 无 1 区级 2 市级 3 省级*/
  weixinmp_id int unsigned, /*公众号id*/
  weixinma_id int unsigned, /*小程序id*/
  alipayfw_id int unsigned, /*生活号id*/
  phoneapp_id int unsigned, /*手机app*/
  is_exchange tinyint not null,/*支持换电 0否 1是*/
  is_rent tinyint not null,/*支持租电 0否 1是*/
  is_vehicle tinyint not null,/*支持租车 0否 1是*/
  pay_people_mobile char(11),
  pay_people_name varchar(40),
  pay_people_mp_open_id varchar(40),
  pay_people_fw_open_id varchar(40),
  pay_password varchar(40), /*提现支付密码*/
  create_time datetime not null, /*创建时间*/
  primary key (id)
) engine=innodb default charset=utf8;

/*运营商押金提现*/
create table bas_agent_foregift_withdraw_order (
  id char(32) not null,
  category tinyint not null, /*1 换电 2 租电*/
  partner_id int unsigned not null, /*商户id*/
  agent_id int unsigned,
  agent_name varchar(40),
  agent_code varchar(40),
  account_type tinyint not null, /*1 公众号 2 支付宝 3 余额*/
  account_name varchar(40), /*姓名*/
  weixin_account varchar(40), /*微信账户 一般是openid*/
  alipay_account varchar(40), /*支付宝账户 支付宝账户*/
  money int not null, /*提现金额*/
  real_money int not null, /*实提金额*/
  service_money int not null, /*手续费*/
  status tinyint not null, /*1待审核 2 审核成功 3 审核失败 4 提现成功 5 提现失败*/
  status_message varchar(800), /*提示消息*/
  audit_time datetime, /*审核时间*/
  handle_time datetime, /*处理时间*/
  cancel_time datetime, /*取消时间*/
  audit_user varchar(40), /*处理人*/
  audit_memo varchar(40), /*处理人意见*/
  create_time datetime not null,
  operator varchar(60) not null, /*操作人*/
  primary key (id)
) engine=innodb default charset=utf8;

/*运营商押金充值*/
create table bas_agent_foregift_deposit_order (
  id varchar(32) not null,/*主键*/
  category tinyint not null, /*1 换电 2 租电*/
  partner_id int unsigned not null,
  agent_id int unsigned not null,
  agent_name varchar(40),
  agent_code varchar(40),
  money int unsigned not null, /*充值金额 按分计*/
  status tinyint not null, /*1 未支付 2 已支付*/
  handle_time datetime, /*支付时间*/
  pay_type tinyint not null, /*支付类型*/
  operator varchar(40), /*操作人*/
  create_time datetime not null, /*创建时间*/
  primary key (id)
) engine=innodb default charset=utf8;

/*运营商系统配置*/
create table bas_agent_system_config (
  id varchar(40),/*主键*/
  agent_id int unsigned not null,
  category_type tinyint,/*分类类型*/
  category_name varchar(40),/*分类名称*/
  config_name varchar(40),/*配置名称*/
  config_value varchar(10240),/*配置值*/
  is_read_only tinyint,/*是否只读*/
  is_show tinyint,/*是否显示*/
  value_type tinyint,/*值类型*/
  primary key(agent_id, id)
) engine=innodb default charset=utf8;

/*运营商押金流水表*/
create table bas_agent_foregift_in_out_money (
  id bigint unsigned not null auto_increment,/*主键*/
  agent_id int unsigned not null, /*运营商id*/
  category tinyint not null, /*1 换电 2 租电*/
  biz_type tinyint not null, /*业务类型*/
  biz_id char(32), /*业务id*/
  type tinyint not null, /*类型 1 支出 2 收入*/
  money int not null, /*金额 按分计*/
  balance int not null, /*剩余金额 按分计*/
  remain_money int not null, /*剩余金额 按分计*/
  ratio int not null, /*余额比例*/
  operator varchar(60) not null, /*操作人*/
  create_time datetime not null, /*创建时间*/
  primary key (id)
) engine=innodb default charset=utf8;

/*运营商收入支出表 日结确认后生成一条流水 一天一条*/
create table bas_agent_in_out_money (
  id bigint unsigned not null auto_increment,/*主键*/
  agent_id int unsigned not null, /*运营商id*/
  biz_type tinyint not null, /*业务类型*/
  biz_id char(32), /*业务id*/
  type tinyint not null, /*类型 1 支出 2 收入*/
  money int not null, /*金额 按分计*/
  balance int not null, /*剩余金额 按分计*/
  operator varchar(60), /*操作人*/
  create_time datetime not null, /*创建时间*/
  primary key (id)
) engine=innodb default charset=utf8;

/*用户表*/
create table bas_user (
  id bigint unsigned not null auto_increment,/*主键*/
  agent_id int unsigned,/*运营商id*/
  shop_id char(12), /*门店id*/
  shop_role_id int unsigned, /*门店角色id*/
  station_id char(12), /*站点id*/
  station_role_id int unsigned, /*门店角色id*/
  estate_id int unsigned, /*物业id*/
  agent_company_id char(12), /*运营公司id*/
  agent_company_role_id int unsigned, /*运营公司角色id*/
  role_id int unsigned, /*角色id*/
  nickname varchar(40), /*昵称*/
  province_id int unsigned,
  city_id int unsigned,
  district_id int unsigned,
  login_name varchar(60) not null, /*登录名称*/
  password varchar(60) not null, /*密码*/
  fullname varchar(60) not null, /*姓名*/
  photo_path varchar(120), /*头像路径*/
  gender tinyint, /*性别*/
  is_active tinyint not null, /*是否启用 1 0*/
  is_admin tinyint not null,/*是否是管理员*/
  is_protected tinyint not null, /*1 受保护的 0 不受保护*/
  account_type tinyint not null, /*账号类型 1 平台用户 2 运营商用户 3 门店用户 4.运营公司用户 5 物业用户 6 站点用户 7 拓展人员*/
  is_push tinyint, /*是否 推送消息 1 推送 0 不推送*/
  address varchar(120), /*地址*/
  mobile char(11), /*手机号*/
  memo varchar(120), /*备注*/
  create_time datetime not null, /*创建时间*/
  last_login_time datetime,/*最后登录时间*/
  push_type tinyint,/*推送类型*/
  push_token varchar(80),/*推送token*/
  dept_id smallint unsigned,/*部门id*/
  primary key (id),
  unique index idx_user_login_name (login_name, account_type)
) engine=innodb default charset=utf8;

/*用户表(新版)*/
create table bas_person (
  id bigint unsigned not null auto_increment,/*主键*/
  agent_id int unsigned,/*运营商id*/
  mobile char(11) not null, /*手机号*/
  password varchar(60) not null, /*密码*/
  fullname varchar(60) not null, /*姓名*/
  photo_path varchar(120), /*头像路径*/
  gender tinyint, /*性别*/
  is_active tinyint not null, /*是否启用 1 0*/
  is_admin tinyint not null,/*是否是管理员*/
  is_protected tinyint not null, /*1 受保护的 0 不受保护*/
  is_push tinyint, /*是否 推送消息 1 推送 0 不推送*/
  memo varchar(120), /*备注*/
  create_time datetime not null, /*创建时间*/
  last_login_time datetime,/*最后登录时间*/
  primary key (id),
  unique index idx_person_mobile (mobile)
) engine=innodb default charset=utf8;

/*角色(新版)*/
create table bas_part (
  id int unsigned not null auto_increment,/*主键*/
  part_name varchar(60), /*角色名称*/
  agent_id int unsigned,/*运营商id*/
  mobile char(11) not null, /*手机号*/
  part_type tinyint not null, /*1.平台用户 2.运营商用户 3.门店用户 4.运营公司用户 5.物业公司用户 6.站点用户 7.站点拓展人员用户 8.发货员用户 10.拉新用户*/
  memo varchar(120), /*备注*/
  create_time datetime not null, /*创建时间*/
  primary key (id)
) engine=innodb default charset=utf8;

/*角色模板*/
create table bas_part_model (
  id int unsigned not null auto_increment,/*主键*/
  part_model_name varchar(60), /*角色模板名称*/
  part_model_type tinyint not null, /*1.平台用户角色模板 2.运营商用户角色模板 3.门店用户角色模板 4.运营公司用户角色模板 5.物业公司用户角色模板 6.站点用户角色模板 7.站点拓展人员用户角色模板 8.发货员用户角色模板 10.拉新用户角色模板*/
  agent_id int unsigned,/*运营商id*/
  shop_id char(12), /*门店id*/
  agent_company_id char(12), /*运营公司id*/
  estate_id int unsigned, /*物业id*/
  station_id char(12), /*站点id*/
  memo varchar(120), /*备注*/
  create_time datetime not null, /*创建时间*/
  primary key (id)
) engine=innodb default charset=utf8;

/*部门*/
create table bas_dept (
  id smallint unsigned not null auto_increment,/*主键*/
  agent_id int unsigned,/*运营商id*/
  dept_name varchar(40),/*部门名称*/
  parent_id smallint unsigned,/*上级id*/
  memo varchar(20),/*备注*/
  create_time datetime not null,/*创建时间*/
  primary key (id)
) engine=innodb default charset=utf8;

/*角色*/
create table bas_role (
  id int unsigned not null auto_increment,/*主键*/
  role_name varchar(60), /*角色名称*/
  agent_id int unsigned, /*运营商id*/
  memo varchar(120), /*备注*/
  create_time datetime, /*创建时间*/
  primary key (id)
) engine=innodb default charset=utf8;

/*菜单表*/
create table bas_menu (
  id varchar(100) not null,/*主键*/
  menu_name varchar(100) not null, /*菜单名称*/
  parent_id varchar(100), /*上级菜单*/
  menu_pos smallint, /*上级菜单*/
  primary key(id)
) engine=innodb default charset=utf8;

/*操作权限表*/
create table bas_perm (
  id char(100) not null, /*操作代码*/
  perm_name varchar(100) not null, /*操作名称*/
  depend varchar(100), /*依赖操作*/
  menu_id varchar(100) not null, /*菜单id*/
  order_num tinyint not null,/*排序号*/
  primary key(id)
) engine=innodb default charset=utf8;

/*角色操作表*/
create table bas_role_perm (
  role_id int unsigned not null, /*角色id*/
  perm_id char(100) not null, /*操作id*/
  primary key(role_id, perm_id)
) engine=innodb default charset=utf8;

/*角色操作表(新版)*/
create table bas_part_perm (
  part_id int unsigned not null, /*角色id*/
  perm_id char(100) not null, /*操作id*/
  primary key(part_id, perm_id)
) engine=innodb default charset=utf8;

/*菜单表*/
create table bas_agent_menu (
  id varchar(70) not null,/*主键*/
  client_type tinyint not null, /*1 PC端 2 H5端*/
  menu_name varchar(10) not null, /*菜单名称*/
  parent_id varchar(70), /*上级菜单*/
  menu_pos smallint, /*上级菜单*/
  primary key(id)
) engine=innodb default charset=utf8;

/*操作权限表*/
create table bas_agent_perm (
  id char(70) not null, /*操作代码*/
  client_type tinyint not null, /*1 PC端 2 H5端*/
  perm_name varchar(10) not null, /*操作名称*/
  depend varchar(40), /*依赖操作*/
  menu_id varchar(70) not null, /*菜单id*/
  order_num tinyint not null,/*排序号*/
  primary key(id)
) engine=innodb default charset=utf8;

/*角色操作表*/
create table bas_agent_role_perm (
  role_id int unsigned not null, /*角色id*/
  perm_id char(70) not null, /*操作id*/
  primary key(role_id, perm_id)
) engine=innodb default charset=utf8;

/*门店角色*/
create table bas_shop_role (
  id int unsigned not null auto_increment,/*主键*/
  role_name varchar(60), /*角色名称*/
  shop_id char(12), /*门店id*/
  memo varchar(120), /*备注*/
  create_time datetime, /*创建时间*/
  primary key (id)
) engine=innodb default charset=utf8;

/*菜单表*/
create table bas_shop_menu (
  id varchar(70) not null,/*主键*/
  menu_name varchar(10) not null, /*菜单名称*/
  parent_id varchar(70), /*上级菜单*/
  menu_pos smallint, /*上级菜单*/
  primary key(id)
) engine=innodb default charset=utf8;

/*操作权限表*/
create table bas_shop_perm (
  id char(70) not null, /*操作代码*/
  perm_name varchar(10) not null, /*操作名称*/
  depend varchar(40), /*依赖操作*/
  menu_id varchar(70) not null, /*菜单id*/
  order_num tinyint not null,/*排序号*/
  primary key(id)
) engine=innodb default charset=utf8;

/*角色操作表*/
create table bas_shop_role_perm (
  role_id int unsigned not null, /*角色id*/
  perm_id char(70) not null, /*操作id*/
  primary key(role_id, perm_id)
) engine=innodb default charset=utf8;


/*站点角色*/
create table bas_station_role (
  id int unsigned not null auto_increment,/*主键*/
  role_name varchar(60), /*角色名称*/
  station_id char(12), /*站点id*/
  memo varchar(120), /*备注*/
  create_time datetime, /*创建时间*/
  primary key (id)
) engine=innodb default charset=utf8;

/*菜单表*/
create table bas_station_menu (
  id varchar(70) not null,/*主键*/
  menu_name varchar(10) not null, /*菜单名称*/
  parent_id varchar(70), /*上级菜单*/
  menu_pos smallint, /*上级菜单*/
  primary key(id)
) engine=innodb default charset=utf8;

/*操作权限表*/
create table bas_station_perm (
  id char(70) not null, /*操作代码*/
  perm_name varchar(10) not null, /*操作名称*/
  depend varchar(40), /*依赖操作*/
  menu_id varchar(70) not null, /*菜单id*/
  order_num tinyint not null,/*排序号*/
  primary key(id)
) engine=innodb default charset=utf8;

/*角色操作表*/
create table bas_station_role_perm (
  role_id int unsigned not null, /*角色id*/
  perm_id char(70) not null, /*操作id*/
  primary key(role_id, perm_id)
) engine=innodb default charset=utf8;

/*运营公司角色*/
create table bas_agent_company_role (
  id int unsigned not null auto_increment,/*主键*/
  role_name varchar(60), /*角色名称*/
  agent_company_id char(12), /*运营公司id*/
  memo varchar(120), /*备注*/
  create_time datetime, /*创建时间*/
  primary key (id)
) engine=innodb default charset=utf8;

/*菜单表*/
create table bas_agent_company_menu (
  id varchar(70) not null,/*主键*/
  menu_name varchar(10) not null, /*菜单名称*/
  parent_id varchar(70), /*上级菜单*/
  menu_pos smallint, /*上级菜单*/
  primary key(id)
) engine=innodb default charset=utf8;

/*操作权限表*/
create table bas_agent_company_perm (
  id char(70) not null, /*操作代码*/
  perm_name varchar(10) not null, /*操作名称*/
  depend varchar(40), /*依赖操作*/
  menu_id varchar(70) not null, /*菜单id*/
  order_num tinyint not null,/*排序号*/
  primary key(id)
) engine=innodb default charset=utf8;

/*角色操作表*/
create table bas_agent_company_role_perm (
  role_id int unsigned not null, /*角色id*/
  perm_id char(70) not null, /*操作id*/
  primary key(role_id, perm_id)
) engine=innodb default charset=utf8;

/*客户表*/
create table bas_customer (
  id bigint unsigned not null auto_increment,/*主键*/
  partner_id int unsigned, /*系统id*/
  agent_id int unsigned, /*运营商id*/
  agent_company_id char(12), /*运营公司id*/
  mobile char(11), /*手机号*/
  password varchar(40), /*密码*/
  balance bigint not null, /*余额*/
  gift_balance bigint not null, /*虚拟余额*/
  photo_path varchar(120), /*照片路径*/
  nickname varchar(40), /*昵称*/
  fullname varchar(40), /*姓名*/
  ic_card varchar(40), /*卡号*/
  id_card varchar(40), /*身份证卡号*/
  is_active tinyint not null, /*是否启用*/
  register_type tinyint not null, /*注册类型：1 微信 2 app 3 web 4 alipay*/
  push_type tinyint, /*推送类型*/
  push_token varchar(80), /*推送token*/
  province_id int unsigned,/*省*/
  city_id int unsigned,/*市*/
  district_id int unsigned,/*区*/
  wx_open_id varchar(40), /*微信openId*/
  mp_open_id varchar(40),/*公众号openid*/
  ma_open_id varchar(40),/*小程序openid*/
  fw_open_id varchar(40),/*生活号openid*/
  login_token varchar(40),/*登录token*/
  mp_login_token varchar(40),/*公众号登录token*/
  fw_login_token varchar(40),/*生活号登录token*/
  login_time datetime,/*登录时间*/
  id_card_face varchar(120),
  id_card_rear varchar(120),
  face_path1 varchar(120),
  face_path2 varchar(120),
  face_path3 varchar(120),
  auth_face_path varchar(120),
  id_card_auth_record_status tinyint, /*1 未生成 2 已生成 3 免缴*/
  hd_refund_status tinyint, /*换电申请退款状态 0 正常 1 申请退款中*/
  zd_refund_status tinyint, /*租电申请退款状态 0 正常 1 申请退款中*/
  hd_foregift_status tinyint not null, /*换电押金状态1 未交 2 已交 3 已退*/
  zd_foregift_status tinyint not null, /*租电押金状态1 未交 2 已交 3 已退*/
  login_type tinyint, /*登录类型*/
  is_white_list tinyint default 0, /*是否白名单客户 0否 1是 */
  pay_password varchar(40), /*支付密码*/
  alipay_account varchar(40), /*支付宝提现账户*/
  belong_cabinet_id char(12), /*归属终端*/
  laxin_mobile char(11), /*拉新人手机号*/
  laxin_fullname varchar(40), /*拉新人姓名*/
  auth_status tinyint not null, /*1 未认证 2 自动认证未通过 3 审核中 4 审核通过 5 审核未通过 */
  auth_message  varchar(120), /* 认证审核信息 */
  low_volume_count int, /*低电量语音剩余次数*/
  give_time datetime, /*上次赠送时间*/
  create_time datetime not null,/*创建时间*/
  primary key (id),
  unique index idx_partner_id_mobile (partner_id, mobile),
  index idx_partner_id_mp_open_id (partner_id, mp_open_id),
  index idx_partner_id_fw_open_id (partner_id, fw_open_id),
  index idx_partner_id_id_card (partner_id, id_card)
) engine=innodb default charset=utf8;

/*客户白名单*/
create table bas_customer_whitelist (
  id int unsigned not null auto_increment,/*主键*/
  partner_id int unsigned not null, /*平台Id*/
  agent_id int unsigned not null, /*运营商Id*/
  agent_name varchar(40), /*运营商名称*/
  mobile char(11), /*手机号*/
  memo varchar(40), /*备注*/
  create_time datetime not null,
  primary key (id),
  unique index idx_customer_id (agent_id, mobile)
) engine=innodb default charset=utf8;


/*身份证认证记录*/
create table bas_id_card_auth_record (
  id bigint unsigned not null auto_increment,/*主键*/
  agent_id int unsigned not null, /*运营商Id*/
  agent_name varchar(40), /*运营商名称*/
  agent_code varchar(40), /*运营商代码*/
  customer_id bigint unsigned not null, /*客户id*/
  mobile char(11), /*手机号*/
  fullname varchar(40), /*姓名*/
  money int not null, /*金额*/
  status tinyint not null, /*1 未支付 2 已支付*/
  pay_type tinyint,
  pay_time datetime,
  material_day_stats_id bigint,/*运营商材料日统计id*/
  create_time datetime not null, /*创建时间*/
  primary key (id),
  index idx_mobile (mobile),
  index idx_agent_id_create_time (agent_id, create_time),
  index idx_create_time (create_time)
) engine=innodb default charset=utf8;

/*客户关联换电信息*/
create table bas_customer_exchange_info (
  id bigint unsigned not null,/*主键 bas_customer的外键*/
  agent_id int unsigned not null,
  battery_type tinyint, /*电池型号*/
  foregift int unsigned not null, /*电池押金*/
  foregift_order_id char(32), /*押金订单id*/
  error_message varchar(40), /*换电错误消息*/
  error_time datetime, /*换电出现错误的时间*/
  balance_cabinet_id char(12), /*结算的柜子id*/
  balance_shop_id char(12), /*结算的门店id*/
  balance_station_id char(12), /*结算的站点id*/
  vehicle_foregift_flag tinyint, /*交过租车押金标志 1 是 0 否*/
  create_time datetime not null,/*创建时间*/
  primary key (id),
  index idx_customer_exchange_agent_id (agent_id),
  index idx_customer_balance_cabinet_id (balance_cabinet_id)
) engine=innodb default charset=utf8;

/*客户运营商余额表*/
create table bas_customer_agent_balance (
  customer_id bigint unsigned not null,
  agent_id int unsigned not null,
  agent_name varchar(60),
  agent_code varchar(40), /*运营商编号*/
  agent_balance int not null,
  primary key(customer_id, agent_id)
) engine=innodb default charset=utf8;

/*客户关联换电电池信息*/
create table bas_customer_exchange_battery (
  id bigint unsigned not null auto_increment,/*主键*/
  customer_id bigint unsigned not null,
  agent_id int unsigned,
  battery_id char(80), /*电池编号*/
  battery_type tinyint, /*电池类型*/
  battery_order_id char(32), /*电池订单id*/
  back_battery_order_id char(32), /*退租电池订单*/
  create_time datetime not null,/*创建时间*/
  primary key (id),
  index idx_customer_hd_battery_customer_id (customer_id, battery_id)
) engine=innodb default charset=utf8;

create table hdg_bespeak_order (
  id varchar(32) not null,/*主键*/
  partner_id int unsigned not null, /*平台id*/
  agent_id int unsigned not null,
  agent_name varchar(40),
  agent_code varchar(40),
  customer_id bigint unsigned not null, /*客户id*/
  customer_mobile char(11) not null,/*客户手机*/
  customer_fullname varchar(40),/*客户名称*/
  bespeak_cabinet_id char(12) not null,
  bespeak_cabinet_name varchar(40),
  bespeak_box_num char(10) not null,/*格子编号*/
  bespeak_battery_id varchar(40) not null,
  take_cabinet_id char(12),
  take_cabinet_name varchar(40),
  take_box_num char(10),/*格子编号*/
  take_battery_id varchar(40),
  take_time datetime, /*取出时间*/
  cancel_time datetime, /*取消时间*/
  expire_time datetime, /*过期时间*/
  status tinyint not null, /*1 预约成功 2 已取出 3 他柜取出 4 已取消 5 已过期*/
  vehicle_order_flag tinyint default 0, /*是否是通过租车流程产生的订单 1 是 0 否*/
  create_time datetime not null,
  primary key (id),
  index customer_id (customer_id),
  index idx_customer_id_status (customer_id, status)
) engine=innodb default charset=utf8;

/*站点动态码客户*/
create table hdg_cabinet_dynamic_code_customer (
  cabinet_id char(12) not null, /*换电柜id*/
  customer_id bigint unsigned not null,
  primary key (cabinet_id, customer_id)
) engine=innodb default charset=utf8;

/*客户收入支出表*/
create table bas_customer_in_out_money (
  id bigint unsigned not null auto_increment,/*主键*/
  customer_id bigint unsigned not null, /*客户id*/
  biz_type tinyint not null, /*业务类型*/
  biz_id varchar(32) not null, /*订单id*/
  type tinyint not null, /*类型 1 支出 2 收入*/
  money int not null, /*金额 按分计*/
  balance int not null, /*剩余金额 按分计*/
  status_info varchar(40), /*状态信息*/
  create_time datetime not null, /*创建时间*/
  primary key (id),
  index idx_biz_type_biz_id (biz_type, biz_id)
) engine=innodb default charset=utf8;

/*客户充值*/
create table bas_customer_deposit_order (
  id varchar(32) not null,/*主键*/
  partner_id int unsigned not null, /*平台id*/
  money int unsigned not null, /*充值金额 按分计*/
  gift int unsigned not null, /*优惠金额 按分计*/
  customer_id bigint unsigned not null, /*客户id*/
  customer_mobile char(11) not null,/*客户手机*/
  customer_fullname varchar(40),/*客户名称*/
  status tinyint not null, /*1 未处理 2 已处理*/
  handle_time datetime, /*处理时间*/
  memo varchar(200),/*创建时间*/
  pay_type tinyint not null, /*支付类型*/
  client_type tinyint not null, /*客户端类型*/
  refund_time datetime, /*退款时间*/
  refund_money int unsigned, /*退款金额*/
  refund_photo varchar(120), /*退款照片*/
  refund_operator varchar(40), /*退款人*/
  refund_reason varchar(40), /*退款原因*/
  create_time datetime not null, /*创建时间*/
  primary key (id)
) engine=innodb default charset=utf8;

/*充值套餐*/
create table bas_customer_deposit_gift (
  partner_id int unsigned not null,
  money int unsigned not null, /*充值多少元*/
  gift int unsigned not null, /*赠送多少元*/
  primary key (partner_id, money)
) engine=innodb default charset=utf8;

/*客户余额扣款*/
create table bas_customer_balance_deduct (
  id bigint unsigned not null auto_increment,
  partner_id int unsigned not null, /*平台id*/
  customer_id bigint unsigned not null,/*客户id*/
  mobile char(11), /*客户手机号*/
  fullname varchar(40), /*客户昵称*/
  money int not null, /*金额*/
  handler_name varchar(40) not null, /*操作人*/
  memo varchar(200), /*备注*/
  create_time datetime not null, /*创建时间*/
  primary key (id)
) engine=innodb default charset=utf8;

/*优惠券赠送*/
create table bas_customer_coupon_ticket_gift (
  id bigint unsigned not null auto_increment,
  agent_id int unsigned, /*运营商id*/
  category tinyint not null, /*类型 1 换电 2 租电 3 租车*/
  type tinyint not null, /*赠送类型*/
  pay_count int, /*购买天数*/
  day_count int not null, /*有效天数*/
  money int not null, /*金额*/
  wages_day char(5), /*工资日*/
  is_active tinyint not null, /*是否启用 1 启用 0 不启用*/
  primary key(id)
) engine=innodb default charset=utf8;

/*优惠券*/
create table bas_customer_coupon_ticket (
  id bigint unsigned not null auto_increment,/*主键*/
  partner_id int unsigned not null,
  category tinyint not null, /*类型 1 换电 2 租电 3 租车*/
  agent_id int unsigned, /*运营商id*/
  ticket_name varchar(20) not null,/*优惠券名称*/
  ticket_type tinyint not null, /*优惠券类型 1 押金券 2 租金券 3 电池抵扣券*/
  give_type tinyint not null, /*赠送类型*/
  source_id varchar(32), /*订单id*/
  source_type tinyint, /*订单类型*/
  money int not null, /*优惠金额 按分计*/
  status tinyint not null, /*1 未使用 2 已使用 3 已过期*/
  use_time datetime, /*使用时间*/
  begin_time datetime not null,/*开始时间*/
  expire_time datetime not null,/*过期时间*/
  customer_mobile char(11) not null,/*客户手机*/
  memo varchar(40), /*备注*/
  operator varchar(40), /*操作人*/
  create_time datetime not null,/*创建时间*/
  primary key (id),
  index idx_mobile (customer_mobile)
) engine=innodb default charset=utf8;

/*工资日优惠券赠送配置*/
create table bas_wages_day_ticket_gift (
  id bigint unsigned not null auto_increment,
  agent_id int unsigned, /*运营商id*/
  category tinyint not null, /*类型 1 换电 2 租电*/
  ticket_gift_id tinyint not null, /*优惠券配置id*/
  customer_mobile char(11) not null,/*客户手机*/
  primary key(id)
) engine=innodb default charset=utf8;

/*客户退款记录表*/
create table bas_customer_refund_record (
  id bigint unsigned not null auto_increment,/*主键*/
  partner_id int unsigned not null,
  agent_id int unsigned not null,
  agent_name varchar(40),
  agent_code varchar(40),
  order_id char(32) not null, /*订单id*/
  customer_id bigint unsigned not null, /*客户id*/
  mobile char(11) not null, /*客户手机号*/
  fullname varchar(40) not null, /*客户姓名*/
  source_type tinyint not null, /*源类型 1 换电押金订单 2 换电租金订单 3 换电保险订单 4 租押金订单 5 租电租金订单 6 租电保险订单*/
  source_id varchar(32) not null, /*源单id*/
  refund_money int not null, /*退款金额 按分计*/
  refund_time datetime, /*退款时间*/
  money_info varchar(256), /*金额信息*/
  status tinyint not null, /*1 审核中 2 退款完成 3 退款失败 4 已取消*/
  create_time datetime not null, /*创建时间*/
  refund_type tinyint, /*退款方式 1 原路退回 2 退款到客户余额*/
  pt_pay_order_id char(32), /*平台支付单号*/
  cancel_time datetime, /*取消时间*/
  primary key (id)
) engine=innodb default charset=utf8;

/*用户指南*/
create table bas_customer_guide (
  id int unsigned not null auto_increment,
  name varchar(40) not null /*指南名称*/,
  parent_id int unsigned, /*类型*/
  primary key(id)
) engine=innodb default charset=utf8;

/*意见反馈*/
create table bas_feedback (
  id bigint unsigned not null auto_increment,/*主键*/
  partner_id int unsigned not null,
  customer_id bigint unsigned not null, /*客户id*/
  customer_mobile char(11) not null, /*客户手机*/
  customer_fullname varchar(40), /*客户名称*/
  content varchar(256), /*反馈内容*/
  photo_path varchar(120), /*图片地址*/
  create_time datetime not null, /*创建时间*/
  primary key (id)
) engine=innodb default charset=utf8;

/*系统电池类型*/
create table bas_system_battery_type (
  id tinyint not null auto_increment,/*主键*/
  type_name varchar(40) not null, /*类型名称*/
  is_active tinyint not null, /*是否启用*/
  memo varchar(256), /*备注*/
  rated_voltage int not null, /*额定电压 毫伏 显示出来要除以1000*/
  rated_capacity int not null, /*额定容量 毫安 显示出来要除以1000*/
  create_time datetime not null,
  primary key (id)
) engine=innodb default charset=utf8;

/*运营商电池类型*/
create table bas_agent_battery_type (
  agent_id int unsigned not null,
  battery_type tinyint not null, /*电池类型*/
  type_name varchar(40) not null, /*类型名称*/
  primary key (agent_id, battery_type)
) engine=innodb default charset=utf8;

/*运营商押金退款*/
create table bas_agent_foregift_refund (
  id bigint unsigned not null auto_increment,
  agent_id int unsigned not null,/*运营商id*/
  agent_name varchar(40),
  agent_code varchar(40),
  customer_id bigint unsigned not null,
  mobile char(11) not null,
  fullname varchar(40) not null,
  foregift_order_id char(32) not null,
  refund_record_id bigint unsigned not null,
  price int not null,
  ticket_money int not null,
  deduction_ticket_money int not null,
  pay_money int not null,
  refund_money int not null,
  remain_money int not null, /*剩余金额 = pay_money + deduction_ticket_money - refund_money*/
  operator_name varchar(40),
  create_time datetime not null,
  primary key (id)
) engine=innodb default charset=utf8;

/*抵扣券订单*/
create table bas_deduction_ticket_order (
  id bigint unsigned not null auto_increment,
  category tinyint not null, /*1 换电 2 租电*/
  agent_id int unsigned not null,/*运营商id*/
  agent_name varchar(40),
  agent_code varchar(40),
  customer_id bigint unsigned not null,
  mobile char(11) not null,
  fullname varchar(40) not null,
  ticket_money int not null, /*抵扣券金额*/
  money int not null, /*使用金额*/
  memo varchar(256),
  create_time datetime not null,
  primary key (id)
) engine=innodb default charset=utf8;

/*运营商充值*/
create table bas_agent_deposit_order (
  id varchar(32) not null,/*主键*/
  partner_id int unsigned not null,
  agent_id int unsigned not null,
  agent_name varchar(40),
  agent_code varchar(40),
  money int unsigned not null, /*充值金额 按分计*/
  status tinyint not null, /*1 未支付 2 已支付*/
  handle_time datetime, /*支付时间*/
  pay_type tinyint not null, /*支付类型*/
  operator varchar(40), /*操作人*/
  create_time datetime not null, /*创建时间*/
  primary key (id)
) engine=innodb default charset=utf8;

/*发货记录*/
create table hdg_export_record (
  id int unsigned not null auto_increment,
  agent_id int unsigned not null,
  agent_name varchar(40),
  agent_code varchar(40),
  battery_id char(12),/*电池id*/
  code varchar(40),/*imei*/
  shell_code varchar(40),/*电池外壳编号*/
  cabinet_id char(12),/*柜子id*/
  cabinet_name varchar(40),/*换电柜名称*/
  person_id int unsigned,/*发货人员id*/
  operator varchar(40), /*操作人*/
  create_time datetime not null, /*发货时间*/
  primary key (id)
) engine=innodb default charset=utf8;


/*物业*/
create table hdg_estate (
  id int unsigned not null auto_increment,
  agent_id int unsigned, /*运营商id*/
  auth_type tinyint not null, /*认证类型1 个人 2 企业*/
  estate_name varchar(40), /*物业名称*/
  work_time varchar(40),/*工作时间*/
  linkname varchar(40), /*联系人*/
  tel varchar(40), /*电话*/
  address varchar(120),/*地址*/
  memo varchar(120), /*备注*/
  is_active tinyint not null,
  balance int not null, /*余额*/
  pay_people_mobile char(11), /*收款人手机*/
  pay_people_name varchar(40),/*收款人姓名*/
  pay_people_mp_open_id varchar(40), /*收款人微信openId*/
  pay_people_fw_open_id varchar(40),/*收款人支付宝账号*/
  pay_password varchar(40), /*提现支付密码*/
  create_time datetime not null, /*创建时间*/
  primary key (id)
) engine=innodb default charset=utf8;

/*门店*/
create table hdg_shop (
  id char(12) not null, /*主键 201712010001格式*/
  agent_id int unsigned not null,/*运营商id*/
  shop_name varchar(40) not null,/*门店名称*/
  province_id int unsigned,/*省*/
  city_id int unsigned,/*市*/
  district_id int unsigned,/*地区*/
  street varchar(40),/*街道*/
  lng double,/*经度*/
  lat double,/*纬度*/
  geo_hash varchar(10),/*地理散列*/
  active_status tinyint not null,
  image_path1 varchar(120),/*图片地址1*/
  image_path2 varchar(120),/*图片地址2*/
  image_path3 varchar(120),/*图片地址3*/
  work_time varchar(40),/*工作时间*/
  linkname varchar(40), /*联系人*/
  tel varchar(40), /*电话*/
  address varchar(100),/*地址*/
  keyword varchar(80), /*shop_name + address*/
  platform_ratio tinyint,
  agent_ratio tinyint,
  province_agent_ratio tinyint,
  city_agent_ratio tinyint,
  shop_ratio tinyint,
  shop_fixed_money  int,/*门店按固定金额分成*/
  zc_platform_ratio tinyint,
  zc_agent_ratio tinyint,
  zc_province_agent_ratio tinyint,
  zc_city_agent_ratio tinyint,
  zc_shop_ratio tinyint,
  zc_shop_fixed_money int,/*门店按固定金额分成*/
  is_allow_open_box tinyint,/*判断门店下设备是否可远程开箱结束订单等操作*/
  is_exchange tinyint,/*支持换电 0否 1是*/
  is_rent tinyint,/*支持租电 0否 1是*/
  is_vehicle tinyint,/*支持租车 0否 1是*/
  balance int not null,
  pay_people_mobile char(11),
  pay_people_name varchar(40),
  pay_people_mp_open_id varchar(40),
  pay_people_fw_open_id varchar(40),
  pay_password varchar(40), /*提现支付密码*/
  total_income int, /*门店总收入(换电订单分成后 + 换电租金订单分成后 + 租电租金订单分成后)*/
  min_price int,/*最小套餐金额*/
  max_price int,/*最大套餐金额*/
  create_time datetime not null,/*创建时间*/
  primary key (id),
  index idx_geo_hash (geo_hash, active_status),
  index idx_province_city_district (province_id, city_id, district_id)
) engine=innodb default charset=utf8;

/*门店充值*/
create table bas_shop_deposit_order (
  id varchar(32) not null,/*主键*/
  partner_id int unsigned not null, /*平台id*/
  money int unsigned not null, /*充值金额 按分计*/
  gift int unsigned not null, /*优惠金额 按分计*/
  shop_id char(12) not null, /*客户id*/
  shop_name varchar(40) not null,/*客户手机*/
  status tinyint not null, /*1 未处理 2 已处理*/
  handle_time datetime, /*处理时间*/
  memo varchar(200),/*创建时间*/
  pay_type tinyint not null, /*支付类型*/
  client_type tinyint not null, /*客户端类型*/
  refund_time datetime, /*退款时间*/
  refund_money int unsigned, /*退款金额*/
  refund_photo varchar(120), /*退款照片*/
  refund_operator varchar(40), /*退款人*/
  refund_reason varchar(40), /*退款原因*/
  create_time datetime not null, /*创建时间*/
  primary key (id)
) engine=innodb default charset=utf8;

/*门店收入支出表 日结确认后生成一条流水 一天一条*/
create table bas_shop_in_out_money (
  id bigint unsigned not null auto_increment,/*主键*/
  shop_id char(12) not null, /*门店id*/
  biz_type tinyint not null, /*业务类型*/
  biz_id char(32), /*业务id*/
  type tinyint not null, /*类型 1 支出 2 收入*/
  money int not null, /*金额 按分计*/
  balance int not null, /*剩余金额 按分计*/
  operator varchar(60), /*操作人*/
  create_time datetime not null, /*创建时间*/
  primary key (id)
) engine=innodb default charset=utf8;

/*站点收入支出表 日结确认后生成一条流水 一天一条*/
create table bas_station_in_out_money (
  id bigint unsigned not null auto_increment,/*主键*/
  station_id char(12) not null, /*站点id*/
  biz_type tinyint not null, /*业务类型*/
  biz_id char(32), /*业务id*/
  type tinyint not null, /*类型 1 支出 2 收入*/
  money int not null, /*金额 按分计*/
  balance int not null, /*剩余金额 按分计*/
  operator varchar(60), /*操作人*/
  create_time datetime not null, /*创建时间*/
  primary key (id)
) engine=innodb default charset=utf8;

/*物业收入支出表*/
create table bas_estate_in_out_money (
 id bigint unsigned not null auto_increment,
 estate_id int unsigned not null, /*物业id*/
 biz_type tinyint not null, /*业务类型*/
 biz_id char(32), /*业务id*/
 type tinyint not null,/*类型 1 支出 2 收入*/
 money int not null, /*金额 按分计*/
 balance bigint not null,/*转账后余额 按分计*/
 price double, /*电价*/
 use_volume int, /*用电量*/
 operator varchar(60), /*操作人*/
 create_time datetime not null, /*创建时间*/
 primary key (id)
) engine=innodb default charset=utf8;

/*运营公司收入支出表*/
create table bas_agent_company_in_out_money (
 id bigint unsigned not null auto_increment,
 agent_company_id char(12) not null, /*运营公司id*/
 biz_type tinyint not null, /*业务类型*/
 biz_id char(32), /*业务id*/
 type tinyint not null,/*类型 1 支出 2 收入*/
 money int not null, /*金额 按分计*/
 balance bigint not null,/*转账后余额 按分计*/
 operator varchar(60), /*操作人*/
 create_time datetime not null, /*创建时间*/
 primary key (id)
) engine=innodb default charset=utf8;

/*运营公司*/
create table bas_agent_company (
  id char(12) not null, /*主键 201712010001格式*/
  agent_id int unsigned not null,/*运营商id*/
  agent_name varchar(40),/*运营商名称*/
  agent_code varchar(40), /*运营商编号*/
  company_name varchar(40) not null,/*运营公司名称*/
  province_id int unsigned,/*省*/
  city_id int unsigned,/*市*/
  district_id int unsigned,/*地区*/
  street varchar(40),/*街道*/
  lng double,/*经度*/
  lat double,/*纬度*/
  geo_hash varchar(10),/*地理散列*/
  active_status tinyint not null,
  image_path1 varchar(120),/*图片地址1*/
  image_path2 varchar(120),/*图片地址2*/
  image_path3 varchar(120),/*图片地址3*/
  work_time varchar(40),/*工作时间*/
  linkname varchar(40), /*联系人*/
  tel varchar(40), /*电话*/
  address varchar(100),/*地址*/
  keyword varchar(80), /*agent_company_name + address*/
  company_ratio tinyint,/*运营公司分成比例*/
  company_fixed_money  int,/*运营公司按固定金额分成*/
  ratio_base_money int,/*分成下限金额*/
  keep_shop_ratio tinyint, /*是否给门店分成  1 是  2 否*/
  balance int not null,
  pay_people_mobile char(11),
  pay_people_name varchar(40),
  pay_people_mp_open_id varchar(40),
  pay_people_fw_open_id varchar(40),
  pay_password varchar(40), /*提现支付密码*/
  total_income int, /*运营公司总收入*/
  create_time datetime not null,/*创建时间*/
   primary key (id),
  index idx_geo_hash (geo_hash, active_status),
  index idx_province_city_district (province_id, city_id, district_id)
) engine=innodb default charset=utf8;

/*运营公司关联骑手表*/
create table bas_agent_company_customer (
  agent_id int unsigned not null,/*运营商id*/
  agent_name varchar(40),/*运营商名称*/
  agent_company_id char(12) not null, /*运营公司id*/
  customer_id bigint unsigned not null,/*骑手id*/
  customer_mobile char(11),/*骑手手机*/
  customer_fullname varchar(40),/*骑手名称*/
  create_time datetime not null,/*创建时间*/
  primary key(agent_company_id,customer_id)
) engine=innodb default charset=utf8;

/*设备编号表*/
create table hdg_cabinet_code (
  id char(40) not null, /*终端机器码*/
  code char(12) not null, /*终端编号*/
  index idx_code (code),
  primary key (id)
) engine=innodb default charset=utf8;


/*换电柜*/
create table hdg_cabinet (
  id char(12) not null, /*主键 201712010001格式*/
  agent_id int unsigned not null,/*运营商id*/
  cabinet_name varchar(40) not null,/*换电柜名称*/
  province_id int unsigned,/*省*/
  city_id int unsigned,/*市*/
  district_id int unsigned,/*地区*/
  street varchar(40),/*街道*/
  lng double,/*经度*/
  lat double,/*纬度*/
  geo_hash varchar(10),/*地理散列*/
  charge_full_volume tinyint not null,/*满电电量*/
  permit_exchange_volume tinyint not null,/*客户可换进电量*/
  min_exchange_volume tinyint,/*最低可换电量*/
  active_status tinyint not null,
  image_path1 varchar(120),/*图片地址1*/
  image_path2 varchar(120),/*图片地址2*/
  image_path3 varchar(120),/*图片地址3*/
  work_time varchar(40),/*工作时间*/
  linkname varchar(40), /*联系人*/
  tel varchar(40), /*电话*/
  dispatcher_id bigint unsigned, /*调度人员*/
  address varchar(100),/*地址*/
  keyword varchar(80), /*cabinet_name + address*/
  terminal_id char(6),/*终端id*/
  operation_flag tinyint,/*是否有开关箱操作*/
  all_full_count tinyint not null,/*箱体数量*/
  all_full_fault_log_id bigint unsigned, /*箱体全满故障*/
  login_token varchar(40),/*登录token*/
  dynamic_code char(4), /*动态码*/
  price double not null, /*电价*/
  use_volume int, /*用电量*/
  battery_num int,/*电池数*/
  charge_battery_num int,/*充电电池数*/
  subtype tinyint not null, /*1 换电 2 换/充电*/
  network_type tinyint not null, /*网络类型 0:gsm/gprs 1:wired 2:3g 3:4g*/
  current_signal tinyint, /*信号0-31,99表示未知*/
  ip varchar(20),/*ip地址*/
  mac varchar(40),/*mac地址*/
  version varchar(10),/*版本*/
  max_charge_power int not null,
  box_max_power int not null,/*格口最大功率*/
  box_min_power int not null,/*格口最小功率*/
  box_trickle_time int not null,/*充满自停涓流时间(秒)*/
  enable_wifi int not null,/*是否开启wifi*/
  enable_bluetooth int not null,/*是否开启蓝牙*/
  enable_voice int not null,/*是否开启语音播报*/
  recoil_volume tinyint not null,/*回冲电量*/
  heart_time datetime,/*心跳时间*/
  is_online tinyint not null,/*是否在线*/
  status_info varchar(256),/*状态信息*/
  temp1 int, /*温度1*/
  temp2 int, /*温度2*/
  power int, /*功率*/
  sim_memo varchar(40), /*sim卡信息*/
  max_charge_count tinyint not null, /*并发充点数设置*/
  fault_type tinyint not null,/*故障类型*/
  offline_fault_log_id bigint unsigned, /*离线的故障id*/
  temp_fault_log_id bigint unsigned, /*温度故障的id*/
  active_fan_temp tinyint not null, /*启用风扇的温度*/
  is_fp_open tinyint not null, /*灭火器是否打开 1开启 0 关闭*/
  fan_speed tinyint,
  water_level tinyint,
  smoke_state tinyint,
  ac_voltage int,
  ac_voltage_state int,
  up_line_status tinyint,/*上线状态 0 未上线 1 申请上线 2 已上线*/
  up_line_time datetime, /*上线时间*/
  foregift_money int not null, /*押金金额*/
  rent_money  int not null, /*租金金额*/
  rent_period_type int not null, /*租金周期 月*/
  rent_expire_time datetime, /*租金截至时间*/
  rent_record_time datetime, /*租金记录保存时间*/
  active_platform_deduct tinyint, /*启用扣除金额 1 启用 0 禁用*/
  platform_deduct_money int, /*从运营商收入里面扣除多少钱*/
  platform_deduct_expire_time datetime, /*从运营商收入里面扣除多少钱 过期时间*/
  shop_id char(12),
  estate_id int unsigned, /*物业id*/
  is_allow_open_box tinyint,/*判断门店下设备是否可远程开箱结束订单等操作*/
  platform_ratio tinyint,
  agent_ratio tinyint,
  province_agent_ratio tinyint,
  city_agent_ratio tinyint,
  shop_ratio tinyint,
  shop_fixed_money  int,/*门店按固定金额分成*/
  view_type tinyint not null, /*1 共享 2 独享*/
  input_degree_num int, /*上次录入度数*/
  input_degree_money int, /*上次录入电费金额*/
  input_degree_time datetime, /*上次录入电表时间*/
  min_price int,/*最小套餐金额*/
  max_price int,/*最大套餐金额*/
  memo varchar(120), /*备注*/
  create_time datetime not null,/*创建时间*/
  primary key (id),
  index idx_cabinet_terminal_id (terminal_id),
  index idx_cabinet_all_full_fault_log_id (all_full_fault_log_id),
  index idx_cabinet_geo_hash (geo_hash, active_status),
  index idx_cabinet_province_city_district (province_id, city_id, district_id)
) engine=innodb default charset=utf8;

/*换电柜 格子*/
create table hdg_cabinet_box (
  cabinet_id char(12) not null,/*主柜id*/
  box_num char(10) not null,/*格子编号*/
  agent_id int unsigned,/* 运营商id*/
  type tinyint not null, /*格子类型*/
  subtype tinyint not null, /*1 换电 2 换/充电*/
  is_active tinyint not null,/*是否有效*/
  is_online tinyint not null,/*是否在线*/
  box_status tinyint not null, /*箱子状态 1 空闲 2 满箱 3 预约 4 锁定*/
  battery_id char(12),/*电池id*/
  bespeak_time datetime, /*预约时间*/
  is_open tinyint not null, /*门是否打开*/
  smoke_fault_log_id bigint unsigned,
  open_time datetime, /*开门时间*/
  lock_time datetime, /*锁定时间*/
  open_type tinyint,/*打开类型*/
  opener_id int,/*打开人*/
  power int,/*功率*/
  box_version tinyint,
  box_temp int,
  fan_speed tinyint,
  charge_full_volume tinyint not null,
  electricity int,/*电流*/
  forbidden_cause VARCHAR(128),/*禁用原因*/
  operator varchar(40), /*禁用人*/
  operator_time datetime,/*禁用时间*/
  box_state int,/*格口状态*/
  primary key (cabinet_id, box_num),
  index idx_cabinet_box_smoke_fault_log_id (smoke_fault_log_id),
  index idx_cabinet_box_cabinet_id (cabinet_id, is_online, is_active, box_status)
) engine=innodb default charset=utf8;

/*站点*/
create table hdg_station (
  id char(12) not null, /*主键 201712010001格式 站点编号*/
  agent_id int unsigned not null,/*运营商id*/
  station_name varchar(40) not null,/*站点名称*/
  province_id int unsigned,/*省*/
  city_id int unsigned,/*市*/
  district_id int unsigned,/*地区*/
  street varchar(40),/*街道*/
  lng double,/*经度*/
  lat double,/*纬度*/
  geo_hash varchar(10),/*地理散列*/
  active_status tinyint not null,/*站点状态 是否启用*/
  work_time varchar(40),/*工作时间*/
  linkname varchar(40), /*联系人*/
  tel varchar(40), /*电话*/
  address varchar(100),/*地址*/
  keyword varchar(80), /*shop_name + address*/
  balance int not null,
  pay_people_mobile char(11),
  pay_people_name varchar(40),
  pay_people_mp_open_id varchar(40),
  pay_people_fw_open_id varchar(40),
  pay_password varchar(40), /*提现支付密码*/
  create_time datetime not null,/*创建时间*/
  primary key (id),
  index idx_geo_hash (geo_hash, active_status),
  index idx_province_city_district (province_id, city_id, district_id)
) engine=innodb default charset=utf8;


/*站点关联拓展人员*/
create table hdg_station_biz_user (
  id bigint unsigned not null auto_increment,/*主键*/
  station_id char(12),/*站点Id*/
  user_id int unsigned,/*拓展人员id*/
  create_time datetime not null,
  primary key (id)
) engine=innodb default charset=utf8;

/*站点关联电池类型信息*/
create table hdg_station_battery_type (
  station_id char(12) not null,/*站点id*/
  battery_type tinyint not null,
  primary key(station_id, battery_type)
) engine=innodb default charset=utf8;

/*站点分成信息*/
create table hdg_station_distribution (
  id bigint unsigned not null auto_increment,/*主键*/
  station_id char(12) not null,/*站点id*/
  agent_id int unsigned not null, /*运营商id*/
  agent_name varchar(40), /*运营商名称*/
  agent_code varchar(40), /*运营商编号*/
  dept_type tinyint not null,/*分成主体 1 系统分层 2 运营商分层 3 站点分层 4 其他分成*/
  num int unsigned,/*分成主体 其他分成序号*/
  is_not_fixed tinyint,/*分成类型 是否不分层 1 是 0 否*/
  is_fixed tinyint,/*分成类型 是否固定分层 1 是 0 否*/
  is_fixed_percent tinyint,/*分成类型 是否百分比 1 是 0 否*/
  money int, /*分层 金额*/
  percent int, /*分层 百分比*/
  operate_id int, /*分成体id*/
  create_time datetime not null,/*创建时间*/
  primary key(id)
) engine=innodb default charset=utf8;

/*分成体*/
create table hdg_distribution_operate (
  id bigint unsigned not null auto_increment,/*主键*/
  agent_id int unsigned not null, /*运营商id*/
  agent_name varchar(40), /*运营商名称*/
  agent_code varchar(40), /*运营商编号*/
  is_active tinyint not null,/*分成体状态 是否启用*/
  distribution_name varchar(40),/*分成体名称*/
  login_name varchar(60) not null, /*登录名称账号*/
  password varchar(60) not null, /*密码*/
  fullname varchar(60), /*姓名*/
  pay_people_mobile char(11),
  pay_people_name varchar(40),
  pay_people_mp_open_id varchar(40),
  pay_people_fw_open_id varchar(40),
  pay_password varchar(40), /*提现支付密码*/
  memo varchar(256), /*备注*/
  create_time datetime not null,/*创建时间*/
  primary key (id)
) engine=innodb default charset=utf8;

/*换电柜 充电器*/
create table hdg_cabinet_charger (
  cabinet_id char(12) not null,/*主柜id*/
  box_num char(10) not null,/*格子编号*/
  charger_module char(10) not null,/*充电器型号*/
  charger_version char(10) not null,/*充电器版本*/
  charge_state tinyint not null,/*充电状态*/
  charge_stage tinyint not null,/*充电阶段 0:空闲 1:预充 2:恒流1 3:恒流2 4:恒压 5:充满 */
  charge_time int not null,/*充电时长 */
  charge_voltage int not null,/*充电器输出电压  mV*/
  battery_voltage int not null,/*电池端检测电压  mV*/
  charge_current int not null,/*充电器输出电流  mA*/
  transformer_temp int not null,/*变压器温度 */
  heatsink_temp int not null,/*散热片温度 */
  ambient_temp int not null,/*环境温度 */
  charger_fault tinyint not null,/*充电器故障 */
  /*设置值*/
  enable_charge int not null,/*是否充电 1是 0否 */
  enable_link int not null,/*是否开启电池数据连接*/
  auto_swtich_mode int not null,/*自动选择充电电压U2  0:关闭 1:开启*/
  max_charge_voltage_of_stage1 int not null,/*阶段1(预充)最大充电电压 mV*/
  charge_current_of_stage1 int not null,/*阶段1(预充)充电电流 mA 设置范围 1000-6000mA*/
  max_charge_voltage_of_stage2 int not null,/*阶段2(恒流1)最大充电电压U3 mV */
  charge_current_of_stage2 int not null,/*阶段2(恒流1)充电电流 mA 设置范围 1000-12000mA*/
  slope_voltage int not null,/*阶段3开始改变电流时电压 mV*/
  charge_current_of_stage3 int not null,/*阶段3(恒流2)充电电流 mA 设置范围 1000-10000mA*/
  full_voltage int not null,/*电池满电电压 mV*/
  slope_current int not null,/*满电电压时斜率电流 mA 设置范围 1000-currentOfStage3 mA*/
  min_current_of_stage4 int not null,/*阶段4最小充电电流 mA 设置范围 50-3000mA*/
  low_temperature_mode int not null,/*低温环境充电模式 0:不允许充电 1:以1/2的电流进行充电 2:正常充电*/
  box_forbidden tinyint not null,/*是否禁用格口 1禁用 0使用*/
  other tinyint not null,/*bit0:是否异常,离线时通过蓝牙发送 1异常/0正常 bit1:使能NFC检测 1使能/0禁用*/
  primary key (cabinet_id, box_num)
) engine=innodb default charset=utf8;

/*换电柜收入分配模板*/
create table hdg_cabinet_income_template (
  id int unsigned not null auto_increment,/*主键*/
  agent_id int unsigned not null,
  foregift_money int not null, /*押金金额*/
  rent_money  int not null, /*租金金额*/
  period_type int not null, /*租金周期 单位 月*/
  rent_expire_time datetime, /*租金截至时间*/
  is_review tinyint not null,/*是否需要审核 0 免审 1 审核*/
  create_time datetime not null,
  primary key (id)
) engine=innodb default charset=utf8;

/*换电柜 配置信息*/
create table hdg_cabinet_property (
  cabinet_id char(12) not null,/*柜子id*/
  order_num tinyint not null,/*排序号*/
  is_active tinyint,/*是否启用*/
  property_name varchar(40),/**/
  property_value varchar(80),/*配置名称*/
  primary key(cabinet_id, order_num)
) engine=innodb default charset=utf8;

/*换电柜关联平台表*/
create table hdg_cabinet_app (
  app_id int unsigned not null, /*平台id*/
  cabinet_id char(12) not null,/*柜子id*/
  primary key(app_id,cabinet_id)
) engine=innodb default charset=utf8;

/*柜子关联电池类型信息*/
create table hdg_cabinet_battery_type (
  cabinet_id char(12) not null,/*柜子id*/
  battery_type tinyint not null,
  primary key(cabinet_id, battery_type)
) engine=innodb default charset=utf8;

/*设备位置纠错*/
create table hdg_cabinet_address_correction (
  id bigint unsigned not null auto_increment,/*主键*/
  agent_id int unsigned not null,/*运营商id*/
  cabinet_id char(12) not null,/*柜子id*/
  cabinet_name varchar(40) not null,/*柜子名称*/
  province_id int unsigned, /*省份id*/
  city_id int unsigned, /*城市id*/
  district_id int unsigned, /*区id*/
  street varchar(20), /*街道id*/
  lng double, /*经度*/
  lat double, /*纬度*/
  memo varchar(200),/*备注*/
  customer_id bigint unsigned,/*客户id*/
  customer_mobile char(11),/*客户手机*/
  customer_fullname varchar(40),/*客户名称*/
  status tinyint not null, /*状态 1 未审核 2 审核通过 3 审核不通过*/
  create_time datetime not null,/*创建时间*/
  primary key(id)
) engine=innodb default charset=utf8;

/*设备位置纠错免审*/
create table hdg_cabinet_address_correction_exempt_review (
  id bigint unsigned not null,/*主键*/
  mobile char(11), /*手机号*/
  nickname varchar(40), /*昵称*/
  create_time datetime not null,/*创建时间*/
  primary key(id)
) engine=innodb default charset=utf8;

/*门店位置纠错*/
create table hdg_shop_address_correction (
  id bigint unsigned not null auto_increment,/*主键*/
  agent_id int unsigned not null,/*运营商id*/
  shop_id char(12) not null,/*柜子id*/
  shop_name varchar(40) not null,/*柜子名称*/
  province_id int unsigned, /*省份id*/
  city_id int unsigned, /*城市id*/
  district_id int unsigned, /*区id*/
  street varchar(20), /*街道id*/
  lng double, /*经度*/
  lat double, /*纬度*/
  memo varchar(200),/*备注*/
  customer_id bigint unsigned,/*客户id*/
  customer_mobile char(11),/*客户手机*/
  customer_fullname varchar(40),/*客户名称*/
  status tinyint not null, /*状态 1 未审核 2 审核通过 3 审核不通过*/
  create_time datetime not null,/*创建时间*/
  primary key(id)
) engine=innodb default charset=utf8;

/*门店位置纠错免审*/
create table hdg_shop_address_correction_exempt_review (
  id bigint unsigned not null,/*主键*/
  mobile char(11), /*手机号*/
  nickname varchar(40), /*昵称*/
  create_time datetime not null,/*创建时间*/
  primary key(id)
) engine=innodb default charset=utf8;



/*设备信号记录*/
create table hdg_cabinet_signal (
  id bigint unsigned not null auto_increment,
  cabinet_id char(12) not null, /*换电柜id*/
  current_signal tinyint not null, /*当前信号*/
  create_time datetime not null, /*创建时间*/
  primary key(id)
) engine=innodb default charset=utf8;

/*换电柜在线统计*/
create table hdg_cabinet_online_stats (
  id bigint unsigned not null auto_increment,
  cabinet_id char(12) not null,/*huaid*/
  begin_time datetime not null,/*开始时间*/
  end_time datetime,/*结束时间*/
  unique index idx_cabinet_id_begin_time_end_time (cabinet_id, begin_time, end_time),
  primary key (id)
) engine=innodb default charset=utf8;

/*换电柜日用电量统计*/
create table hdg_cabinet_day_degree_stats (
  id bigint unsigned not null auto_increment,
  cabinet_id char(12) not null, /*换电柜id*/
  cabinet_name varchar(40) not null,
  agent_id int unsigned,
  agent_name varchar(40),
  agent_code varchar(40), /*运营商编号*/
  stats_date char(10) not null, /*统计日期 格式2017-01-01*/
  begin_time datetime not null, /*开始时间*/
  end_time datetime not null, /*结束时间*/
  begin_num int not null, /*开始度数*/
  end_num int not null, /*结束度数*/
  num int not null, /*用电总计 (end_num - begin_num)*/
  primary key (id)
) engine=innodb default charset=utf8;

/*设备电表度数录入*/
create table hdg_cabinet_degree_input (
  id bigint unsigned not null auto_increment,
  agent_id int unsigned, /*运营商Id*/
  agent_name varchar(40), /*运营商名称*/
  estate_id int unsigned, /*物业Id*/
  estate_name varchar(40), /*物业名称*/
  cabinet_id char(12), /*设备id*/
  cabinet_name varchar(40), /*设备名称*/
  day_count int not null, /*天数*/
  degree_price int not null, /*电价*/
  begin_num int not null, /*开始度数*/
  end_num int not null, /*结束度数*/
  charger_num int not null, /*设备当前度数*/
  degree int not null, /*度数*/
  degree_money int not null, /*金额*/
  begin_time datetime not null, /*开始时间*/
  end_time datetime not null, /*结束时间*/
  create_user_name varchar(40), /*录入人*/
  status tinyint not null, /*结算状态 0 未结算 1 已结算*/
  create_time datetime not null, /*创建时间*/
  primary key(id)
) engine=innodb default charset=utf8;

/*换电柜电池统计*/
CREATE TABLE hdg_cabinet_battery_stats (
  id BIGINT UNSIGNED NOT NULL AUTO_INCREMENT,
  cabinet_id CHAR(12) NOT NULL, /*换电柜id*/
  cabinet_name VARCHAR(40) NOT NULL,
  agent_id INT UNSIGNED,
  agent_name VARCHAR(40),
  agent_code VARCHAR(40), /*运营商编号*/
  battery_num  INT UNSIGNED NOT NULL, /*电池数*/
  box_battery_message  VARCHAR(200),  /*箱门电池信息*/
  box_message  VARCHAR(200),  /*箱门信息*/
  status TINYINT NOT NULL, /*状态*/
  create_time DATETIME NOT NULL, /*操作时间*/
  PRIMARY KEY (id),
  INDEX idx_cabinet_battery_cabinet_id ( cabinet_id),
  INDEX idx_cabinet_battery_cabinet_name ( cabinet_name),
  INDEX idx_cabinet_battery_agent_id ( agent_id),
  INDEX idx_cabinet_battery_status ( STATUS)
) ENGINE=INNODB DEFAULT CHARSET=utf8;

/*柜子操作日志*/
create table hdg_cabinet_operate_log (
  id bigint unsigned not null auto_increment,/*主键*/
  agent_id int unsigned, /*运营商id*/
  cabinet_id char(12),/*柜子id*/
  cabinet_name varchar(40),/*柜子名称*/
  box_num char(10), /*箱号*/
  operate_type tinyint not null, /*操作类型*/
  operator_type tinyint, /*操作人类型*/
  operator varchar(40), /*操作人*/
  content varchar(200) not null, /*内容*/
  create_time datetime not null, /*操作时间*/
  primary key (id)
) engine=innodb default charset=utf8;

/*电池序列*/
create table hdg_battery_sequence (
  id int unsigned not null auto_increment,/*主键*/
  primary key (id)
) engine=innodb default charset=utf8;

/*电池*/
create table hdg_battery (
  id varchar(40) not null,/*电池id*/
  code varchar(40) not null,/*电池编号*/
  type tinyint(4) not null,/*类型*/
  category tinyint not null, /*1 换电 2 租电*/
  agent_id int(10) unsigned not null,/*运营商id*/
  order_id char(32),/*订单id（可能为换电订单id或维护订单id，不能加外键）*/
  charge_record_id bigint(20) unsigned,/*充电记录订单id*/
  volume tinyint(4),/*当前电量*/
  current_capacity int,/*当前容量*/
  status tinyint(4) not null,/*状态*/
  exchange_amount int(10) unsigned not null,/*换电次数*/
  report_time datetime,/*上报时间*/
  order_distance int(11) not null,/*订单距离*/
  use_count int(11),/*使用次数*/
  use_day int(11),/*使用天数*/
  total_distance bigint(20) not null,/*总距离*/
  is_active tinyint(4) not null,/*是否启用*/
  current_signal smallint(6),/*当前信号*/
  signal_type tinyint,/*信号类型 0:2g 1:3G 2:4G 3:NBIo*/
  material tinyint, /*材质（1.三元,2.磷酸铁锂,3.铅酸）*/
  belong_city_id int(10) unsigned,/*所属城市id*/
  lng double,/*经度*/
  lat double,/*纬度*/
  gps_update_time datetime,/*gps更新时间*/
  shop_id char(12),/*门店id 租电电池绑定门店使用*/
  shop_name varchar(40), /*门店名称 租电电池绑定门店使用*/
  gps_switch tinyint,/*是否上报gps*/
  gprs_shutdown tinyint,/*gprs_shutdown*/
  shutdown_voltage int,/*shutdown_voltage*/
  accelereted_speed tinyint,/*accelereted_speed*/
  lock_switch tinyint,/*0 不控制 1 放电关 2 放电开*/
  address varchar(120),/*地址*/
  health tinyint(4),/*生命值*/
  sim_memo varchar(40),/*sim卡*/
  brand varchar(40),/*商标*/
  version varchar(40),/*版本*/
  voltage int,/*电压*/
  electricity int,/*电流*/
  total_capacity int,/*总容量*/
  produce_date datetime,/*生产日期*/
  protect_state int(11),/*保护状态*/
  fet tinyint(4),/*mos指示状态 0表示mos关闭，1表示打开*/
  strand tinyint(4),/*电池串数*/
  temp varchar(40),/*温度*/
  fet_status tinyint(4),/*0充电  1放电  2不充电也不放电*/
  is_electrify tinyint(4),/*是否通电*/
  position_state tinyint(4),/*0表示位置不移动 1表示位置移动中 2表示通电中*/
  charge_status tinyint(4) not null,/*充电状态 0 未充电 1 充电中*/
  single_voltage varchar(100),/*电池每串单体电压*/
  ready_charge_time datetime,/*待充电时间*/
  customer_out_time datetime,/*客户取出时间*/
  customer_id bigint(20) unsigned,/*客户id*/
  customer_mobile char(11),/*客户手机*/
  customer_fullname varchar(40),/*客户名称*/
  in_box_time datetime,/*放入格子时间*/
  cabinet_id char(12),/*柜子id*/
  cabinet_name varchar(40),/*柜子名称*/
  box_num varchar(10),/*格子编号*/
  keeper_out_time datetime,/*维护取出时间*/
  keeper_id bigint(20) unsigned,/*维护人id*/
  keeper_name varchar(20),/*维护人名称*/
  keeper_mobile char(11),/*维护人手机*/
  free_out_time datetime,/*空出时间*/
  stay_heartbeat int(11),/*停留心跳间隔*/
  move_heartbeat int(11), /*移动心跳间隔*/
  electrify_heartbeat int(11),/*通电心跳间隔*/
  standby_heartbeat int(11),/*存储心跳间隔*/
  dormancy_heartbeat int(11),/*休眠心跳间隔*/
  is_online tinyint(4) not null,/*是否在线*/
  is_normal tinyint(4) not null,/*是否正常  0 异常  1 正常*/
  operator varchar(40), /*标记异常人*/
  operator_time datetime,/*异常时间*/
  abnormal_cause varchar(1024),/*异常标识原因*/
  low_volume_notice_time datetime,/*低电量通知时间*/
  low_volume_notice_volume tinyint(4),/*低电量通知时电量*/
  is_report_voltage tinyint(4) not null,/*是否上报电压*/
  report_voltage_time datetime,/*上报电压时间*/
  not_electrify_fault_log_id bigint(20) unsigned,/*不通电故障日志id*/
  monomer_overvoltage_fault_log_id bigint unsigned, /*单体过压*/
  monomer_lowvoltage_fault_log_id bigint unsigned, /*单体欠压*/
  whole_overvoltage_fault_log_id bigint unsigned, /*整组过压*/
  whole_lowvoltage_fault_log_id bigint unsigned, /*整组欠压*/
  charge_overtemp_fault_log_id bigint unsigned, /*充电过温*/
  charge_lowtemp_fault_log_id bigint unsigned, /*充电低温*/
  discharge_overtemp_fault_log_id bigint unsigned, /*放电过温*/
  discharge_lowtemp_fault_log_id bigint unsigned, /*放电低温*/
  charge_overcurrent_fault_log_id bigint unsigned, /*充电过流*/
  discharge_overcurrent_fault_log_id bigint unsigned, /*放电过流*/
  short_circuit_fault_log_id bigint unsigned, /*短路*/
  testing_ic_fault_log_id bigint unsigned, /*前端检测ic错误*/
  software_locking_fault_log_id bigint unsigned, /*充电锁定mos*/
  discharge_locking_fault_log_id bigint unsigned, /*放电锁定mos*/
  charge_mos_fault_log_id bigint unsigned, /*充电MOS异常*/
  discharge_mos_fault_log_id bigint unsigned, /*放电MOS异常*/
  max_vol_diff_log_id bigint unsigned, /*压差过大异常*/
  sign_vol_low_log_id bigint unsigned, /*单体电压低异常*/
  dismantle_fault_log_id bigint unsigned, /*拆盖报警*/
  hit_fault_log_id bigint unsigned, /*撞击警告*/
  rescue_status tinyint,/*自救状态  0  未自救  1 待自救  2 已自救*/
  qrcode varchar(40),/*二维码*/
  shell_code varchar(40), /*外壳编号*/
  up_line_status tinyint,/*上线状态 0 未上线 1 已上线*/
  up_line_time datetime, /*上线时间*/
  rent_record_time datetime, /*租金记录保存时间*/
  cell_mfr varchar(20),/*电芯厂家*/
  cell_model varchar(20),/*电芯型号*/
  nominal_cap int,/*组包容量 单位mAh*/
  ac_resistance double,/*交流内阻 单位m?*/
  resilience_vol int,/*回弹电压 单位mV*/
  static_vol int,/*静置电压 单位mV*/
  circle int,/*循环次数*/
  cell_count int,/*电芯串数*/
  appearance tinyint,/*外观指标1.r 2.m 3.l*/

  real_voltage_diff  int,/*当前压差 单位mV*/
  real_voltage_diff_time  datetime,/*当前压差时间*/
  full_voltage_diff  int,/*充满最大压差 单位mV*/
  full_voltage_diff_time  datetime,/*充满最大压差时间*/
  discharge_voltage_diff  int,/*放电最大压差 单位mV*/
  discharge_voltage_diff_time  datetime,/*放电最大压差时间*/
  link_status int,
  belong_cabinet_id varchar(12), /*所属电站*/
  charge_complete_volume tinyint not null, /*充电完成电量*/
  repair_status tinyint not null, /*返修状态 1 无 2 返修中 3 已返修*/
  create_time datetime not null,/*创建时间*/
  primary key (id),
  index idx_battery_code (code),
  index idx_battery_not_electrify_fault_log_id (not_electrify_fault_log_id),
  index idx_battery_monomer_overvoltage_fault_log_id (monomer_overvoltage_fault_log_id),
  index idx_battery_monomer_lowvoltage_fault_log_id (monomer_lowvoltage_fault_log_id),
  index idx_battery_whole_overvoltage_fault_log_id (whole_overvoltage_fault_log_id),
  index idx_battery_whole_lowvoltage_fault_log_id (whole_lowvoltage_fault_log_id),
  index idx_battery_charge_overtemp_fault_log_id (charge_overtemp_fault_log_id),
  index idx_battery_charge_lowtemp_fault_log_id (charge_lowtemp_fault_log_id),
  index idx_battery_discharge_overtemp_fault_log_id (discharge_overtemp_fault_log_id),
  index idx_battery_discharge_lowtemp_fault_log_id (discharge_lowtemp_fault_log_id),
  index idx_battery_charge_overcurrent_fault_log_id (charge_overcurrent_fault_log_id),
  index idx_battery_discharge_overcurrent_fault_log_id (discharge_overcurrent_fault_log_id),
  index idx_battery_short_circuit_fault_log_id (short_circuit_fault_log_id),
  index idx_battery_testing_ic_fault_log_id (testing_ic_fault_log_id),
  index idx_battery_software_locking_fault_log_id (software_locking_fault_log_id),
  index idx_battery_hit_fault_log_id (hit_fault_log_id),
  index idx_battery_dismantle_fault_log_id (dismantle_fault_log_id)
) engine=innodb default charset=utf8;

/*电池参数*/
create table hdg_battery_parameter(
  id char(12) not null,
  code varchar(40) not null,/*IMEI*/
  type tinyint(4) not null,/*类型*/
  sim_code varchar(40), /*sim卡号*/
  version varchar(40),/*版本*/
  loc_type tinyint,/*位置类型（1.GPS 2.CELL*/
  current_signal smallint, /*当前信号*/
  signal_type tinyint, /*信号类型 0:2g 1:3G 2:4G 3:NBIot*/
  lng double, /*经度*/
  lat double, /*纬度*/
  voltage int, /*电压*/
  electricity int, /*电流*/
  serials smallint,/*电芯串数*/
  single_voltage varchar(100), /*电池每串单体电压*/
  balance int, /*电芯的均衡状态0关闭,1开启*/
  temp varchar(100), /*温度*/
  current_capacity int, /*当前容量*/
  volume tinyint,/*当前电量*/
  circle int,/*循环次数*/
  mos tinyint,/*充放电MOS状态*/
  fault int,/*故障类型*/
  is_motion tinyint,/*运动值*/
  uncap_state tinyint,/*开盖状态*/
  mode tinyint,/*工作状态*/
  protect varchar(100), /*保护次数*/
  battery_lease int,
  cell_model varchar(40),/*电池型号*/
  cell_mfr varchar(40),/*电芯厂家*/
  batt_mfr varchar(40),/*电池厂家*/
  mfd varchar(40),/*生产日期*/
  bms_model varchar(40),/*BMS型号*/
  material tinyint, /*材质1.三元,2.磷酸铁锂,3.铅酸*/
  batt_type tinyint,/*电池类型*/
  nominal_capacity int, /*标准容量*/
  circle_capacity int,/*循环容量*/
  cell_full_vol int,/*单体充满电压*/
  cell_cut_vol int,/*单体截止电压*/
  self_dsg_rate int,/*自放电率*/
  ocv_table varchar(150), /*开路电压值*/
  cell_ov_trip int,/*单体过压保护阈值*/
  cell_ov_resume int,/*单体过压恢复阈值*/
  cell_ov_delay int,/*单体过压延时*/
  cell_uv_trip int,/*单体欠压保护阈值*/
  cell_uv_resume int,/*单体欠压恢复阈值*/
  cell_uv_delay int,/*单体欠压延时*/
  pack_ov_trip int,/*整体过压保护阈值*/
  pack_ov_resume int,/*整体过压恢复阈值*/
  pack_ov_delay int,/*整体过压延时*/
  pack_uv_trip int,/*整体欠压保护阈值*/
  pack_uv_resume int,/*整体欠压保护阈值*/
  pack_uv_delay int,/*整体欠压延时*/
  chg_ot_trip int,/*开充电高温保护阈值*/
  chg_ot_resume int,/*充电高温恢复阈值*/
  chg_ot_delay int,/*充电高温延时*/
  chg_ut_trip int,/*充电低温保护阈值*/
  chg_ut_resume int,/*充电低温恢复阈值*/
  chg_ut_delay int,/*充电低温延时*/
  chg_oc_trip int,/*充电过流保护阈值*/
  chg_oc_delay int,/*充电过流延时*/
  chg_oc_release int,/*充电过流释放时间*/
  dsg_ot_trip int,/*放电高温保护阈值*/
  dsg_ot_resume int,/*放电高温恢复阈值*/
  dsg_ot_delay int,/*放电高温延时*/
  dsg_ut_trip int,/*放电低温保护阈值*/
  dsg_ut_resume int,/*放电低温恢复阈值*/
  dsg_ut_delay int,/*放电低温延时*/
  dsg_oc_trip int,/*放电过流保护阈值*/
  dsg_oc_delay int,/*放电过流延时*/
  dsg_oc_release int,/*放电过流释放时间*/
  rsns int,/*硬件过流、短路保护阈值翻倍*/
  hard_oc_trip int,/*硬件过流保护阈值*/
  hard_oc_delay int,/*硬件过流保护延时*/
  sc_trip int,/*短路保护阈值*/
  sc_delay int,/*短路保护延时*/
  hard_ov_trip int,/*硬件单体过压保护阈值*/
  hard_ov_delay int,/*硬件单体过压保护延时*/
  hard_uv_trip int,/*硬件单体欠压保护阈值*/
  hard_uv_delay int,/*硬件单体欠压保护延时*/
  sd_release int,/*短路释放时间*/
  function int,/*功能配置*/
  ntc_config int,/*NTC配置*/
  sample_r int,/*电流采样电阻值*/
  heart_interval smallint, /*心跳间隔*/
  motionless smallint,/*静止状态时心跳间隔*/
  standby smallint, /*存储状态时心跳间隔*/
  dormancy smallint, /*休眠状态时心跳间隔*/
  cabinet_id char(12),/*柜子id*/
  box_num varchar(10),/*格口编号*/
  total_capacity int, /*总容量  实际容量*/
  lock_witch tinyint,/*锁定开关*/
  up_bms tinyint,/*是否立刻上报bms参数*/
  short_report_time datetime,/*上报时间*/
  long_report_time datetime,/*上报时间*/
  create_time datetime not null,/*创建时间*/
  lbs varchar(100), /*基站信息“mcc,mnc,lac,cellid”'*/
  primary key (id)
) engine=innodb default charset=utf8;

/*电池参数修改记录*/
create table hdg_battery_parameter_log (
  id bigint unsigned not null auto_increment,/*主键*/
  battery_id char(12) not null,/*电池id*/
  param_id  varchar(20) not null,/*参数id*/
  param_name varchar(40) not null,/*参数名称*/
  old_value  varchar(200) ,/*旧值*/
  new_value  varchar(200),/*新值*/
  status tinyint(4) not null,/*状态*/
  report_time datetime, /*上报日期*/
  operator varchar(20) not null,/*操作人*/
  create_time datetime not null,/*创建时间*/
  primary key (id)
) engine=innodb default charset=utf8;

/*电芯型号*/
create table hdg_battery_cell_model (
  id int unsigned not null auto_increment,/*主键*/
  cell_mfr varchar(20) not null,/*电芯厂家*/
  cell_model  varchar(20) not null,/*电芯型号*/
  memo varchar(100),/*备注*/
  operator varchar(20) not null,/*操作人*/
  create_time datetime not null,/*创建时间*/
  primary key (id),
  index idx_battery_cell_model_cell_mfr (cell_mfr),
  index idx_battery_cell_model_cell_model (cell_model)
) engine=innodb default charset=utf8;

/*电芯电池条码规则*/
create table hdg_battery_cell_regular (
  id int unsigned not null auto_increment,/*主键*/
  cell_format_id int unsigned,/*电芯规格Id*/
  battery_format_id int unsigned,/*电池规格Id*/
  regular_type int,/*规则类型 1 电芯条码 2 电池条码*/
  regular varchar(200),/*规则*/
  regular_name varchar(20),/*规则名称*/
  reset_type int,/*清零方式*/
  num int,/*当前值*/
  create_time datetime not null,/*创建时间*/
  update_time datetime not null,/*更新时间*/
  primary key (id)
) engine=innodb default charset=utf8;

/*电芯规格*/
create table hdg_battery_cell_format (
  id int unsigned not null auto_increment,/*主键*/
  cell_format_name varchar(20) not null,/*电芯规格名称*/
  cell_model_id int unsigned not null,/*电芯型号id*/
  cell_mfr varchar(20) not null,/*电芯厂家*/
  cell_model  varchar(20) not null,/*电芯型号*/
  nominal_cap double not null,/*组包容量 单位Ah*/
  min_nominal_cap double,/*组包容量最小范围 单位Ah*/
  max_nominal_cap double,/*组包容量最大范围 单位Ah*/
  chg_cut_vol double not null,/*充电截至电压 单位V*/
  nominal_vol double not null,/*标称电压 单位V*/
  min_chg_temp double not null,/*充电温度最小范围 单位℃*/
  max_chg_temp double not null,/*充电温度最大范围 单位℃*/
  min_dsg_temp double not null,/*放电温度最小范围 单位℃*/
  max_dsg_temp double not null,/*放电温度最大范围 单位℃*/
  ac_resistance double not null,/*交流内阻 单位m?*/
  min_ac_resistance double,/*交流内阻最小范围 单位℃*/
  max_ac_resistance double,/*交流内阻最大范围 单位℃*/
  resilience_vol double not null,/*回弹电压 单位V*/
  min_resilience_vol double,/*回弹电压最小范围 单位V*/
  max_resilience_vol double,/*回弹电压最大范围 单位V*/
  static_vol double not null,/*静置电压 单位V*/
  min_static_vol double,/*静置电压最小范围 单位V*/
  max_static_vol double,/*静置电压最大范围 单位V*/
  circle int not null,/*循环次数*/
  min_circle double,/*循环次数最小范围*/
  max_circle double,/*循环次数最大范围*/
  barcode_rule varchar(40) not null,/*条码规则*/
  chg_rate double not null,/*充电电流倍率 单位C*/
  chg_current double not null,/*充电电流 单位A*/
  chg_time double not null,/*充电时间 单位小时*/
  max_continue_chg_current double not null,/*最大持续充电电流 单位A*/
  max_continue_dsg_current double not null,/*最大持续放电电流 单位A*/
  dsg_cut_vol varchar(80) not null,/*放电截至电压*/
  memo varchar(100),/*备注*/
  operator varchar(20) not null,/*操作人*/
  create_time datetime not null,/*创建时间*/
  primary key (id),
  index idx_battery_cell_format_cell_mfr (cell_mfr),
  index idx_battery_cell_format_cell_model  (cell_model )
) engine=innodb default charset=utf8;

/*电芯条码*/
create table hdg_battery_cell_barcode (
  id bigint unsigned not null auto_increment,/*主键*/
  cell_format_id int unsigned not null,/*电芯规格Id*/
  cell_mfr varchar(20) not null,/*电芯厂家*/
  cell_model  varchar(20) not null,/*电芯型号*/
  barcode varchar(40) not null,/*条码*/
  operator varchar(20) not null,/*操作人*/
  create_time datetime not null,/*创建时间*/
  primary key (id),
  index idx_battery_cell_barcode_cell_format_id (cell_format_id),
  index idx_battery_cell_barcode_barcode (barcode)
) engine=innodb default charset=utf8;

/*电芯信息*/
create table hdg_battery_cell (
  id  int unsigned not null auto_increment,/*主键*/
  battery_id varchar(40),/*电池id*/
  cell_mfr varchar(20) not null,/*电芯厂家*/
  cell_model varchar(20) not null,/*电芯型号*/
  barcode varchar(20) not null,/*条码编号*/
  nominal_cap int not null,/*组包容量 单位mAh*/
  ac_resistance double not null,/*交流内阻 单位m?*/
  resilience_vol int not null,/*回弹电压 单位mV*/
  static_vol int not null,/*静置电压 单位mV*/
  circle int not null,/*循环次数*/
  appearance tinyint,/*外观指标1.r 2.m 3.l*/
  memo varchar(100),/*备注*/
  operator varchar(20) not null,/*操作人*/
  create_time datetime not null,/*创建时间*/
  primary key (id),
  index idx_battery_cell_cell_mfr (cell_mfr),
  index idx_battery_cell_cell_model (cell_model),
  unique index idx_battery_cell_barcode (barcode)
) engine=innodb default charset=utf8;

/*电池规格*/
create table hdg_battery_format (
  id int unsigned not null auto_increment,/*主键*/
  battery_format_name varchar(20) not null,/*电池规格名称*/
  cell_model_id int not null,/*电芯型号id*/
  cell_mfr varchar(20) not null,/*电芯厂家*/
  cell_model  varchar(20) not null,/*电芯型号*/
  nominal_pow double not null,/*标称容量 单位Ah*/
  nominal_cap double not null,/*组包容量 单位Ah*/
  min_nominal_cap double,/*组包容量最小范围 单位Ah*/
  max_nominal_cap double,/*组包容量最大范围 单位Ah*/
  ac_resistance double not null,/*交流内阻 单位m?*/
  min_ac_resistance double,/*交流内阻最小范围 单位℃*/
  max_ac_resistance double,/*交流内阻最大范围 单位℃*/
  resilience_vol double not null,/*回弹电压 单位V*/
  min_resilience_vol double,/*回弹电压最小范围 单位V*/
  max_resilience_vol double,/*回弹电压最大范围 单位V*/
  static_vol double not null,/*静置电压 单位V*/
  min_static_vol double,/*静置电压最小范围 单位V*/
  max_static_vol double,/*静置电压最大范围 单位V*/
  circle int not null,/*循环次数*/
  min_circle double,/*循环次数最小范围*/
  max_circle double,/*循环次数最大范围*/
  barcode_rule varchar(40) not null,/*条码规则*/
  cell_count int not null,/*电芯串数*/
  memo varchar(100),/*备注*/
  operator varchar(20) not null,/*操作人*/
  create_time datetime not null,/*创建时间*/
  primary key (id),
  index idx_battery_format_cell_mfr (cell_mfr),
  index idx_battery_format_cell_model  (cell_model )
) engine=innodb default charset=utf8;

/*电池条码*/
create table hdg_battery_barcode (
  id bigint unsigned not null auto_increment,/*主键*/
  battery_format_id int unsigned not null,/*电池规格Id*/
  cell_mfr varchar(20) not null,/*电芯厂家*/
  cell_model  varchar(20) not null,/*电芯型号*/
  barcode varchar(40) not null,/*条码*/
  operator varchar(20) not null,/*操作人*/
  create_time datetime not null,/*创建时间*/
  primary key (id),
  index idx_hdg_battery_barcode_battery_format_id (battery_format_id),
  index idx_hdg_battery_barcode_barcode (barcode)
) engine=innodb default charset=utf8;

/*未注册电池*/
create table hdg_unregister_battery (
  id varchar(40) not null,
  version varchar(40),/*版本*/
  voltage int, /*电压*/
  electricity int, /*电流*/

  cell_mfr varchar(20),/*电芯厂家*/
  cell_model varchar(20),/*电芯型号*/
  nominal_cap int,/*组包容量 单位mAh*/
  ac_resistance double,/*交流内阻 单位m?*/
  resilience_vol int,/*回弹电压 单位mV*/
  static_vol int,/*静置电压 单位mV*/
  circle int,/*循环次数*/
  cell_count int,/*电芯串数*/
  appearance tinyint,/*外观指标1.r 2.m 3.l*/
  shell_code varchar(40), /*外壳编号*/
  code varchar(40) not null,/*电池编号*/
  qrcode varchar(40) not null,/*二维码*/


  current_capacity smallint(6), /*当前容量*/
  total_capacity smallint, /*总容量*/
  use_count int,/*使用次数*/
  produce_date datetime, /*生产日期*/
  protect_state int, /*保护状态*/
  fet_status tinyint, /*0充电  1放电  2不充电也不放电*/
  strand tinyint, /*电池串数*/
  temp varchar(40), /*温度*/
  lng double, /*经度*/
  lat double, /*纬度*/
  fet tinyint, /*bit0表示充电，bit1表示放电，0表示mos关闭，1表示打开*/
  position_state tinyint, /*0表示位置不移动 1表示位置移动中 2表示通电中*/
  signal_type tinyint, /*信号类型 0:2g 1:3G 2:4G 3:NBIo*/
  current_signal smallint, /*当前信号*/
  sim_code varchar(40), /*sim卡号*/
  material tinyint, /*材质（1.三元,2.磷酸铁锂,3.铅酸）*/
  single_voltage varchar(100), /*电池每串单体电压*/
  heart_interval smallint,/*心跳间隔*/
  std_interval smallint,/*待机时心跳间隔*/
  volume tinyint,/*当前电量*/
  is_online tinyint,/*上线状态  1.上线  0.未上线*/
  battery_type tinyint,/*电池类型  1.未注册电池  2.换电电池  3.租电电池*/
  report_time datetime, /*上报时间*/
  create_time datetime not null,/*创建时间*/
  primary key(id)
) engine=innodb default charset=utf8;

/*设备信号记录*/
create table hdg_battery_signal (
  id bigint unsigned not null auto_increment,
  battery_id char(8) not null, /*充电桩id*/
  current_signal tinyint not null,/*当前信号*/
  create_time datetime not null, /*桩点编号*/
  primary key(id)
) engine=innodb default charset=utf8;

/*电池充电记录*/
create table hdg_battery_charge_record (
  id bigint unsigned not null auto_increment,/*主键*/
  agent_id int unsigned not null,/*运营商id*/
  battery_id char(40) not null,/*电池id*/
  type tinyint not null, /*1 客户充电 2 柜子充电 3 维护充电*/
  report_time datetime,/*上报时间*/
  begin_time datetime not null, /*充电开始时间*/
  end_time datetime, /*充电结束时间*/
  begin_volume int, /*开始电量*/
  current_volume int, /*当前电量*/
  duration int not null, /*时长 分钟*/

  /*柜子充电*/
  cabinet_id char(12),/*柜子id*/
  cabinet_name varchar(40),/*柜子名称*/
  box_num varchar(10),/*格子编号*/
  /*柜子充电*/

  create_time datetime not null,/*创建时间*/
  primary key(id)
) engine=innodb default charset=utf8;

/*换电电池操作日志*/
create table hdg_battery_operate_log (
  id bigint unsigned not null auto_increment,/*主键*/
  battery_id char(12) not null,/*电池id*/
  operate_type tinyint not null, /*操作类型*/
  customer_id bigint unsigned, /*电池被用户使用时候 有值*/
  customer_mobile char(11), /*电池被用户使用时候 有值*/
  customer_fullname varchar(40), /*电池被用户使用时候 有值*/
  cabinet_id char(12),  /*当电池在柜子中时候 有值*/
  cabinet_name varchar(40),  /*当电池在柜子中时候 有值*/
  shop_id char(12), /*门店id*/
  shop_name varchar(40),/*门店名称*/
  box_num varchar(10), /*当电池在柜子中时候 有值*/
  keeper_id bigint unsigned,/*维护人员取出时候 有值*/
  keeper_name varchar(20), /*维护人员取出时候 有值*/
  keeper_mobile char(11), /*维护人员取出的时候 有值*/
  volume tinyint, /*电量*/
  create_time datetime not null, /*创建时间*/
  primary key (id),
  index idx_battery_operate_log_battery_id (battery_id)
) engine=innodb default charset=utf8;

/*换电白名单*/
create table hdg_exchange_whitelist (
  id int unsigned not null auto_increment,/*主键*/
  agent_id int unsigned not null, /*运营商id*/
  customer_id bigint unsigned not null, /*用户id*/
  mobile char(11), /*手机号*/
  fullname varchar(40), /*姓名*/
  battery_type tinyint, /*电池类型*/
  create_time datetime not null,
  primary key (id),
  unique index idx_customer_id (customer_id)
) engine=innodb default charset=utf8;

/*换电电池押金*/
create table hdg_exchange_battery_foregift (
  id int unsigned not null auto_increment,/*主键*/
  agent_id int unsigned not null, /*运营商id*/
  battery_type tinyint not null, /*电池类型*/
  money int unsigned not null, /*金额*/
  memo varchar(200),/*备注*/
  index battery_type (agent_id, battery_type),
  primary key(id)
) engine=innodb default charset=utf8;

/*换电按次*/
create table hdg_exchange_price_time (
  id int unsigned not null auto_increment,/*主键*/
  agent_id int unsigned not null, /*运营商id*/
  active_single_exchange tinyint not null, /*是否启用单次换电*/
  battery_type tinyint not null,/*电池类型*/
  volume_price int, /*电量单价 分*/
  times_price int, /*次数单格 分*/
  primary key (id),
  unique index idx_agent_id_battery_type (agent_id, battery_type)
) engine=innodb default charset=utf8;

/*换电包时段套餐*/
create table hdg_packet_period_price (
  id bigint unsigned not null auto_increment,/*主键*/
  agent_id int unsigned not null, /*运营商id*/
  agent_name varchar(40), /*运营商名称*/
  agent_code varchar(40), /*运营商编号*/
  battery_type tinyint not null,/*电池类型*/
  foregift_id int not null,/*押金id*/
  day_count int not null, /*天数*/
  price int not null, /*价格*/
  limit_count int,/*次数限制*/
  day_limit_count int,/*每天次数限制*/
  memo varchar(200), /*备注*/
  is_ticket tinyint not null,/*是否使用优惠券 1 可以使用 0 不可使用*/
  create_time datetime not null,/*创建时间*/
  primary key(id)
) engine=innodb default charset=utf8;

/*续费换电包时段套餐*/
create table hdg_packet_period_price_renew (
  id bigint unsigned not null auto_increment,/*主键*/
  price_id int unsigned, /*包时段套餐主键id*/
  agent_id int unsigned not null, /*运营商id*/
  agent_name varchar(40), /*运营商名称*/
  agent_code varchar(40), /*运营商编号*/
  battery_type tinyint not null,/*电池类型*/
  foregift_id int not null,/*押金id*/
  day_count int not null, /*天数*/
  price int not null, /*价格*/
  limit_count int,/*次数限制*/
  day_limit_count int,/*每天次数限制*/
  memo varchar(200), /*备注*/
  is_ticket tinyint not null,/*是否使用优惠券 1 可以使用 0 不可使用*/
  create_time datetime not null,/*创建时间*/
  primary key(id)
) engine=innodb default charset=utf8;

/*换电包时段活动*/
create table hdg_packet_period_activity (
  id bigint unsigned not null auto_increment,/*主键*/
  activity_name varchar(40) not null,
  agent_id int unsigned not null, /*运营商id*/
  battery_type tinyint not null,/*电池类型*/
  day_count int not null, /*天数*/
  price int not null, /*价格*/
  limit_count int,/*次数限制*/
  day_limit_count int,/*每天次数限制*/
  memo varchar(200), /*备注*/
  begin_time datetime not null,
  end_time datetime not null,
  create_time datetime not null,/*创建时间*/
  primary key(id)
) engine=innodb default charset=utf8;

/*活动客户*/
create table hdg_activity_customer (
  id bigint unsigned not null auto_increment,/*主键*/
  activity_id int unsigned not null,/*主键*/
  customer_id bigint unsigned not null, /*客户id*/
  mobile varchar(11), /*手机号*/
  fullname varchar(40), /*昵称*/
  create_time datetime not null,
  unique index idx_activity_id_customer_id (activity_id, customer_id),
  primary key (id)
) engine=innodb default charset=utf8;

/*vip 套餐*/
create table hdg_vip_price (
  id int unsigned not null auto_increment,/*主键*/
  agent_id int unsigned not null, /*运营商id*/
  battery_type tinyint not null, /*电池类型*/
  price_name varchar(40) not null, /*套餐名称*/
  begin_time datetime, /*开始时间*/
  end_time datetime, /*结束时间*/
  cabinet_count int, /*设备数量*/
  shop_count int, /*门店数量*/
  agent_company_count int, /*运营公司*/
  customer_count int, /*骑手数量*/
  station_count int, /*站点数量*/
  is_active tinyint not null,/*是否启用*/
  create_time datetime not null,
  index battery_type (agent_id, battery_type),
  primary key(id)
) engine=innodb default charset=utf8;

/*vip 换电电池押金*/
create table hdg_vip_exchange_battery_foregift (
  id int unsigned not null auto_increment,/*主键*/
  price_id int unsigned,/*vip套餐id*/
  agent_id int unsigned not null, /*运营商id*/
  foregift_id int not null,/*vip押金id*/
  reduce_money int unsigned not null, /*减免金额*/
  memo varchar(200),/*备注*/
  num tinyint,/*被选中押金序号*/
  create_time datetime not null, /*创建时间*/
  primary key(id)
) engine=innodb default charset=utf8;


/*vip 换电包时段套餐*/
create table hdg_vip_packet_period_price (
  id bigint unsigned not null auto_increment,/*主键*/
  vip_foregift_id int unsigned not null,/*vip换电电池押金id*/
  price_id int unsigned,/*vip套餐id*/
  agent_id int unsigned not null, /*运营商id*/
  agent_name varchar(40), /*运营商名称*/
  agent_code varchar(40), /*运营商编号*/
  battery_type tinyint not null,/*电池类型*/
  foregift_id int not null,/*vip押金id*/
  day_count int not null, /*天数*/
  price int not null, /*价格*/
  limit_count int,/*次数限制*/
  day_limit_count int,/*每天次数限制*/
  memo varchar(200), /*备注*/
  is_ticket tinyint not null,/*是否使用优惠券 1 可以使用 0 不可使用*/
  create_time datetime not null,/*创建时间*/
  primary key(id)
) engine=innodb default charset=utf8;

/*vip 续费换电包时段套餐*/
create table hdg_vip_packet_period_price_renew (
  id bigint unsigned not null auto_increment,/*主键*/
  packet_price_id int unsigned, /*VIP包时段套餐主键id*/
  agent_id int unsigned not null, /*运营商id*/
  agent_name varchar(40), /*运营商名称*/
  agent_code varchar(40), /*运营商编号*/
  battery_type tinyint not null,/*电池类型*/
  foregift_id int not null,/*押金id*/
  day_count int not null, /*天数*/
  price int not null, /*价格*/
  limit_count int,/*次数限制*/
  day_limit_count int,/*每天次数限制*/
  memo varchar(200), /*备注*/
  is_ticket tinyint not null,/*是否使用优惠券 1 可以使用 0 不可使用*/
  create_time datetime not null,/*创建时间*/
  primary key(id)
) engine=innodb default charset=utf8;

/*vip 套餐客户*/
create table hdg_vip_price_customer (
  id bigint unsigned not null auto_increment,/*主键*/
  price_id int unsigned,/*vip套餐Id*/
  mobile varchar(11), /*手机号*/
  create_time datetime not null,
  unique index idx_price_id_mobile (price_id, mobile),
  primary key (id)
) engine=innodb default charset=utf8;

/*vip 套餐关联设备表*/
create table hdg_vip_price_cabinet (
  id int unsigned not null auto_increment,/*主键*/
  cabinet_id char(12) not null, /*柜子id*/
  price_id int unsigned, /*VIP 套餐Id*/
  primary key(id),
  unique index idx_cabinet_id_price_id (cabinet_id, price_id),
  unique index idx_price_id_cabinet_id (price_id, cabinet_id)
) engine=innodb default charset=utf8;

/*vip 套餐关联门店*/
create table hdg_vip_price_shop (
  id int unsigned not null auto_increment,/*主键*/
  shop_id char(12) not null, /*门店id*/
  price_id int unsigned, /*VIP 套餐Id*/
  primary key(id),
  unique index idx_shop_id_price_id (shop_id, price_id),
  unique index idx_price_id_shop_id (price_id, shop_id)
) engine=innodb default charset=utf8;

/*vip 套餐关联运营公司*/
create table hdg_vip_price_agent_company (
  id int unsigned not null auto_increment,/*主键*/
  agent_company_id char(12) not null, /*运营公司id*/
  price_id int unsigned, /*VIP 套餐Id*/
  primary key(id),
  unique index idx_agent_company_id_price_id (agent_company_id, price_id),
  unique index idx_price_id_agent_company_id (price_id, agent_company_id)
) engine=innodb default charset=utf8;

/*vip 套餐关联站点*/
create table hdg_vip_price_station (
  id int unsigned not null auto_increment,/*主键*/
  station_id char(12) not null, /*柜子id*/
  price_id int unsigned, /*VIP 套餐Id*/
  primary key(id),
  unique index idx_station_id_price_id (station_id, price_id),
  unique index idx_price_id_station_id (price_id, station_id)
) engine=innodb default charset=utf8;

/*运营商保险*/
create table hdg_insurance (
  id int unsigned not null auto_increment,/*主键*/
  agent_id int unsigned not null,
  insurance_name varchar(40) not null,/*保险名称*/
  battery_type tinyint not null,/*电池类型*/
  price int not null, /*价格*/
  paid int not null, /*保额*/
  month_count int not null, /*时长*/
  is_active tinyint not null,/*是否有效*/
  memo varchar(200), /*备注*/
  create_time datetime not null,
  primary key(id)
) engine=innodb default charset=utf8;

/*电池上线记录*/
create table hdg_battery_install_record (
  id int unsigned not null auto_increment,/*主键*/
  agent_id int unsigned not null,
  battery_id char(12) not null,
  battery_type tinyint not null,/*电池类型*/
  status tinyint not null,/*状态 0 未上线 1已上线*/
  create_time datetime not null,
  primary key(id)
) engine=innodb default charset=utf8;

/*电池类型收入分配*/
create table hdg_battery_type_income_ratio (
  id int unsigned not null auto_increment,/*主键*/
  agent_id int unsigned not null,
  battery_type tinyint not null,/*电池类型*/
  rent_period_type int, /*租金周期 月*/
  rent_period_money int, /*租金周期 每个周期收多少钱*/
  rent_expire_time datetime, /*租金周期 过期时间*/
  is_review tinyint not null,/*是否需要审核 0 免审 1 审核*/
  create_time datetime not null,
  primary key (id)
) engine=innodb default charset=utf8;

/*客户购买押金租金退电池退押金租金消费轨迹*/
create table bas_customer_pay_track (
  id int unsigned not null auto_increment,/*主键*/
  agent_id int unsigned,
  customer_id bigint unsigned not null, /*客户id*/
  customer_mobile char(11),/*客户手机*/
  customer_fullname varchar(40),/*客户名称*/
  track_type tinyint,
  memo varchar(200), /*备注*/
  create_time datetime not null,
  primary key (id)
) engine=innodb default charset=utf8;

/*用户换电押金记录*/
create table bas_customer_foregift_order (
  id varchar(32) not null,/*主键*/
  partner_id int unsigned not null, /*商户id*/
  agent_id int unsigned not null, /*运营商Id*/
  agent_name varchar(40),
  agent_code varchar(40), /*运营商编号*/
  shop_id char(12),
  shop_name varchar(40),
  agent_company_id char(12),
  agent_company_name varchar(40),
  cabinet_id char(12), /*柜子id*/
  station_id char(12),/*站点ID*/
  station_name varchar(40),/*站点名称*/
  battery_type tinyint, /*电池类型*/
  price int not null, /*金额 按分计*/
  money int not null, /*金额 按分计*/
  consume_deposit_balance int not null, /*消费充值余额*/
  consume_gift_balance int not null, /*消费赠送余额*/
  customer_id bigint unsigned not null, /*客户id*/
  customer_mobile char(11),/*客户手机*/
  customer_fullname varchar(40),/*客户名称*/
  status tinyint not null, /*状态: 1 待支付 2 已支付 3 待退款 4 已退款*/
  handle_time datetime, /*处理时间*/
  memo varchar(200), /*备注*/
  pay_time datetime, /*支付时间*/
  pay_type tinyint not null, /*支付类型*/
  foregift_id  bigint unsigned, /*押金id*/
  ticket_name varchar(40), /*押金优惠券名称*/
  ticket_money int unsigned, /*押金优惠券金额*/
  coupon_ticket_id bigint unsigned, /*押金优惠券id*/
  deduction_ticket_name varchar(40), /*电池抵扣券名称*/
  deduction_ticket_money int unsigned, /*电池抵扣券金额*/
  deduction_ticket_id bigint unsigned, /*电池抵扣券id*/
  apply_refund_time datetime, /*申请退款时间*/
  refund_time datetime, /*退款时间*/
  refund_money int unsigned, /*退款金额*/
  refund_photo varchar(120), /*退款照片*/
  refund_operator varchar(40), /*退款人*/
  complete_installment_time datetime, /*完成分期时间*/
  reduce_money int unsigned, /*vip押金减免金额*/
  vehicle_order_flag tinyint default 0, /*是否是通过租车流程产生的订单 1 是 0 否*/
  create_time datetime not null, /*创建时间*/
  primary key (id),
  index idx_customer_hd_foregift_order_mobile (customer_mobile, status)
) engine=innodb default charset=utf8;

/*用户押金退款记录详情*/
create table bas_customer_foregift_refund_detailed (
  id varchar(32) not null,/*主键*/
  num tinyint not null, /*退款编号*/
  refund_money int unsigned, /*退款金额*/
  refund_photo varchar(120), /*退款照片*/
  refund_type tinyint not null, /*退款类型*/
  refund_operator varchar(40), /*退款人*/
  create_time datetime not null, /*创建时间*/
  primary key (id,num)
) engine=innodb default charset=utf8;

/*押金租金转让记录*/
create table bas_foregift_packet_money_transfer_record (
  id bigint unsigned not null auto_increment,/*主键*/
  agent_id int unsigned not null,/*运营商id*/
  agent_name varchar(40),/*运营商名称*/
  foregift_order_id varchar(32) not null,/*转让押金订单id*/
  packet_period_order_id varchar(1024) not null,/*转让租金订单id*/
  foregift_money int not null,/*转让押金金额*/
  battery_order_id varchar(1024) not null,/*转让换电订单id*/
  customer_id bigint unsigned not null, /*原客户id*/
  customer_mobile char(11),/*原客户手机*/
  customer_fullname varchar(40),/*原客户名称*/
  transfer_customer_id bigint unsigned not null, /*被转让客户id*/
  transfer_customer_mobile char(11),/*被转让客户手机*/
  transfer_customer_fullname varchar(40),/*被转让客户名称*/
  memo varchar(200),/*备注*/
  create_time datetime not null,/*创建时间*/
  primary key(id)
) engine=innodb default charset=utf8;

/*拉新规则*/
create table bas_laxin_setting (
  id int unsigned not null auto_increment,/*主键*/
  setting_name varchar(40) not null,
  agent_id int unsigned not null, /*运营商id*/
  agent_name varchar(40),
  agent_code varchar(40),
  laxin_money int not null, /*每次拉新获得金额*/
  ticket_money int not null, /*客户购买租金优惠金额*/
  ticket_day_count int not null, /*优惠券有效期*/
  packet_period_money int not null, /*购买租金获得金额*/
  packet_period_month int not null, /*购买租金获得金额过期月份*/
  is_active tinyint not null,
  income_type tinyint not null, /*1 按次 2 按月*/
  memo varchar(256),
  interval_day int not null, /*拉新间隔天数*/
  type tinyint not null, /*1 普通 2 自注册*/
  create_time datetime not null, /*创建时间*/
  primary key (id),
  index idx_agent_id (agent_id, setting_name)
) engine=innodb default charset=utf8;

/*拉新*/
create table bas_laxin (
  id int unsigned not null auto_increment,/*主键*/
  partner_id int unsigned not null,
  agent_id int unsigned not null, /*运营商id*/
  agent_name varchar(40),
  agent_code varchar(40),
  mobile char(11), /*手机号*/
  password varchar(40),
  laxin_money int not null, /*每次拉新获得金额*/
  ticket_money int not null, /*客户购买租金优惠金额*/
  ticket_day_count int not null, /*优惠券有效期*/
  packet_period_money int not null, /*购买租金获得金额*/
  packet_period_month int not null, /*购买租金获得金额过期月份*/
  is_active tinyint not null,
  income_type tinyint not null, /*1 按次 2 按月*/
  memo varchar(256),
  interval_day int not null, /*拉新间隔天数*/
  create_time datetime not null, /*创建时间*/
  primary key (id),
  unique index idx_customer_id (agent_id, mobile),
  index idx_mobile (mobile)
) engine=innodb default charset=utf8;

/*拉新客户*/
create table bas_laxin_customer (
  id int unsigned not null auto_increment,/*主键*/
  partner_id int unsigned not null, /*商户Id*/
  agent_id int unsigned not null, /*运营商id*/
  agent_name varchar(40),
  agent_code varchar(40),
  laxin_id int unsigned not null,
  laxin_mobile char(11), /*手机号*/
  laxin_money int, /*每次拉新获得金额*/
  packet_period_money int, /*购买租金获得金额*/
  packet_period_month int, /*购买租金获得金额过期月份*/
  packet_period_expire_time datetime, /*包月过期时间*/
  income_type tinyint, /*1 按次 2 按月*/
  target_customer_id bigint unsigned, /*目标用户id*/
  target_mobile char(11), /*目标手机号*/
  target_fullname varchar(40), /*目标姓名*/
  foregift_time datetime, /*购买押金时间*/
  exchange_time datetime, /*第一次换电时间*/
  create_time datetime not null, /*创建时间*/
  primary key (id),
  unique index idx_partner_id_target_mobile (partner_id, target_mobile)
) engine=innodb default charset=utf8;

/*取消拉新*/
create table bas_cancel_laxin_customer (
  id int unsigned not null auto_increment,/*主键*/
  agent_id int unsigned not null, /*运营商id*/
  laxin_mobile char(11), /*手机号*/
  target_customer_id bigint unsigned, /*目标用户id*/
  target_mobile char(11), /*目标手机号*/
  target_fullname varchar(40), /*目标姓名*/
  cancel_canuse varchar(1024),/*取消原因*/
  create_time datetime not null, /*创建时间*/
  primary key (id)
) engine=innodb default charset=utf8;

/*拉新记录*/
create table bas_laxin_record (
  id char(32) not null,/*主键*/
  agent_id int unsigned not null, /*运营商id*/
  agent_name varchar(40),
  agent_code varchar(40),
  laxin_id int unsigned not null,
  laxin_mobile char(11), /*拉新手机号*/
  laxin_money int not null, /*每次拉新获得金额*/
  target_customer_id bigint unsigned, /*目标用户id*/
  target_mobile char(11), /*目标手机号*/
  target_fullname varchar(40), /*目标姓名*/
  pay_type tinyint, /*付款类型*/
  status tinyint not null, /*付款状态*/
  pay_time datetime, /*付款时间*/
  transfer_time datetime, /*转账时间*/
  order_id char(32), /*订单编号*/
  income_type tinyint not null, /*佣金类型*/
  foregift_money int not null,
  packet_period_money int not null,
  mp_open_id varchar(40),
  account_name varchar(40),
  cancel_canuse varchar(512),/*取消原因*/
  create_time datetime not null,
  primary key (id),
  index idx_agent_id_laxin_customer_id_status (agent_id, laxin_mobile, status),
  index idx_agent_id_status (agent_id, status),
  index idx_status (status),
  index idx_laxin_id (laxin_id, status),
  index idx_agent_id_pay_time (agent_id, pay_time),
  index idx_agent_id_create_time (agent_id, create_time)
) engine=innodb default charset=utf8;

/*拉新付款订单*/
create table bas_laxin_pay_order (
  id char(32) not null,/*主键*/
  agent_id int unsigned not null, /*运营商id*/
  agent_name varchar(40),
  agent_code varchar(40),
  money int not null, /*总金额*/
  record_count int not null, /*记录数*/
  pay_type tinyint, /*付款类型*/
  status tinyint not null, /*付款状态*/
  pay_time datetime, /*付款时间*/
  create_time datetime not null,
  primary key (id),
  index idx_agent_id_status (agent_id, status)
) engine=innodb default charset=utf8;

/*拉新付款订单明细*/
create table bas_laxin_pay_order_detail (
  order_id char(32) not null, /*订单Id*/
  record_id char(32) not null, /*记录Id*/
  primary key (order_id, record_id)
) engine=innodb default charset=utf8;

/*拉新微信转账操作日志*/
create table bas_laxin_record_transfer_log (
  id bigint unsigned not null auto_increment,/*主键*/
  record_id char(32) not null,/*订单id*/
  operator_name varchar(40) not null,/*操作人名称*/
  content varchar(512) not null,/*内容*/
  create_time datetime not null,/*创建时间*/
  index record_id_create_time (record_id, create_time),
  primary key (id)
) engine=innodb default charset=utf8;

/*提现申请*/
create table bas_withdraw (
  id char(32) not null,
  type tinyint not null, /*1 客户 2 运营商 3 门店*/
  partner_id int unsigned not null, /*商户id*/
  customer_id bigint unsigned,
  customer_fullname varchar(40), /*客户姓名*/
  customer_mobile char(11), /*客户手机号*/
  agent_id int unsigned,
  agent_name varchar(40),
  agent_code varchar(40),
  shop_id char(12),
  shop_name varchar(40),
  estate_id int unsigned,
  estate_name varchar(40),
  agent_company_id char(12),
  agent_company_name varchar(40),
  platform_account_id int unsigned,
  platform_account_name varchar(40),
  account_type tinyint not null, /*1 公众号 2 支付宝 3 微信*/
  account_name varchar(40), /*姓名*/
  wx_open_id varchar(40), /*微信openId*/
  weixin_account varchar(40), /*公众号账户 一般是openid*/
  alipay_account varchar(40), /*支付宝账户 支付宝账户*/
  money int not null, /*提现金额*/
  real_money int not null, /*实提金额*/
  service_money int not null, /*手续费*/
  status tinyint not null, /*1待审核 2 审核成功 3 审核失败 4 提现成功 5 提现失败*/
  status_message varchar(800), /*提示消息*/
  audit_time datetime, /*审核时间*/
  handle_time datetime, /*处理时间*/
  cancel_time datetime, /*取消时间*/
  audit_user varchar(40), /*处理人*/
  audit_memo varchar(40), /*处理人意见*/
  create_time datetime not null,
  belong_agent_id int unsigned, /*所属运营商ID*/
  primary key (id)
) engine=innodb default charset=utf8;

/*提现转账操作日志*/
create table bas_withdraw_transfer_log (
  id bigint unsigned not null auto_increment,/*主键*/
  withdraw_id char(32) not null,/*订单id*/
  operator_name varchar(40) not null,/*操作人名称*/
  content varchar(512) not null,/*内容*/
  create_time datetime not null,/*创建时间*/
  index withdraw_id_create_time (withdraw_id, create_time),
  primary key (id)
) engine=innodb default charset=utf8;

/*客户人工认证记录*/
create table bas_customer_manual_auth_record (
  id bigint unsigned not null auto_increment,
  customer_id bigint unsigned not null,
  partner_id int unsigned not null,
  fullname varchar(40) not null,
  mobile char(11) not null,
  id_card varchar(40) not null,
  id_card_face varchar(120),
  id_card_rear varchar(120),
  auth_face_path varchar(120),
  audit_time datetime,
  audit_memo varchar(200),
  audit_user varchar(40),
  status tinyint not null, /*1 待审核 2 审核通过 3 审核不通过*/
  create_time datetime not null,
  primary key(id)
) engine=innodb default charset=utf8;

/*客户分期记录*/
create table bas_customer_installment_record (
  id bigint unsigned not null auto_increment,
  partner_id int unsigned not null,
  customer_id bigint unsigned not null,
  fullname varchar(40) not null,
  mobile char(11) not null,
  agent_id int unsigned not null,
  agent_name varchar(40),
  agent_code varchar(40),
  fee_money int not null,/*手续费*/
  category tinyint not null, /*1 换电 2 租电*/
  foregift_money int, /*押金金额*/
  packet_money int, /*租金金额*/
  status tinyint not null, /*1 未支付 2 分期中 3 已完成 4 已退款*/
  total_money int not null, /*总金额*/
  paid_money int not null, /*已支付金额*/
  exchange_setting_id bigint unsigned, /*分期设置id*/
  rent_setting_id bigint unsigned, /*分期设置id*/
  create_time datetime not null,
  primary key(id),
  index customer_id_status (customer_id, status)
) engine=innodb default charset=utf8;

/*客户欠款记录付款明细*/
create table bas_customer_installment_record_pay_detail (
  id bigint unsigned not null auto_increment,
  record_id bigint unsigned not null,
  num tinyint not null,
  partner_id int unsigned not null,
  customer_id bigint unsigned not null,
  fullname varchar(40) not null,
  mobile char(11) not null,
  agent_id int unsigned not null,
  agent_name varchar(40),
  agent_code varchar(40),
  category tinyint not null, /*1 换电 2 租电*/
  status tinyint not null, /*1 未付款 2 已付款 3 已退款 4 已取消*/
  order_id char(32), /*付款订单Id*/
  pay_time datetime,
  pay_type tinyint,
  total_money int not null, /*总金额*/
  money int not null, /*本次支付金额*/
  fee_type tinyint not null,/*1 费率  2 固定手续费 3 无手续费*/
  fee_money int not null,/*手续费*/
  foregift_money int not null,
  packet_money int not null,
  insurance_money int not null,
  expire_time datetime not null, /*过期时间*/
  create_time datetime not null,
  primary key(id),
  index customer_id_status (customer_id, status)
) engine=innodb default charset=utf8;

/*欠款订单明细*/
create table bas_customer_installment_record_order_detail (
  record_id bigint unsigned not null,
  num tinyint not null,
  source_type tinyint not null,
  source_id char(32) not null,
  category tinyint not null, /*1 换电 2 租电*/
  money int not null,
  primary key (record_id, num),
  unique index category_source (category, source_id, source_type)
) engine=innodb default charset=utf8;

/*客户多通道支付订单*/
create table bas_customer_multi_order (
  id bigint unsigned not null auto_increment,
  total_money int not null, /*总金额*/
  debt_money int not null, /*待付金额*/
  partner_id int unsigned not null,
  customer_id bigint unsigned not null,
  fullname varchar(40) not null,
  mobile char(11) not null,
  agent_id int unsigned not null,
  agent_name varchar(40),
  agent_code varchar(40),
  status tinyint not null, /*1 未支付 2 付款中 3 付款完成*/
  type tinyint not null, /*1 换电 2 租电 3 租车*/
  apply_refund_time datetime, /*申请退款时间*/
  refund_time datetime, /*退款时间*/
  refund_money int unsigned, /*退款金额*/
  refund_operator varchar(40), /*退款人*/
  create_time datetime not null,
  primary key (id)
) engine=innodb default charset=utf8;

/*客户多通道支付订单明细*/
create table bas_customer_multi_order_detail (
  order_id bigint unsigned not null,
  num tinyint not null,
  source_type tinyint not null,
  source_id char(32) not null,
  money int not null,
  primary key (order_id, num)
) engine=innodb default charset=utf8;

/*客户多通道支付付款明细*/
create table bas_customer_multi_pay_detail (
  id bigint unsigned not null auto_increment,
  order_id bigint unsigned not null,
  partner_id int unsigned not null, /*商户id*/
  agent_id int unsigned,/*运营商id*/
  agent_name varchar(40),
  agent_code varchar(40), /*运营商编号*/
  money int not null,
  pay_type tinyint,
  pay_time datetime,
  status tinyint not null, /*1 未支付 2 已支付*/
  customer_id bigint unsigned not null,
  customer_mobile char(11),
  customer_fullname varchar(40),
  create_time datetime not null,
  primary key (id)
) engine=innodb default charset=utf8;

/*换电分期设置*/
create table hdg_exchange_installment_setting (
  id bigint unsigned not null auto_increment,
  mobile char(11),
  fullname varchar(40),
  agent_id int unsigned not null,
  agent_name varchar(40),
  agent_code varchar(40),
  setting_name varchar(40),
  deadline_time datetime not null, /*截至时间*/
  setting_type int not null,/*规则类型*/
  is_active tinyint not null,
  create_time datetime not null,
  primary key(id),
  unique index mobile (mobile)
) engine=innodb default charset=utf8;

/*换电分期期数总表*/
create table hdg_exchange_installment_count (
  id int unsigned not null auto_increment,
  setting_id bigint unsigned not null,
  count tinyint not null,
  fee_type tinyint not null,/*1 费率  2 固定手续费 3 无手续费*/
  fee_money int not null, /*手续费金额*/
  fee_percentage int not null, /*手续费百分比*/
  primary key(id)
) engine=innodb default charset=utf8;

/*换电分期期数明细表*/
create table hdg_exchange_installment_count_detail (
  id int unsigned not null auto_increment,
  count_id bigint unsigned not null,/*换电分期期数总表id*/
  num tinyint not null,
  fee_type tinyint not null,/*1 费率  2 固定手续费 3 无手续费*/
  fee_money int not null, /*手续费金额*/
  fee_percentage int not null, /*手续费百分比*/
  min_foregift_percentage int not null, /*最低押金金额百分比*/
  min_foregift_money int not null,
  min_packet_period_money int not null,
  min_packet_period_percentage int not null, /*最低租金金额百分比*/
  primary key(id)
) engine=innodb default charset=utf8;
/*绑定骑手*/
create table hdg_exchange_installment_customer (
  setting_id bigint unsigned not null,
  customer_id bigint unsigned,
  customer_mobile char(11)  not null,
  customer_fullname varchar(40),
  primary key(setting_id, customer_mobile)
) engine=innodb default charset=utf8;
/*绑定柜子*/
  create table hdg_exchange_installment_cabinet (
  setting_id bigint unsigned not null,
  cabinet_id char(12) not null, /*柜子id*/
  cabinet_name varchar(40),/*柜子名称*/
  primary key(setting_id, cabinet_id)
) engine=innodb default charset=utf8;

/*绑定站点*/
create table hdg_exchange_installment_station (
  setting_id bigint unsigned not null,
  station_id char(12) not null, /*站点id*/
  station_name varchar(40),/*站点名称*/
  primary key(setting_id, station_id)
) engine=innodb default charset=utf8;


/*换电包月订单*/
create table hdg_packet_period_order (
  id char(32) not null,/*主键*/
  partner_id int unsigned not null, /*商户id*/
  agent_id int unsigned,/*运营商id*/
  agent_name varchar(40),
  agent_code varchar(40), /*运营商编号*/
  shop_id char(12), /*门店id*/
  shop_name varchar(40), /*门店名称*/
  station_id char(12), /*站点id*/
  station_name varchar(40), /*站点名称*/
  agent_company_id char(12), /*运营公司id*/
  agent_company_name varchar(40), /*运营公司名称*/
  cabinet_id char(12), /*柜子id*/
  battery_type tinyint, /*电池型号*/
  activity_id int unsigned,
  day_count int unsigned not null, /*订单天数*/
  begin_time datetime,/*开始束时间*/
  end_time datetime,/*结束时间*/
  expire_time datetime, /*设置过期的时间*/
  limit_count int,/*次数限制*/
  day_limit_count int,/*日次数限制*/
  status tinyint not null, /*1 未付款 2 未使用 3 已取消 4 已使用 5 已过期*/
  customer_id bigint unsigned not null, /*电池被用户使用时候 有值*/
  customer_mobile char(11), /*电池被用户使用时候 有值*/
  customer_fullname varchar(40), /*电池被用户使用时候 有值*/
  pay_type tinyint, /*支付类型*/
  pay_time datetime,/*支付时间*/
  refund_time datetime, /*退款时间*/
  refund_money int, /*退款金额*/
  price int not null, /*套餐价格*/
  money int not null, /*实付金额*/
  consume_deposit_balance int not null, /*充值余额*/
  consume_gift_balance int not null, /*充值余额*/
  ticket_name varchar(40), /*优惠券名称*/
  ticket_money int unsigned, /*优惠券金额*/
  coupon_ticket_id bigint unsigned, /*优惠券id*/
  order_count int not null, /*使用次数*/
  scan_cabinet_id char(12), /*扫码支付柜子id*/
  operator_memo varchar(256),/*操作记录*/
  expire_notice_time datetime,/*过期推送时间*/
  complete_installment_time datetime, /*完成分期时间*/
  vehicle_order_flag tinyint default 0, /*是否是通过租车流程产生的订单 1 是 0 否*/
  create_time datetime not null,/*创建时间*/
  primary key (id),
  index idx_packet_period_order_customer_mobile (customer_mobile, status),
  index idx_packet_period_order_customer_id (customer_id, status),
  index idx_packet_period_order_exipre_time (expire_time)
) engine=innodb default charset=utf8;

/*包月订单退款*/
create table hdg_packet_period_order_refund (
  id CHAR(32) not null,/*主键*/
  agent_id int unsigned,/*运营商id*/
  money int not null, /*金额*/
  customer_id bigint unsigned not null,/*客户id*/
  customer_mobile char(11) not null,/*客户手机*/
  customer_fullname varchar(40),/*客户名称*/
  refund_status tinyint not null, /*退款状态 1 申请退款 2 已退款 3 拒绝退款*/
  refund_reason varchar(40) not null, /*退款原因*/
  apply_refund_time datetime, /*申请退款时间*/
  refund_time datetime, /*退款时间*/
  refund_money int unsigned, /*退款金额*/
  refund_photo varchar(120), /*退款照片*/
  refund_operator varchar(40), /*退款人*/
  memo varchar(120),
  create_time datetime not null,/*创建时间*/
  primary key (id)
) engine=innodb default charset=utf8;

/*保险订单*/
create table hdg_insurance_order (
  id char(32) not null,/*主键*/
  partner_id int unsigned not null, /*商户id*/
  agent_id int unsigned,/*运营商id*/
  cabinet_id char(12), /*柜子id*/
  battery_type tinyint,
  agent_name varchar(40),
  agent_code varchar(40), /*运营商编号*/
  month_count int unsigned not null, /*订单月份*/
  begin_time datetime,/*开始束时间*/
  end_time datetime,/*结束时间*/
  status tinyint not null, /*1 未付款 2 已支付 3 已过期*/
  customer_id bigint unsigned not null,
  customer_mobile char(11),
  customer_fullname varchar(40),
  pay_type tinyint, /*支付类型*/
  pay_time datetime,/*支付时间*/
  price int not null, /*保费*/
  paid int not null, /*保额*/
  money int not null, /*实付金额*/
  consume_deposit_balance int not null, /*充值余额*/
  consume_gift_balance int not null, /*充值余额*/
  apply_refund_time datetime, /*申请退款时间*/
  refund_time datetime, /*退款时间*/
  refund_money int unsigned, /*退款金额*/
  refund_photo varchar(120), /*退款照片*/
  refund_operator varchar(40), /*退款人*/
  complete_installment_time datetime, /*完成分期时间*/
  create_time datetime not null,/*创建时间*/
  primary key (id),
  index idx_insurance_order_customer_mobile (customer_mobile, status),
  index idx_insurance_order_customer_id (customer_id, status)
) engine=innodb default charset=utf8;

/*换电订单*/
create table hdg_battery_order (
  id char(32) not null,/*主键*/
  partner_id int unsigned not null, /*商户id*/
  agent_id int unsigned not null,/*运营商id*/
  battery_type tinyint not null,/*电池类型*/
  province_id int unsigned, /*省份id*/
  city_id int unsigned, /*城市id*/
  district_id int unsigned, /*区id*/
  battery_id char(12) not null,/*电池id*/
  take_shop_id char(12),/*取出电池店铺id*/
  take_shop_name varchar(40), /*取出电池店铺名称*/
  take_agent_company_id char(12),/*取出电池运营公司id*/
  take_agent_company_name varchar(40), /*取出电池运营公司名称*/
  take_cabinet_id char(12), /*取电组id*/
  take_cabinet_name varchar(40),/*取电柜子名称*/
  take_box_num varchar(20), /*取电箱号*/
  take_time datetime, /*取电时间*/
  init_volume tinyint, /*初始电量*/
  init_capacity int, /*取出电池容量*/
  put_shop_id char(12),/*放入电池店铺id*/
  put_shop_name varchar(40), /*放入电池店铺名称*/
  put_agent_company_id char(12),/*放入电池运营公司id*/
  put_agent_company_name varchar(40),/*放入电池运营公司名称*/
  put_cabinet_id char(12), /*放电组id*/
  put_cabinet_name varchar(40),/*放电柜子名称*/
  put_box_num varchar(20), /*放电箱号*/
  put_time datetime, /*放电时间*/
  pay_time datetime, /*付款时间*/
  pay_type tinyint, /*支付类型*/
  price int, /*换电价格*/
  money int, /*实付金额*/
  current_capacity int, /*当前电池容量*/
  current_volume tinyint, /*当前电量*/
  current_distance int not null, /*骑行距离*/
  customer_id bigint unsigned not null,/*客户id*/
  customer_mobile char(11) not null,/*客户手机*/
  customer_fullname varchar(40),/*客户名称*/
  order_status tinyint(4) not null,/*订单状态*/
  refund_status tinyint, /*退款状态 1 申请退款 2 已退款 3 拒绝退款*/
  refund_time datetime, /*退款时间*/
  refund_money int unsigned, /*退款金额*/
  refund_reason varchar(40), /*退款原因*/
  address varchar(120), /*地址*/
  ticket_name varchar(40), /*优惠券名称*/
  ticket_money int unsigned, /*优惠券金额*/
  coupon_ticket_id bigint unsigned, /*优惠券id*/
  packet_period_order_id char(32),/*包时段订单id*/
  error_message varchar(80), /*换电错误消息*/
  error_time datetime, /*换电出现错误的时间*/
  pay_timeout_fault_log_id bigint unsigned, /*付款超时推送时间*/
  not_take_timeout_fault_log_id bigint unsigned, /*未取出超时推送时间*/
  take_timeout_fault_log_id bigint unsigned, /*使用超时推送时间*/
  low_volume_voice_time datetime, /*低电量语音推送时间*/
  complete_time datetime,/*結束时间*/
  vehicle_order_flag tinyint default 0, /*是否是通过租车流程产生的订单 1 是 0 否*/
  create_time datetime not null,/*创建时间*/
  primary key (id),
  index idx_battery_order_pay_timeout_fault_log_id (pay_timeout_fault_log_id),
  index idx_battery_order_not_take_timeout_fault_log_id (not_take_timeout_fault_log_id),
  index idx_battery_order_pay_time (pay_time),
  index idx_battery_order_create_time (create_time),
  index idx_battery_order_put_time (put_time),
  index idx_battery_order_take_time (take_time)
) engine=innodb default charset=utf8;

/*换电订单退款*/
create table hdg_battery_order_refund (
  id char(32) not null,/*主键*/
  agent_id int unsigned not null,/*运营商id*/
  cabinet_id char(12), /*换电柜id*/
  money int, /*金额*/
  customer_id bigint unsigned not null,/*客户id*/
  customer_mobile char(11) not null,/*客户手机*/
  customer_fullname varchar(40),/*客户名称*/
  refund_status tinyint, /*退款状态 1 申请退款 2 已退款 3 拒绝退款*/
  refund_reason varchar(40) not null, /*退款原因*/
  apply_refund_time datetime, /*申请退款时间*/
  refund_time datetime, /*退款时间*/
  refund_money int unsigned, /*退款金额*/
  refund_photo varchar(120), /*退款照片*/
  refund_operator varchar(40), /*退款人*/
  create_time datetime not null,/*创建时间*/
  primary key (id)
) engine=innodb default charset=utf8;

/*收电订单*/
create table hdg_keep_take_order (
  id char(21) not null, /*cabinet_id + yyyymmdd 例如: t00000120170101*/
  dispatcher_id bigint unsigned, /*调度员*/
  agent_id int unsigned not null,/*运营商id*/
  cabinet_id char(12), /*取电柜子id*/
  cabinet_name varchar(40), /*取电柜子名称*/
  order_count int unsigned not null, /*数量*/
  last_time datetime not null,/*最后收电时间*/
  create_time datetime not null,/*创建时间*/
  primary key(id)
) engine=innodb default charset=utf8;

/*投电订单*/
create table hdg_keep_put_order (
  id char(21) not null, /*cabinet_id + yyyymmdd 例如: p00000120170101*/
  dispatcher_id bigint unsigned, /*调度员*/
  agent_id int unsigned not null,/*运营商id*/
  cabinet_id char(12), /*取电柜子id*/
  cabinet_name varchar(40), /*取电柜子名称*/
  order_count int unsigned not null, /*数量*/
  last_time datetime not null,/*最后投电时间*/
  create_time datetime not null,/*创建时间*/
  primary key(id)
) engine=innodb default charset=utf8;

/*维护订单*/
create table hdg_keep_order (
  id char(32) not null,/*主键*/
  agent_id int unsigned not null, /*运营商id*/
  battery_id char(12) not null, /*电池id*/
  take_order_id char(21), /*收电订单id*/
  put_order_id char(21), /*投电订单id*/
  take_cabinet_id char(20),/*取电柜子id*/
  take_cabinet_name varchar(40),/*取电柜子名称*/
  take_box_num varchar(20), /*取电箱号*/
  take_time datetime, /*取电时间*/
  init_volume tinyint, /*初始电量*/
  put_cabinet_id char(20),/*放电柜子id*/
  put_cabinet_name varchar(40),/*放电柜子名称*/
  put_box_num varchar(20), /*放电箱号*/
  put_time datetime, /*放电时间*/
  current_volume tinyint, /*当前电量*/
  take_user_id bigint unsigned, /*收电用户id*/
  take_user_fullname char(13), /*收电用户姓名*/
  take_user_mobile char(11), /*收电用户手机号*/
  put_user_id bigint unsigned, /*投电用户手机号*/
  put_user_fullname char(13), /*投电用户姓名*/
  put_user_mobile char(11), /*投电用户手机号*/
  order_status tinyint(4) not null, /*订单状态 1 已取出 2 已放入*/
  create_time datetime not null,/*创建时间*/
  primary key (id)
) engine=innodb default charset=utf8;

/*退租电池订单*/
create table hdg_back_battery_order (
  id varchar(32) not null,/*主键*/
  agent_id int unsigned not null, /*运营商id*/
  order_status tinyint not null, /*订单状态 1 预约成功 2 已换电 3 已取消 4 已过期*/
  cabinet_id char(12) not null,/*柜子id*/
  cabinet_name varchar(40) not null,/*柜子名称*/
  box_num varchar(20) not null,/*格子编号*/
  battery_id char(12) , /*电池id*/
  customer_id bigint unsigned not null,/*客户id*/
  customer_mobile char(11) not null,/*客户手机*/
  customer_fullname varchar(40),/*客户名称*/
  back_time datetime, /*还电时间*/
  cancel_time datetime, /*取消时间*/
  expire_time datetime, /*过期时间*/
  create_time datetime not null, /*创建时间*/
  primary key (id)
) engine=innodb default charset=utf8;

/*短信接口*/
create table bas_sms_config (
  id int unsigned not null auto_increment,/*主键*/
  partner_id int unsigned not null,
  sms_type tinyint not null,/*短信类型*/
  config_name varchar(20) not null,/*配置名称*/
  account varchar(20),/*账号*/
  password varchar(40),/*密码*/
  balance varchar(256),/*余额*/
  is_active tinyint not null,/*是否启用*/
  sign varchar(10),/*签名*/
  sign_place tinyint not null,/*签名位置*/
  update_time datetime,/*更新时间*/
  primary key (id)
) engine=innodb default charset=utf8;

/*短信模板*/
create table bas_mobile_message_template (
  partner_id int unsigned not null,
  id smallint not null,/*主键*/
  title varchar(20),/*标题*/
  content varchar(160),/*内容*/
  receiver varchar(10),/*接收人*/
  variable varchar(80),/*变量*/
  code varchar(40),/*编号*/
  primary key(partner_id, id)
) engine=innodb default charset=utf8;

/*短信*/
create table bas_mobile_message (
  id bigint unsigned not null auto_increment,/*主键*/
  partner_id int unsigned not null,
  source_id varchar(32), /*源id*/
  source_type tinyint not null,/*源类型*/
  content varchar(256),/*内里*/
  mobile char(11),/*手机号*/
  handle_time datetime,/*操作时间*/
  create_time datetime not null,/*创建时间*/
  status tinyint not null,/*状态*/
  type tinyint not null,/*类型*/
  delay int unsigned not null,/*延时*/
  sender_id int unsigned,/*发送人id*/
  msg_id varchar(41),
  callback_status varchar(41),/*返回状态*/
  resend_num tinyint,/*重发次数*/
  variable varchar(256),/*变量*/
  template_code varchar(40),/*模板号*/
  primary key(id)
) engine=innodb default charset=utf8;

/*批量短信*/
create table bas_batch_mobile_message (
  id bigint not null auto_increment, /*主键*/
  template_id smallint not null, /*模板id*/
  template_name varchar(40), /*模板名称*/
  title varchar(80), /*标题*/
  content varchar(160), /*内容*/
  variable varchar(80), /*变量*/
  operator_name varchar(40), /*操作人*/
  mobile_count int unsigned not null, /*手机号次数*/
  create_time datetime not null, /*创建时间*/
  primary key (id)
)engine=innodb default charset=utf8;

/*批量短信明细*/
create table bas_batch_mobile_message_detail (
  batch_id bigint not null, /*外键*/
  mobile char(11) not null, /*手机号*/
  primary key(batch_id, mobile)
)engine=innodb default charset=utf8;

/*推送消息模板*/
create table bas_push_message_template (
  id smallint not null,/*主键*/
  title varchar(20),/*标题*/
  content varchar(200),/*内容*/
  receiver varchar(10),/*接受者*/
  variable varchar(80),/*变量*/
  is_play tinyint not null,/*是否朗读*/
  primary key(id)
) engine=innodb default charset=utf8;

/*微信公众号推送消息模板*/
create table bas_mp_push_message_template (
  id int unsigned not null,
  weixinmp_id int unsigned not null,
  template_name varchar(40) not null,
  variable varchar(512),
  mp_code varchar(80), /*公众号模板代码*/
  is_active tinyint not null,
  receiver varchar(10),/*接受者*/
  memo varchar(120),
  primary key(weixinmp_id, id)
) engine=innodb default charset=utf8;

/*公众号推送消息模板明细*/
create table bas_mp_push_message_template_detail (
  id varchar(40) not null,
  template_id int unsigned not null,
  weixinmp_id int unsigned not null,
  keyword_name varchar(40) not null,
  keyword_value varchar(512) not null,
  color varchar(40) not null,
  order_num tinyint not null,
  primary key(weixinmp_id, template_id, id)
) engine=innodb default charset=utf8;

/*运营商账号公众号推送*/
create table bas_user_mp_push_message_template (
  id int unsigned not null,
  weixinmp_id int unsigned not null,
  user_id bigint unsigned,
  is_active tinyint not null,
  primary key(weixinmp_id, user_id, id)
) engine=innodb default charset=utf8;

/*生活号推送消息模板*/
create table bas_fw_push_message_template (
  id int unsigned not null,
  alipayfw_id int unsigned not null,
  template_name varchar(40) not null,
  variable varchar(512),
  fw_code varchar(80), /*生活号模板代码*/
  is_active tinyint not null,
  memo varchar(120),
  primary key(alipayfw_id, id)
) engine=innodb default charset=utf8;

/*生活号推送消息模板明细*/
create table bas_fw_push_message_template_detail (
  id varchar(40) not null,
  template_id int unsigned not null,
  alipayfw_id int unsigned not null,
  keyword_name varchar(40) not null,
  keyword_value varchar(512) not null,
  color varchar(40) not null,
  order_num tinyint not null,
  primary key(alipayfw_id, template_id, id)
) engine=innodb default charset=utf8;

/*自定义消息(批量微信推送消息)*/
create table bas_batch_weixinmp_template_message (
  id bigint not null auto_increment, /*主键*/
  template_id smallint not null,
  template_name varchar(40), /*模板名称*/
  title varchar(80), /*标题*/
  variable varchar(512), /*模板中包含的变量*/
  content varchar(512), /*模板的内容*/
  url varchar(512), /*模板中的URL*/
  operator_name varchar(40), /*操作人*/
  customer_count int unsigned not null,
  create_time datetime not null, /*创建时间*/
  primary key (id)
)engine=innodb default charset=utf8;

/*自定义消息(批量微信推送消息详情)*/
create table bas_batch_weixinmp_template_message_detail (
  batch_id bigint not null, /*外键*/
  mobile char(11) not null, /*手机号*/
  open_id varchar(40) not null, /*openId*/
  primary key(batch_id, mobile)
)engine=innodb default charset=utf8;

/*微信公众号推送消息*/
create table bas_weixinmp_template_message (
  id bigint unsigned not null auto_increment,
  agent_id int unsigned,
  source_id varchar(32), /*源id*/
  source_type tinyint not null, /*源类型*/
  mobile char(11), /*手机*/
  nickname varchar(40), /*昵称*/
  weixinmp_id int unsigned not null,
  open_id varchar(40), /*微信的openId*/
  handle_time datetime, /*处理时间*/
  create_time datetime not null, /*创建时间*/
  status tinyint not null, /*状态*/
  type int not null, /*模板类型*/
  delay int unsigned not null, /*延迟时间*/
  resend_num tinyint, /*重发次数*/
  variable varchar(512), /*模板中包含的变量*/
  url varchar(512), /*模板中的URL*/
  read_count int not null, /*阅读次数*/
  primary key(id)
) engine=innodb default charset=utf8;

/*生活号推送消息*/
create table bas_alipayfw_template_message (
  id bigint unsigned not null auto_increment,
  agent_id int unsigned,
  source_id varchar(32), /*源id*/
  source_type tinyint not null, /*源类型*/
  mobile char(11), /*手机*/
  nickname varchar(40), /*昵称*/
  alipayfw_id int unsigned not null,
  open_id varchar(40), /*微信的openId*/
  handle_time datetime, /*处理时间*/
  create_time datetime not null, /*创建时间*/
  status tinyint not null, /*状态*/
  type tinyint not null, /*模板类型*/
  delay int unsigned not null, /*延迟时间*/
  resend_num tinyint, /*重发次数*/
  variable varchar(512), /*模板中包含的变量*/
  url varchar(512), /*模板中的URL*/
  read_count int not null, /*阅读次数*/
  primary key(id)
) engine=innodb default charset=utf8;

/*推送所需数据的源数据*/
create table bas_push_meta_data (
  id int unsigned not null auto_increment,/*主键*/
  source_type smallint not null,/*源类型*/
  source_id varchar(80),/*源id*/
  create_time datetime not null,/*创建时间*/
  primary key (id)
) engine=innodb default charset=utf8;

/*推送信息*/
create table bas_push_message (
  id bigint unsigned not null auto_increment,/*主键*/
  agent_id int unsigned ,/*运营商id*/
  send_status tinyint not null,/*推送状态*/
  source_type smallint not null,/*源类型*/
  source_id varchar(80),/*源id*/
  create_time datetime not null,/*创建时间*/
  handle_time datetime,/*发送成功时间*/
  resend_num tinyint,/*重发次数*/
  primary key (id),
  index idx_bas_push_message_send_status (send_status)
) engine=innodb default charset=utf8;

/*推送所需数据*/
create table bas_push_message_content (
  id bigint unsigned not null,/*主键*/
  target text,/*推送目标*/
  content text,/*推送内容*/
  primary key (id)
) engine=innodb default charset=utf8;

create table bas_partner_mp_open_id (
  id bigint unsigned not null auto_increment,/*主键*/
  partner_id int unsigned not null,
  open_id varchar(40),
  customer_id bigint unsigned,
  nickname varchar(40), /*昵称*/
  photo_path varchar(120), /*照片路径*/
  create_time datetime not null,
  unique index idx_partner_id_open_id (partner_id, open_id),
  primary key(id)
) engine=innodb default charset=utf8;

create table bas_partner_ma_open_id (
  id bigint unsigned not null auto_increment,/*主键*/
  partner_id int unsigned not null,
  open_id varchar(40),
  customer_id bigint unsigned,
  nickname varchar(40), /*昵称*/
  photo_path varchar(120), /*照片路径*/
  session_key varchar(120),
  create_time datetime not null,
  unique index idx_ma_open_id_partner_id_open_id (partner_id, open_id),
  primary key(id)
) engine=innodb default charset=utf8;

create table bas_partner_fw_open_id (
  id bigint unsigned not null auto_increment,/*主键*/
  partner_id int unsigned not null,
  open_id varchar(40),
  customer_id bigint unsigned,
  nickname varchar(40), /*昵称*/
  photo_path varchar(120), /*照片路径*/
  create_time datetime not null,
  unique index idx_partner_id_open_id (partner_id, open_id),
  primary key(id)
) engine=innodb default charset=utf8;

/*客户的公众号openId*/
create table bas_weixinmp_open_id (
  id bigint unsigned not null auto_increment,
  weixinmp_id int unsigned not null,
  open_id varchar(40) not null,
  second_open_id varchar(40) not null,
  create_time datetime not null,
  primary key (id),
  unique index weixinmp_id_open_id (weixinmp_id, open_id)
) engine=innodb default charset=utf8;

/*客户的openId*/
create table bas_alipayfw_open_id (
  id bigint unsigned not null auto_increment,
  alipayfw_id int unsigned not null,
  open_id varchar(40) not null,
  second_open_id varchar(40) not null,
  create_time datetime not null,
  primary key (id),
  unique index alipayfw_id_open_id (alipayfw_id, open_id)
) engine=innodb default charset=utf8;

/*公众号订阅信息*/
create table bas_weixinmp_subscribe (
  id bigint unsigned not null auto_increment,
  weixinmp_id int unsigned not null,
  open_id varchar(40),
  create_time datetime not null,
  primary key(id),
  unique index idx_weixinmp_id_open_id (weixinmp_id, open_id)
) engine=innodb default charset=utf8;

/*生活号订阅信息*/
create table bas_alipayfw_subscribe (
  id bigint unsigned not null auto_increment,
  alipayfw_id int unsigned not null,
  open_id varchar(40),
  create_time datetime not null,
  primary key(id),
  unique index idx_alipayfw_id_open_id (alipayfw_id, open_id)
) engine=innodb default charset=utf8;

/*app升级包*/
create table bas_upgrade_pack (
  id tinyint not null auto_increment,/*主键*/
  upgrade_name varchar(20) not null,/*升级名称*/
  file_name varchar(80),/*文件名称*/
  file_path varchar(256),/*文件路径*/
  desc_file varchar(256) not null,/*排序路径*/
  version varchar(40),/*版本*/
  format varchar(40),/*格式*/
  suffix varchar(20),/*后缀*/
  memo varchar(512),/*备注*/
  upgrade_version varchar(40),/*升级版本*/
  is_force tinyint not null, /*是否强制更新*/
  update_time datetime,/*更新时间*/
  primary key (id)
) engine=innodb default charset=utf8;

/*终端升级包*/
create table bas_terminal_upgrade_pack (
  id int not null auto_increment,
  pack_type smallint unsigned not null, /*1 换电柜*/
  upgrade_name varchar(20) not null,
  file_name varchar(80),
  file_path varchar(256),
  old_version varchar(20) not null,
  new_version varchar(20) not null,
  size bigint unsigned not null,
  md5_sum varchar(40) not null,
  memo varchar(512),
  update_time datetime,
  primary key (id)
) engine=innodb default charset=utf8;

/*屏幕升级的设备*/
create table bas_screen_upgrade_pack_detail (
  upgrade_pack_id int not null,
  terminal_id char(12) not null,
  primary key (upgrade_pack_id, terminal_id)
) engine=innodb default charset=utf8;

/*pm升级包*/
create table bas_screen_upgrade_pack (
  id int not null auto_increment,
  pack_type smallint unsigned not null, /*1 换电柜*/
  upgrade_name varchar(20) not null,
  file_name varchar(80),
  file_path varchar(256),
  old_version varchar(20) not null,
  new_version varchar(20) not null,
  size bigint unsigned not null,
  md5_sum varchar(40) not null,
  memo varchar(512),
  update_time datetime,
  primary key (id)
) engine=innodb default charset=utf8;

/*终端升级的设备*/
create table bas_terminal_upgrade_pack_detail (
  upgrade_pack_id int not null,
  terminal_id char(12) not null,
  primary key (upgrade_pack_id, terminal_id)
) engine=innodb default charset=utf8;

/*电池升级包*/
create table bas_battery_upgrade_pack (
  id int not null auto_increment,
  pack_type smallint unsigned not null,
  upgrade_name varchar(20) not null,
  file_name varchar(80),
  file_path varchar(256),
  old_version varchar(20) not null,
  new_version varchar(20) not null,
  size bigint unsigned not null,
  md5_sum varchar(40) not null,
  memo varchar(512),
  update_time datetime,
  primary key (id)
) engine=innodb default charset=utf8;

/*电池升级的设备*/
create table bas_battery_upgrade_pack_detail (
  upgrade_pack_id int not null,
  battery_id char(12) not null,
  primary key (upgrade_pack_id, battery_id)
) engine=innodb default charset=utf8;

/*充电器升级包*/
create table bas_charger_upgrade_pack (
  id int not null auto_increment,
  pack_type smallint unsigned not null, /*1 换电柜*/
  upgrade_name varchar(20) not null,
  file_name varchar(80),
  file_path varchar(256),
  old_version varchar(20) not null,
  new_version varchar(20) not null,
  size bigint unsigned not null,
  md5_sum varchar(40) not null,
  memo varchar(512),
  update_time datetime,
  primary key (id)
) engine=innodb default charset=utf8;

/*充电器升级的设备*/
create table bas_charger_upgrade_pack_detail (
  upgrade_pack_id int not null,
  terminal_id char(12) not null,
  primary key (upgrade_pack_id, terminal_id)
) engine=innodb default charset=utf8;

/*微信支付id*/
create table bas_weixin_pay_order (
  id char(32) not null,/*主键*/
  partner_id int unsigned not null, /*系统id*/
  agent_id int unsigned,/*运营商id*/
  customer_id bigint unsigned,/*客户id*/
  money int unsigned,/*金额*/
  source_type tinyint not null,/*源类型*/
  source_id char(80),/*源id*/
  payment_id varchar(128),/*第三方支付id*/
  order_status tinyint not null,/*订单状态*/
  refund_money int unsigned,
  handle_time datetime,/*处理时间*/
  refund_time datetime,
  memo varchar(256), /*备注信息*/
  create_time datetime not null,/*创建时间*/
  primary key (id)
) engine=innodb default charset=utf8;

/*支付宝支付id*/
create table bas_alipay_pay_order (
  id char(32) not null,/*主键*/
  partner_id int unsigned not null, /*系统id*/
  agent_id int unsigned,/*运营商id*/
  customer_id bigint unsigned,/*客户id*/
  money int unsigned,/*金额*/
  source_type tinyint not null,/*源类型*/
  source_id char(80),/*源id*/
  payment_id varchar(128),/*第三方支付id*/
  order_status tinyint not null,/*订单状态*/
  refund_money int unsigned,
  handle_time datetime,/*处理时间*/
  refund_time datetime,
  memo varchar(256), /*备注信息*/
  create_time datetime not null,/*创建时间*/
  primary key (id)
) engine=innodb default charset=utf8;

/*公众号订单*/
create table bas_weixinmp_pay_order (
  id char(32) not null,
  partner_id int unsigned not null, /*系统id*/
  agent_id int unsigned,
  customer_id bigint unsigned,
  mobile char(11),
  customer_name varchar(40),
  money int unsigned,
  source_type tinyint not null,
  source_id char(80),
  payment_id varchar(50),
  order_status tinyint not null,
  refund_money int unsigned,
  handle_time datetime,
  refund_time datetime,
  memo varchar(256), /*备注信息*/
  create_time datetime not null,
  primary key (id)
) engine=innodb default charset=utf8;

/*小程序订单*/
create table bas_weixinma_pay_order (
  id char(32) not null,
  partner_id int unsigned not null, /*系统id*/
  agent_id int unsigned,
  customer_id bigint unsigned,
  mobile char(11),
  customer_name varchar(40),
  money int unsigned,
  source_type tinyint not null,
  source_id char(80),
  payment_id varchar(50),
  order_status tinyint not null,
  refund_money int unsigned,
  handle_time datetime,
  refund_time datetime,
  memo varchar(256), /*备注信息*/
  create_time datetime not null,
  primary key (id)
) engine=innodb default charset=utf8;

/*生活号订单*/
create table bas_alipayfw_pay_order (
  id char(32) not null,
  partner_id int unsigned not null, /*系统id*/
  agent_id int unsigned,
  customer_id bigint unsigned,
  mobile char(11),
  customer_name varchar(40),
  money int unsigned,
  source_type tinyint not null,
  source_id char(80),
  payment_id varchar(50),
  order_status tinyint not null,
  refund_money int unsigned,
  handle_time datetime,
  refund_time datetime,
  memo varchar(256), /*备注信息*/
  create_time datetime not null,
  primary key (id)
) engine=innodb default charset=utf8;

create table bas_weixin_pay_order_refund (
  id bigint not null auto_increment,
  order_id char(32) not null,/*主键*/
  partner_id int unsigned not null, /*系统id*/
  agent_id int unsigned,/*运营商id*/
  agent_name varchar(40),
  agent_code varchar(40),
  refund_money int unsigned,
  biz_type tinyint not null,
  biz_id char(80),
  customer_id bigint unsigned,
  customer_mobile char(11),
  customer_fullname varchar(40),
  create_time datetime not null,/*创建时间*/
  primary key (id),
  index idx_order_id_create_time (order_id, create_time),
  index idx_partner_id_create_time (partner_id, create_time),
  index idx_agent_id_create_time (agent_id, create_time)
) engine=innodb default charset=utf8;

create table bas_weixinmp_pay_order_refund (
  id bigint not null auto_increment,
  order_id char(32) not null,/*主键*/
  partner_id int unsigned not null, /*系统id*/
  agent_id int unsigned,/*运营商id*/
  agent_name varchar(40),
  agent_code varchar(40),
  refund_money int unsigned,
  biz_type tinyint not null,
  biz_id char(80),
  customer_id bigint unsigned,
  customer_mobile char(11),
  customer_fullname varchar(40),
  create_time datetime not null,/*创建时间*/
  primary key (id),
  index idx_order_id_create_time (order_id, create_time),
  index idx_partner_id_create_time (partner_id, create_time),
  index idx_agent_id_create_time (agent_id, create_time)
) engine=innodb default charset=utf8;

create table bas_weixinma_pay_order_refund (
  id bigint not null auto_increment,
  order_id char(32) not null,/*主键*/
  partner_id int unsigned not null, /*系统id*/
  agent_id int unsigned,/*运营商id*/
  agent_name varchar(40),
  agent_code varchar(40),
  refund_money int unsigned,
  biz_type tinyint not null,
  biz_id char(80),
  customer_id bigint unsigned,
  customer_mobile char(11),
  customer_fullname varchar(40),
  create_time datetime not null,/*创建时间*/
  primary key (id),
  index idx_order_id_create_time (order_id, create_time),
  index idx_partner_id_create_time (partner_id, create_time),
  index idx_agent_id_create_time (agent_id, create_time)
) engine=innodb default charset=utf8;

create table bas_alipay_pay_order_refund (
  id bigint not null auto_increment,
  order_id char(32) not null,/*主键*/
  partner_id int unsigned not null, /*系统id*/
  agent_id int unsigned,/*运营商id*/
  agent_name varchar(40),
  agent_code varchar(40),
  refund_money int unsigned,
  biz_type tinyint not null,
  biz_id char(80),
  customer_id bigint unsigned,
  customer_mobile char(11),
  customer_fullname varchar(40),
  create_time datetime not null,/*创建时间*/
  primary key (id),
  index idx_order_id_create_time (order_id, create_time),
  index idx_partner_id_create_time (partner_id, create_time),
  index idx_agent_id_create_time (agent_id, create_time)
) engine=innodb default charset=utf8;

create table bas_alipayfw_pay_order_refund (
  id bigint not null auto_increment,
  order_id char(32) not null,/*主键*/
  partner_id int unsigned not null, /*系统id*/
  agent_id int unsigned,/*运营商id*/
  agent_name varchar(40),
  agent_code varchar(40),
  refund_money int unsigned,
  biz_type tinyint not null,
  biz_id char(80),
  customer_id bigint unsigned,
  customer_mobile char(11),
  customer_fullname varchar(40),
  create_time datetime not null,/*创建时间*/
  primary key (id),
  index idx_order_id_create_time (order_id, create_time),
  index idx_partner_id_create_time (partner_id, create_time),
  index idx_agent_id_create_time (agent_id, create_time)
) engine=innodb default charset=utf8;

/*微信转账操作日志*/
create table bas_balance_transfer_order_log (
  id bigint unsigned not null auto_increment,/*主键*/
  order_id char(32) not null,/*订单id*/
  operator_name varchar(40) not null,/*操作人名称*/
  content varchar(400) not null,/*内容*/
  create_time datetime not null,/*创建时间*/
  primary key (id)
) engine=innodb default charset=utf8;

/*经纬度地址*/
create table bas_point_address (
  point char(40), /*格式 经度,纬度*/
  address varchar(40), /*地址*/
  primary key (point)
) engine=innodb default charset=utf8;

/*结算记录*/
create table bas_balance_record (
  id bigint unsigned not null auto_increment,/*主键*/
  balance_date char(10) not null,/*结算日期*/
  category tinyint not null, /*1 换电 2 租电*/
  biz_type tinyint not null,/*终端类型 1 运营商 2 门店 3 商户平台*/
  partner_id int unsigned not null, /*商户id*/
  partner_name varchar(40), /*商户名称*/
  agent_id int unsigned,/*运营商id*/
  agent_name varchar(40),/*运营商名称*/
  agent_code varchar(40), /*运营商编号*/
  shop_id char(12), /*门店id*/
  shop_name varchar(40), /*门店名称*/
  agent_company_id char(12), /*运营公司id*/
  agent_company_name varchar(40), /*运营公司名称*/
  money int not null, /*总金额*/
  packet_period_money int not null, /*包时段金额 收入*/
  exchange_money int not null, /*按次换电金额 收入*/
  insurance_money int not null, /*保险金额 收入*/
  province_income int not null, /*省代 收入*/
  city_income int not null, /*市代 收入*/
  foregift_remain_money int not null, /*押金剩余金额 收入*/
  refund_insurance_money int not null, /*保险金额退款 支出*/
  refund_packet_period_money int not null, /*包时段退款 支出*/
  deduction_ticket_money int not null, /*抵扣券 支出*/

  status tinyint not null, /*状态 1 待确认 2 已确认*/
  order_id char(32), /*转账订单id*/
  confirm_operator varchar(40), /*确认人*/
  confirm_time datetime, /*确认时间*/
  image_path varchar(120),/*图片地址*/
  memo varchar(200),/*备注*/
  create_time datetime not null,/*创建时间*/
  primary key(id)
) engine=innodb default charset=utf8;

/*运营商门店余额结算表*/
create table bas_agent_shop_balance_record (
  id bigint unsigned not null auto_increment,/*主键*/
  agent_id int unsigned,/*运营商id*/
  agent_name varchar(40),/*运营商名称*/
  agent_code varchar(40), /*运营商编号*/
  shop_id char(12), /*门店id*/
  shop_name varchar(40), /*门店名称*/
  money int not null, /*结算金额*/
  begin_time datetime not null,/*租金开始时间*/
  end_time datetime not null,/*租金结束时间*/
  create_time datetime not null,/*创建时间*/
  primary key(id)
) engine=innodb default charset=utf8;



/*运营商门店余额结算明细*/
create table bas_agent_shop_balance_record_detail (
  id bigint unsigned not null auto_increment,/*主键*/
  record_id bigint not null ,/*运营商门店余额结算id*/
  order_id char(32) not null,
  agent_id int unsigned,/*运营商id*/
  agent_name varchar(40),
  agent_code varchar(40), /*运营商编号*/
  shop_id char(12), /*门店id*/
  shop_name varchar(40), /*门店名称*/
  cabinet_id char(12), /*柜子id*/
  day_count int unsigned not null, /*订单天数*/
  begin_time datetime,/*开始束时间*/
  end_time datetime,/*结束时间*/
  status tinyint not null, /*1 未付款 2 未使用 3 已取消 4 已使用 5 已过期*/
  customer_id bigint unsigned not null, /*电池被用户使用时候 有值*/
  customer_mobile char(11), /*电池被用户使用时候 有值*/
  customer_fullname varchar(40), /*电池被用户使用时候 有值*/
  pay_type tinyint, /*支付类型*/
  pay_time datetime,/*支付时间*/
  order_money int not null, /*订单实付金额 对应订单表中money*/
  shop_ratio tinyint,/*门店比例*/
  shop_fixed_money  int,/*门店按固定金额分成*/
  money int, /*分配金额*/
  primary key (id),
  index idx_agent_shop_balance_record_detail_record_id (record_id)
) engine=innodb default charset=utf8;

/*平台通知公告*/
create table bas_public_notice (
  id bigint unsigned not null auto_increment,/*主键*/
  agent_id int unsigned,
  title varchar(80) not null,/*标题*/
  content varchar(2048) not null,/*内容*/
  notice_type tinyint not null,/*通知类型*/
  create_time  datetime not null,/*创建时间*/
  primary key(id)
) engine=innodb default charset=utf8;

/*运营商通知公告*/
create table bas_agent_public_notice (
  id bigint unsigned not null auto_increment,/*主键*/
  agent_id int unsigned not null,
  title varchar(80) not null,/*标题*/
  content varchar(2048) not null,/*内容*/
  notice_type tinyint not null,/*通知类型*/
  create_time  datetime not null,/*创建时间*/
  primary key(id)
) engine=innodb default charset=utf8;

/*运营公司通知公告*/
create table bas_agent_company_public_notice (
  id bigint unsigned not null auto_increment,/*主键*/
  agent_id int unsigned not null,
  agent_company_id char(12), /*运营公司id*/
  title varchar(80) not null,/*标题*/
  content varchar(2048) not null,/*内容*/
  notice_type tinyint not null,/*通知类型*/
  create_time  datetime not null,/*创建时间*/
  primary key(id)
) engine=innodb default charset=utf8;

/*客户通知消息*/
create table bas_customer_notice_message (
  id bigint unsigned not null auto_increment,/*主键*/
  type tinyint not null,/*类型*/
  title varchar(40) not null,/*标题*/
  content varchar(200) not null,/*内容*/
  customer_id bigint unsigned not null, /*客户id*/
  customer_mobile char(11),/*客户手机*/
  customer_fullname varchar(40),/*客户名称*/
  receive_time datetime, /*收到时间*/
  create_time datetime not null,/*创建时间*/
  primary key(id)
) engine=innodb default charset=utf8;

/*用户通知消息*/
create table bas_user_notice_message (
  id bigint unsigned not null auto_increment,/*主键*/
  type tinyint not null,/*类型*/
  title varchar(40) not null,/*标题*/
  content varchar(200) not null,/*内容*/
  agent_id int unsigned,/*运营商id*/
  user_id bigint unsigned not null,/*用户id*/
  user_mobile char(11),/*用户手机*/
  user_fullname varchar(40),/*用户名称*/
  receive_time datetime, /*收到时间*/
  create_time datetime not null,/*创建时间*/
  primary key(id)
) engine=innodb default charset=utf8;

/*运营商通知消息*/
create table bas_agent_notice_message (
  id bigint unsigned not null auto_increment,/*主键*/
  type tinyint not null,/*类型*/
  title varchar(40) not null,/*标题*/
  content varchar(200) not null,/*内容*/
  agent_id int unsigned,/*运营商id*/
  receive_time datetime, /*收到时间*/
  create_time datetime not null,/*创建时间*/
  primary key(id)
) engine=innodb default charset=utf8;

/*运营公司通知消息*/
create table bas_agent_company_notice_message (
  id bigint unsigned not null auto_increment,/*主键*/
  type tinyint not null,/*类型*/
  title varchar(40) not null,/*标题*/
  content varchar(200) not null,/*内容*/
  agent_id int unsigned,/*运营商id*/
  agent_company_id char(12),/*运营公司id*/
  receive_time datetime, /*收到时间*/
  create_time datetime not null,/*创建时间*/
  primary key(id)
) engine=innodb default charset=utf8;

/*已读公告客户*/
create table bas_read_notice_customer (
  id bigint unsigned not null auto_increment,/*主键*/
  notice_id bigint unsigned not null,
  customer_id bigint unsigned not null,
  primary key(id),
  unique index idx_notice_id_customer_id (notice_id, customer_id)
) engine=innodb default charset=utf8;

/*轮播图*/
create table bas_rotate_image (
  id int unsigned not null auto_increment, /*主键*/
  type tinyint  not null, /*类型 1 公众号 2 生活号 3 app*/
  source_id int  not null,/*来源ID*/
  category tinyint not null, /*1 换电 2 租电 3租车*/
  image_path varchar(120) not null, /*图片路径*/
  order_num int not null, /*排序*/
  url varchar(120) not null, /*链接url*/
  is_show tinyint not null, /*是否显示*/
  create_time date not null, /*创建时间*/
  primary key(id)
) engine=innodb default charset=utf8;

/*图片转换大小设置*/
create table bas_image_convert_size (
  id int unsigned not null,/*主键*/
  title varchar(40),/*标题*/
  stand int,/**/
  primary key (id)
) engine=innodb default charset=utf8;

/*平台现金流水*/
create table bas_partner_in_out_cash (
  partner_id int unsigned not null,
  partner_name varchar(40),
  stats_date char(10) not null, /*格式 2018-01-01*/
  weixinmp_income int not null,
  weixinmp_refund int not null,
  weixinmp_withdraw int not null,
  alipayfw_income int not null,
  alipayfw_refund int not null,
  alipayfw_withdraw int not null,
  weixin_income int not null,
  weixin_refund int not null,
  weixin_withdraw int not null,
  alipay_income int not null,
  alipay_refund int not null,
  alipay_withdraw int not null,
  update_time datetime not null,
  primary key (partner_id, stats_date)
) engine=innodb default charset=utf8;

/*运营商现金流水*/
create table bas_agent_in_out_cash (
  id bigint unsigned not null auto_increment,
  partner_id int unsigned not null,
  partner_name varchar(40),
  agent_id int unsigned not null,
  agent_code varchar(40),
  agent_name varchar(40),
  stats_date char(10) not null, /*格式 2018-01-01*/
  weixinmp_income int not null,
  weixinmp_refund int not null,
  alipayfw_income int not null,
  alipayfw_refund int not null,
  weixin_income int not null,
  weixin_refund int not null,
  alipay_income int not null,
  alipay_refund int not null,
  update_time datetime not null,
  primary key (id),
  unique index idx_agent_id_stats_date (agent_id, stats_date)
) engine=innodb default charset=utf8;

/*数据同步游标*/
create table hdg_sync_cursor(
  type tinyint(4) not null,/*类型*/
  id varchar(50) not null,
  primary key (type)
) engine=innodb default charset=utf8;

/*柜子的押金记录*/
create table hdg_agent_cabinet_foregift_record (
  id bigint unsigned not null auto_increment,
  agent_id int unsigned not null,
  agent_name varchar(40) not null,
  agent_code varchar(40), /*运营商编号*/
  cabinet_id char(12) not null,
  cabinet_name varchar(40) not null,
  money int unsigned not null,
  status tinyint not null, /*1 未支付 2 已支付*/
  pay_type tinyint,
  pay_time datetime,
  material_day_stats_id bigint unsigned not null,/*运营商材料日统计id*/
  create_time datetime not null,
  primary key(id)
) engine=innodb default charset=utf8;

/*柜子的租金记录*/
create table hdg_agent_cabinet_rent_record (
  id bigint unsigned not null auto_increment,
  agent_id int unsigned not null,
  agent_name varchar(40) not null,
  agent_code varchar(40), /*运营商编号*/
  cabinet_id char(12) not null,
  cabinet_name varchar(40) not null,
  money int unsigned not null,
  status tinyint not null, /*1 未支付 2 已支付*/
  pay_type tinyint,
  pay_time datetime,
  period_type tinyint not null, /*周期*/
  begin_time datetime not null, /*开始时间*/
  end_time datetime not null, /*结束时间*/
  material_day_stats_id bigint unsigned not null,/*运营商材料日统计id*/
  create_time datetime not null,
  primary key(id)
) engine=innodb default charset=utf8;

/*电池的租金记录*/
create table hdg_agent_battery_rent_record (
  id bigint unsigned not null auto_increment,
  agent_id int unsigned not null,
  agent_name varchar(40) not null,
  agent_code varchar(40), /*运营商编号*/
  battery_id varchar(40) not null not null,
  money int unsigned not null,
  status tinyint not null, /*1 未支付 2 已支付*/
  pay_type tinyint,
  pay_time datetime,
  period_type tinyint not null, /*支付类型*/
  begin_time datetime not null, /*开始时间*/
  end_time datetime not null, /*结束时间*/
  material_day_stats_id bigint unsigned not null,/*运营商材料日统计id*/
  create_time datetime not null,
  primary key(id)
) engine=innodb default charset=utf8;

/*运营商材料日统计*/
create table hdg_agent_material_day_stats (
  id bigint unsigned not null auto_increment,
  category tinyint not null, /*1 换电 2 租电*/
  stats_date char(10) not null, /*统计日期 格式2017-01-01*/
  agent_id int unsigned not null,
  agent_name varchar(40) not null,
  agent_code varchar(40), /*运营商编号*/
  cabinet_foregift_count int not null,/*设备押金数量*/
  cabinet_foregift_money int not null,/*设备押金金额*/
  cabinet_rent_count int not null,/*设备租金数量*/
  cabinet_rent_money int not null,/*设备租金金额*/
  battery_rent_count int not null,/*电池租金数量*/
  battery_rent_money int not null,/*电池租金金额*/
  id_card_auth_count int not null,/*客户认证人数*/
  id_card_auth_money int not null,/*客户认证金额*/
  money int not null, /*总金额*/
  status tinyint not null, /*1 未支付 2 已支付*/
  pay_type tinyint,
  pay_time datetime,
  create_time datetime not null,
  primary key(id)
) engine=innodb default charset=utf8;

/*sim卡交换记录*/
create table hdg_cabinet_sim_replace_record (
  cabinet_id char(12) not null,/*主柜id*/
  old_code varchar(40),/*旧编号*/
  old_photo_path varchar(120),/*旧图片路径*/
  new_code varchar(40),/*新编号*/
  new_photo_path varchar(120),/*新图片路径*/
  operator varchar(40) not null,/*操作人*/
  memo varchar(200),/*备注*/
  create_time datetime not null,/*创建时间*/
  primary key(cabinet_id, create_time)
) engine=innodb default charset=utf8;

/*sim卡交换记录*/
create table hdg_battery_sim_replace_record (
  battery_id char(8) not null,/*电池id*/
  old_code varchar(40),/*旧编号*/
  old_photo_path varchar(120),/*旧图片路径*/
  new_code varchar(40),/*新编号*/
  new_photo_path varchar(120),/*新图片路径*/
  operator varchar(40) not null,/*操作人*/
  memo varchar(200),/*备注*/
  create_time datetime not null,/*创建时间*/
  primary key(battery_id, create_time)
) engine=innodb default charset=utf8;

/*移动救援*/
create table hdg_relief_station (
  id int unsigned not null auto_increment,/*主键*/
  partner_id int unsigned not null,
  station_name varchar(40) not null, /*救助站名称*/
  tel varchar(40) not null, /*电话*/
  star tinyint not null, /*星级*/
  max_price int, /*最大价格*/
  min_price int, /*最小价格*/
  image_path varchar(120), /*图片路径*/
  introduce varchar(200), /*经营范围介绍*/
  province_id int unsigned, /*省份id*/
  city_id int unsigned, /*城市id*/
  district_id int unsigned, /*区id*/
  street varchar(128), /*街道id*/
  lng double, /*经度*/
  lat double, /*纬度*/
  primary key (id)
) engine=innodb default charset=utf8;

/*故障反馈*/
create table hdg_fault_feedback (
  id bigint unsigned not null auto_increment,/*主键*/
  agent_id int unsigned not null, /*运营商id*/
  cabinet_id char(12),/*柜子id*/
  cabinet_name varchar(40),/*柜子名称*/
  cabinet_address varchar(80), /*充电柜地址*/
  battery_id char(8),/*电池地址*/
  content varchar(200), /*故障内容*/
  fault_type tinyint not null, /*1 柜子故障 2 电池故障 3 其他*/
  fault_name varchar(40) not null, /*故障名称*/
  memo varchar(200), /*备注信息*/
  photo_path1 varchar(120),/*图片路径1*/
  photo_path2 varchar(120),/*图片路径2*/
  photo_path3 varchar(120),/*图片路径3*/
  photo_path4 varchar(120),/*图片路径4*/
  photo_path5 varchar(120),/*图片路径5*/
  photo_path6 varchar(120),/*图片路径6*/
  customer_id bigint unsigned not null, /*客户id*/
  customer_mobile char(11), /*客户手机*/
  customer_name varchar(40), /*客户姓名*/
  handler_name varchar(40), /*处理人*/
  handle_status tinyint not null, /*处理状态 1 未处理 2 已处理*/
  handle_result varchar(200), /*处理结果*/
  handle_time datetime, /*处理时间*/
  create_time datetime, /*创建时间*/
  primary key(id)
) engine=innodb default charset=utf8;

/*故障日志*/
create table hdg_fault_log (
  id bigint unsigned not null auto_increment,/*主键*/
  fault_level tinyint not null, /*故障级别 1 低 2 中 3 高*/
  order_id char(32), /*订单id*/
  province_id int unsigned, /*省份id*/
  city_id int unsigned, /*城市id*/
  district_id int unsigned, /*区id*/
  dispatcher_id bigint unsigned, /*调度人员id*/
  agent_id int unsigned not null, /*运营商id*/
  agent_name varchar(40) not null, /*运营商名称*/
  agent_code varchar(40), /*运营商编号*/
  battery_id char(12), /*电池编号*/
  cabinet_id char(12),/*柜子id*/
  cabinet_name varchar(40),/*柜子名称*/
  cabinet_address varchar(80), /*充电桩地址*/
  box_num varchar(10), /*箱号*/
  fault_type tinyint not null, /*故障类型*/
  fault_content varchar(400), /*故障内容*/
  status tinyint not null, /*状态*/
  handle_type tinyint,/*处理类型*/
  handle_memo varchar(200), /*处理信息*/
  handle_time datetime, /*处理时间*/
  handler_name varchar(40), /*处理人*/
  create_time datetime not null, /*创建时间*/
  primary key (id)
) engine=innodb default charset=utf8;

/*运营商收入支出日统计*/
CREATE TABLE bas_agent_day_in_out_money (
  agent_id INT UNSIGNED NOT NULL, /*运营商id*/
  agent_name VARCHAR(40) NOT NULL,/*运营商名称*/
  agent_code VARCHAR(40), /*运营商编号*/
  stats_date CHAR(10) NOT NULL, /*统计日期 格式2017-01-01*/
  agent_in_money INT NOT NULL,
  agent_out_money INT NOT NULL,
  update_time DATETIME NOT NULL,/*更新时间*/
  PRIMARY KEY (agent_id, stats_date)
) ENGINE=INNODB DEFAULT CHARSET=utf8;

/*换电柜日收入统计*/
create table hdg_cabinet_day_stats (
  cabinet_id char(12) not null, /*换电柜id*/
  cabinet_name varchar(40) not null,/*换电柜名称*/
  stats_date char(10) not null, /*统计日期 格式2017-01-01*/
  agent_id int  not null,/*运营商id*/
  agent_name varchar(40),/*运营商名称*/
  money int not null, /*当日总金额*/
  foregift_money int not null, /*押金金额*/
  refund_foregift_money int not null, /*押金退款金额*/
  packet_period_money int not null, /*包时段金额*/
  refund_packet_period_money int not null, /*包时段退款金额*/
  exchange_money int not null, /*当日新增换电金额(单次) 按分计算*/
  insurance_money int not null, /*保险金额*/
  refund_insurance_money int not null, /*保险金额*/

  agent_money int not null,/*运营商金额*/
  agent_exchange_money int not null, /*运营商按次金额*/
  agent_packet_period_money int not null, /*运营商包时段定额*/
  agent_refund_packet_period_money int not null, /*运营商退款金额*/

  shop_money int not null,/*门店金额*/
  shop_exchange_money int not null, /*门店按次金额*/
  shop_packet_period_money int not null, /*门店包时段定额*/
  shop_refund_packet_period_money int not null, /*门店退款金额*/

  agent_company_money int not null,/*运营公司金额*/
  agent_company_exchange_money int not null,/*运营公司按次金额*/
  agent_company_packet_period_money int not null,/*运营公司包时段金额*/
  agent_company_refund_packet_period_money int not null, /*运营公司退款金额*/

  foregift_count int not null, /*押金数量*/
  refund_foregift_count int not null, /*押金数量*/
  packet_period_count int not null, /*包时段数量*/
  refund_packet_period_count int not null, /*退款包时段数量*/
  order_count int not null,/*订单次数*/
  insurance_count int not null,/*保险次数*/
  refund_insurance_count int not null,/*保险次数*/
  active_customer_count int not null,/*活动用户次数*/
  electric_degree int not null,/*用电量*/
  unit_price int not null,/*单价*/
  electric_price int not null,/*用电费用*/
  update_time datetime not null,/*更新时间*/
  primary key (cabinet_id, stats_date, agent_id)
) engine=innodb default charset=utf8;


/*门店日收入统计*/
create table hdg_shop_day_stats (
  shop_id char(12) not null, /*门店id*/
  shop_name varchar(40) not null,/*门店名称*/
  stats_date char(10) not null, /*统计日期 格式2017-01-01*/
  category tinyint not null, /*1 换电 2 租电*/
  partner_id int unsigned,/*商户id*/
  partner_name varchar(40),/*商户名称*/
  agent_id int unsigned,/*运营商id*/
  agent_name varchar(40),/*运营商名称*/
  money int not null, /*当日总金额*/
  exchange_money int not null, /*当日新增换电金额(单次) 按分计算*/
  packet_period_money int not null, /*包时段金额*/
  refund_packet_period_money int not null, /*包时段退款金额*/
  order_count int not null,/*订单次数*/
  packet_period_count int not null, /*包时段数量*/
  refund_packet_period_count int not null, /*退款包时段数量*/
	agent_foregift_money int not null,
	agent_packet_period_money int not null,
	agent_insurance_money int not null,
	agent_refund_foregift_money int not null,
	agent_refund_packet_period_money int not null,
	agent_refund_insurance_money int not null,

	agent_foregift_count int not null,
	agent_packet_period_count int not null,
	agent_insurance_count int not null,
	agent_refund_foregift_count int not null,
	agent_refund_packet_period_count int not null,
	agent_refund_insurance_count int not null,
  update_time datetime not null,/*更新时间*/
  primary key (shop_id, stats_date, category)
) engine=innodb default charset=utf8;

/*门店汇总收入统计*/
create table hdg_shop_total_stats (
  shop_id char(12) not null, /*门店id*/
  shop_name varchar(40) not null,/*门店名称*/
  category tinyint not null, /*1 换电 2 租电*/
  partner_id int unsigned,/*商户id*/
  partner_name varchar(40),/*商户名称*/
  agent_id int unsigned,/*运营商id*/
  agent_name varchar(40),/*运营商名称*/
  money int not null, /*总金额*/
  exchange_money int not null, /*换电金额(单次) 按分计算*/
  packet_period_money int not null, /*包时段金额*/
  refund_packet_period_money int not null, /*包时段退款金额*/
  order_count int not null,/*订单次数*/
  packet_period_count int not null, /*包时段数量*/
  refund_packet_period_count int not null, /*退款包时段数量*/
  agent_foregift_money int not null,
	agent_packet_period_money int not null,
	agent_insurance_money int not null,
	agent_refund_foregift_money int not null,
	agent_refund_packet_period_money int not null,
	agent_refund_insurance_money int not null,

	agent_foregift_count int not null,
	agent_packet_period_count int not null,
	agent_insurance_count int not null,
	agent_refund_foregift_count int not null,
	agent_refund_packet_period_count int not null,
	agent_refund_insurance_count int not null,
  update_time datetime not null,/*更新时间*/
  primary key (shop_id, category)
) engine=innodb default charset=utf8;

/*运营公司日收入统计*/
create table bas_agent_company_day_stats (
  agent_company_id char(12) not null, /*运营公司id*/
  agent_company_name varchar(40) not null,/*运营公司名称*/
  stats_date char(10) not null, /*统计日期 格式2017-01-01*/
  category tinyint not null, /*1 换电 2 租电*/
  partner_id int unsigned,/*商户id*/
  partner_name varchar(40),/*商户名称*/
  agent_id int unsigned,/*运营商id*/
  agent_name varchar(40),/*运营商名称*/
  money int not null, /*当日总金额*/
  exchange_money int not null, /*当日新增换电金额(单次) 按分计算*/
  packet_period_money int not null, /*包时段金额*/
  refund_packet_period_money int not null, /*包时段退款金额*/
  order_count int not null,/*订单次数*/
  packet_period_count int not null, /*包时段数量*/
  refund_packet_period_count int not null, /*退款包时段数量*/
	agent_foregift_money int not null,
	agent_packet_period_money int not null,
	agent_insurance_money int not null,
	agent_refund_foregift_money int not null,
	agent_refund_packet_period_money int not null,
	agent_refund_insurance_money int not null,

	agent_foregift_count int not null,
	agent_packet_period_count int not null,
	agent_insurance_count int not null,
	agent_refund_foregift_count int not null,
	agent_refund_packet_period_count int not null,
	agent_refund_insurance_count int not null,
  update_time datetime not null,/*更新时间*/
  primary key (agent_company_id, stats_date, category)
) engine=innodb default charset=utf8;


/*运营公司汇总收入统计*/
create table bas_agent_company_total_stats (
  agent_company_id char(12) not null, /*运营公司id*/
  agent_company_name varchar(40) not null,/*运营公司名称*/
  category tinyint not null, /*1 换电 2 租电*/
  partner_id int unsigned,/*商户id*/
  partner_name varchar(40),/*商户名称*/
  agent_id int unsigned,/*运营商id*/
  agent_name varchar(40),/*运营商名称*/
  money int not null, /*总金额*/
  exchange_money int not null, /*换电金额(单次) 按分计算*/
  packet_period_money int not null, /*包时段金额*/
  refund_packet_period_money int not null, /*包时段退款金额*/
  order_count int not null,/*订单次数*/
  packet_period_count int not null, /*包时段数量*/
  refund_packet_period_count int not null, /*退款包时段数量*/
  agent_foregift_money int not null,
	agent_packet_period_money int not null,
	agent_insurance_money int not null,
	agent_refund_foregift_money int not null,
	agent_refund_packet_period_money int not null,
	agent_refund_insurance_money int not null,

	agent_foregift_count int not null,
	agent_packet_period_count int not null,
	agent_insurance_count int not null,
	agent_refund_foregift_count int not null,
	agent_refund_packet_period_count int not null,
	agent_refund_insurance_count int not null,
  update_time datetime not null,/*更新时间*/
  primary key (agent_company_id, category)
) engine=innodb default charset=utf8;


/*换电柜月统计*/
create table hdg_cabinet_month_stats (
  cabinet_id char(12) not null, /*换电柜id*/
  cabinet_name varchar(40) not null,/*柜子名称*/
  stats_month char(7) not null, /*格式2017-01*/
  agent_id int not null,/*运营商id*/
  agent_name varchar(40),/*运营商名称*/
  money int not null, /*当日总金额*/
  foregift_money int not null, /*押金金额*/
  refund_foregift_money int not null, /*押金退款金额*/
  packet_period_money int not null, /*包时段金额*/
  refund_packet_period_money int not null, /*包时段退款金额*/
  exchange_money int not null, /*当日新增换电金额(单次) 按分计算*/
  insurance_money int not null, /*保险金额*/
  refund_insurance_money int not null, /*保险金额*/

  agent_money int not null,/*运营商金额*/
  agent_exchange_money int not null, /*运营商按次金额*/
  agent_packet_period_money int not null, /*运营商包时段定额*/
  agent_refund_packet_period_money int not null, /*运营商退款金额*/

  shop_money int not null,/*门店金额*/
  shop_exchange_money int not null, /*门店按次金额*/
  shop_packet_period_money int not null, /*门店包时段定额*/
  shop_refund_packet_period_money int not null, /*门店退款金额*/

  agent_company_money int not null, /*运营公司金额*/
  agent_company_exchange_money int not null, /*运营公司按次金额*/
  agent_company_packet_period_money int not null, /*运营公司包时段金额*/
  agent_company_refund_packet_period_money int not null, /*门店退款金额*/

  foregift_count int not null, /*押金数量*/
  refund_foregift_count int not null, /*押金数量*/
  packet_period_count int not null, /*包时段数量*/
  refund_packet_period_count int not null, /*退款包时段数量*/
  order_count int not null,/*订单次数*/
  insurance_count int not null,/*保险次数*/
  refund_insurance_count int not null,/*保险次数*/
  active_customer_count int not null,/*活动用户次数*/
  electric_degree int not null,/*用电量*/
  electric_price int not null,/*用电费用*/
  update_time datetime not null,/*更新时间*/
  primary key (cabinet_id, stats_month, agent_id)
) engine=innodb default charset=utf8;

/*换电柜汇总统计*/
create table hdg_cabinet_total_stats (
  cabinet_id char(12) not null, /*换电柜id*/
  cabinet_name varchar(40) not null,/*柜子名称*/
  agent_id int not null,/*运营商id*/
  agent_name varchar(40),/*运营商名称*/
  money int not null, /*当日总金额*/
  foregift_money int not null, /*押金金额*/
  refund_foregift_money int not null, /*押金退款金额*/
  packet_period_money int not null, /*包时段金额*/
  refund_packet_period_money int not null, /*包时段退款金额*/
  exchange_money int not null, /*当日新增换电金额(单次) 按分计算*/
  insurance_money int not null, /*保险金额*/
  refund_insurance_money int not null, /*保险金额*/

  agent_money int not null,/*运营商金额*/
  agent_exchange_money int not null, /*运营商按次金额*/
  agent_packet_period_money int not null, /*运营商包时段定额*/
  agent_refund_packet_period_money int not null, /*运营商退款金额*/

  shop_money int not null,/*门店金额*/
  shop_exchange_money int not null, /*门店按次金额*/
  shop_packet_period_money int not null, /*门店包时段定额*/
  shop_refund_packet_period_money int not null, /*门店退款金额*/

  agent_company_money int not null,/**/
  agent_company_exchange_money int not null,
  agent_company_packet_period_money int not null,
  agent_company_refund_packet_period_money int not null,

  foregift_count int not null, /*押金数量*/
  refund_foregift_count int not null, /*押金数量*/
  packet_period_count int not null, /*包时段数量*/
  refund_packet_period_count int not null, /*退款包时段数量*/
  order_count int not null,/*订单次数*/
  insurance_count int not null,/*保险次数*/
  refund_insurance_count int not null,/*保险次数*/

  electric_degree int not null,/*用电量*/
  electric_price int not null,/*用电费用*/
  per_electric int,/*人均电费*/
  update_time datetime not null,/*更新时间*/
  primary key (cabinet_id, agent_id)
) engine=innodb default charset=utf8;

/*运营商日收入表*/
create table hdg_agent_day_stats (
  partner_id int unsigned,/*商户id*/
  partner_name varchar(40),/*商户名称*/
  agent_id int unsigned not null, /*运营商id*/
  agent_name varchar(40) not null,/*运营商名称*/
  agent_code varchar(40), /*运营商编号*/
  stats_date char(10) not null, /*统计日期 格式2017-01-01*/
  category tinyint not null, /*1 换电 2 租电*/

  income int not null, /*当日新增运营收入+平台收入+省代收入+省代收入=当日总金额*/
  money int not null, /*当日总金额*/
  order_count int not null,/*订单次数*/

  /*当日换电金额(分成前)+当日包时段订单(分成前)-当日退款换电金额(分成前)-退款包时段订单金额(分成前)= 当日总金额*/
  exchange_money int not null, /*当日换电金额(分成前) 按分计算*/
  packet_period_money int not null, /*当日包时段订单(分成前) 按分计算 */
  refund_exchange_money int not null, /*当日退款换电金额(分成前) 按分计算*/
  refund_packet_period_money int not null,/*退款包时段订单金额(分成前) 按分计算*/

  /*当日换电金额(分成后)+当日包时段订单(分成后)-当日退款换电金额(分成后)-退款包时段订单金额(分成后)= 当日新增运营收入*/
  agent_exchange_money int not null, /*运营商当日新增换电金额(分成后) 按分计算*/
  agent_packet_period_money int not null, /*运营商当日新增包时段订单(分成后) 按分计算*/
  agent_refund_exchange_money int not null, /*运营商当日新增退款换电金额(分成后) 按分计算*/
  agent_refund_packet_period_money int not null,/*运营商退款包时段订单金额(分成后) 按分计算*/

  shop_money int not null, /*当日门店总金额*/
  shop_exchange_money int not null, /*当日门店按次金额*/
  shop_packet_period_money int not null, /*当日门店包时段订单金额*/
  shop_refund_packet_period_money int not null,/*当日门店包时段退款订单金额*/

  agent_company_money int not null, /*当日运营公司总金额*/
  agent_company_exchange_money int not null, /*当日运营公司按次金额*/
  agent_company_packet_period_money int not null, /*当日运营公司包时段订单金额*/
  agent_company_refund_packet_period_money int not null,/*当日运营公司包时段退款订单金额*/

  exchange_count int unsigned not null, /*当日新增换电订单数*/
  packet_period_count int not null, /*当日新增包时段类型订单数*/
  refund_exchange_count int unsigned not null, /*当日新增退款换电订单数*/
  packet_period_order_count int not null, /*当日购买包时段订单次数*/
  refund_packet_period_order_count int not null, /*当日新增退款包时段订单次数*/

  platform_income int not null, /*平台收入*/
  province_income int not null, /*省代收入*/
  city_income int not null, /*市代收入*/

  foregift_remain_money int not null, /*押金剩余金额 收入*/
  deduction_ticket_money int not null, /*抵扣券金额 支出*/
  laxin_pay_money int not null, /*拉新 支出*/

  foregift_money int not null, /*押金金额*/
  foregift_count int not null, /*押金数*/
  foregift_refund_money int not null, /*押金退款金额*/
  foregift_refund_count int not null, /*押金退款数*/

  insurance_money int not null, /*保险金额*/
  insurance_count int not null, /*保险数*/
  insurance_refund_money int not null, /*保险退款金额*/
  insurance_refund_count int not null, /*保险退款数*/

  electric_degree int not null, /*电量*/
  electric_price int not null, /*电费*/

  cabinet_count int not null, /*设备数量*/
  battery_count int not null, /*电池数量*/

  active_customer_count int not null, /*活跃客户数*/
  update_time datetime not null,/*更新时间*/
  primary key (agent_id, stats_date, category)
) engine=innodb default charset=utf8;


/*运营商月收入表*/
create table hdg_agent_month_stats (
  partner_id int unsigned,/*商户id*/
  partner_name varchar(40),/*商户名称*/
  agent_id int unsigned not null, /*运营商id*/
  agent_name varchar(40) not null,/*运营商名称*/
  agent_code varchar(40), /*运营商编号*/
  stats_month char(7) not null, /*年月 格式 2016-07*/
  category tinyint not null, /*1 换电 2 租电*/

  income int not null, /*当日新增收入*/
  money int not null, /*当日总金额*/
  order_count int not null,/*订单次数*/

  /*当日换电金额(分成前)+当日包时段订单(分成前)-当日退款换电金额(分成前)-退款包时段订单金额(分成前)= 当日总金额*/
  exchange_money int not null, /*当日换电金额(分成前) 按分计算*/
  packet_period_money int not null, /*当日包时段订单(分成前) 按分计算 */
  refund_exchange_money int not null, /*当日退款换电金额(分成前) 按分计算*/
  refund_packet_period_money int not null,/*退款包时段订单金额(分成前) 按分计算*/

  /*当日换电金额(分成后)+当日包时段订单(分成后)-当日退款换电金额(分成后)-退款包时段订单金额(分成后)= 当日新增运营收入*/
  agent_exchange_money int not null, /*运营商当日新增换电金额(分成后) 按分计算*/
  agent_packet_period_money int not null, /*运营商当日新增包时段订单(分成后) 按分计算*/
  agent_refund_exchange_money int not null, /*运营商当日新增退款换电金额(分成后) 按分计算*/
  agent_refund_packet_period_money int not null,/*运营商退款包时段订单金额(分成后) 按分计算*/

  shop_money int not null, /*当日门店总金额*/
  shop_exchange_money int not null, /*当日门店按次金额*/
  shop_packet_period_money int not null, /*当日门店包时段订单金额*/
  shop_refund_packet_period_money int not null,/*当日门店包时段退款订单金额*/

  agent_company_money int not null, /*当日运营公司总金额*/
  agent_company_exchange_money int not null, /*当日运营公司按次金额*/
  agent_company_packet_period_money int not null, /*当日运营公司包时段订单金额*/
  agent_company_refund_packet_period_money int not null,/*当日运营公司包时段退款订单金额*/

  exchange_count int unsigned not null, /*当日新增换电订单数*/
  packet_period_count int not null, /*当日新增包时段类型订单数*/
  refund_exchange_count int unsigned not null, /*当日新增退款换电订单数*/
  packet_period_order_count int not null, /*当日购买包时段订单次数*/
  refund_packet_period_order_count int not null, /*当日新增退款包时段订单次数*/

  platform_income int not null, /*平台收入*/
  province_income int not null, /*省代收入*/
  city_income int not null, /*市代收入*/

  foregift_remain_money int not null, /*押金剩余金额 收入*/
  deduction_ticket_money int not null, /*抵扣券金额 支出*/
  laxin_pay_money int not null, /*拉新 支出*/
  cabinet_foregift_money int not null,/*设备押金金额*/
  cabinet_rent_money int not null,/*设备租金金额*/
  battery_rent_money int not null,/*电池租金金额*/
  id_card_auth_money int not null,/*客户认证金额*/

  foregift_money int not null, /*押金金额*/
  foregift_count int not null, /*押金数*/
  foregift_refund_money int not null, /*押金退款金额*/
  foregift_refund_count int not null, /*押金退款数*/

  insurance_money int not null, /*保险金额*/
  insurance_count int not null, /*保险数*/
  insurance_refund_money int not null, /*保险退款金额*/
  insurance_refund_count int not null, /*保险退款数*/

  electric_degree int not null, /*电量*/
  electric_price int not null, /*电费*/

  cabinet_count int not null, /*设备数量*/
  battery_count int not null, /*电池数量*/

  active_customer_count int not null, /*活跃客户数*/
  update_time datetime not null,/*更新时间*/
  primary key (agent_id, stats_month, category)
) engine=innodb default charset=utf8;


/*运营商汇总收入表*/
create table hdg_agent_total_stats (
  partner_id int unsigned,/*商户id*/
  partner_name varchar(40),/*商户名称*/
  agent_id int unsigned not null, /*运营商id*/
  agent_name varchar(40) not null,/*运营商名称*/
  agent_code varchar(40), /*运营商编号*/
  category tinyint not null, /*1 换电 2 租电*/

  income int not null, /*收入*/
  money int not null, /*总金额*/
  order_count int not null,/*订单次数*/

  exchange_money int not null, /*换电金额(分成前) 按分计算*/
  packet_period_money int not null, /*包时段订单(分成前) 按分计算 */
  refund_exchange_money int not null, /*退款换电金额(分成前) 按分计算*/
  refund_packet_period_money int not null,/*退款包时段订单金额(分成前) 按分计算*/

  agent_exchange_money int not null, /*运营商换电金额(分成后) 按分计算*/
  agent_packet_period_money int not null, /*运营商包时段订单(分成后) 按分计算*/
  agent_refund_exchange_money int not null, /*运营商退款换电金额(分成后) 按分计算*/
  agent_refund_packet_period_money int not null,/*运营商退款包时段订单金额(分成后) 按分计算*/

  shop_money int not null, /*门店总金额*/
  shop_exchange_money int not null, /*门店按次金额*/
  shop_packet_period_money int not null, /*门店包时段订单金额*/
  shop_refund_packet_period_money int not null,/*门店包时段退款订单金额*/

  agent_company_money int not null, /*运营公司总金额*/
  agent_company_exchange_money int not null, /*运营公司按次金额*/
  agent_company_packet_period_money int not null, /*运营公司包时段订单金额*/
  agent_company_refund_packet_period_money int not null,/*运营公司包时段退款订单金额*/

  exchange_count int unsigned not null, /*新增换电订单数*/
  packet_period_count int not null, /*新增包时段类型订单数*/
  refund_exchange_count int unsigned not null, /*新增退款换电订单数*/
  packet_period_order_count int not null, /*购买包时段订单次数*/
  refund_packet_period_order_count int not null, /*新增退款包时段订单次数*/

  platform_income int not null, /*平台收入*/
  province_income int not null, /*省代收入*/
  city_income int not null, /*市代收入*/

  foregift_remain_money int not null, /*押金剩余金额 收入*/
  deduction_ticket_money int not null, /*抵扣券金额 支出*/
  laxin_pay_money int not null, /*拉新 支出*/
  cabinet_foregift_money int not null,/*设备押金金额*/
  cabinet_rent_money int not null,/*设备租金金额*/
  battery_rent_money int not null,/*电池租金金额*/
  id_card_auth_money int not null,/*客户认证金额*/

  foregift_money int not null, /*押金金额*/
  foregift_count int not null, /*押金数*/
  foregift_refund_money int not null, /*押金退款金额*/
  foregift_refund_count int not null, /*押金退款数*/

  insurance_money int not null, /*保险金额*/
  insurance_count int not null, /*保险数*/
  insurance_refund_money int not null, /*保险退款金额*/
  insurance_refund_count int not null, /*保险退款数*/

  electric_degree int not null, /*电量*/
  electric_price int not null, /*电费*/

  cabinet_count int not null, /*设备数量*/
  battery_count int not null, /*电池数量*/
  per_electric int,/*人均电费*/

  update_time datetime not null,/*更新时间*/
  primary key (agent_id, category)
) engine=innodb default charset=utf8;

/*商户日收入表*/
create table hdg_partner_day_stats (
  partner_id int unsigned not null, /*商户id*/
  partner_name varchar(40) not null,/*商户名称*/
  stats_date char(10) not null, /*统计日期 格式2017-01-01*/
  category tinyint not null, /*1 换电 2 租电*/

  income int not null, /*收入*/
  money int not null, /*当日总金额*/

  exchange_money int not null, /*当日换电金额(分成前) 按分计算*/
  packet_period_money int not null, /*当日包时段订单(分成前) 按分计算 */
  refund_packet_period_money int not null,/*退款包时段订单金额(分成前) 按分计算*/

  partner_exchange_money int not null, /*平台当日新增换电金额(分成后) 按分计算*/
  partner_packet_period_money int not null, /*平台当日新增包时段订单(分成后) 按分计算*/
  partner_refund_packet_period_money int not null,/*平台退款包时段订单金额(分成后) 按分计算*/

  order_count int not null,/*订单次数*/
  packet_period_order_count int not null, /*当日购买包时段订单次数*/
  refund_packet_period_order_count int not null, /*当日新增退款包时段订单次数*/

  update_time datetime not null,/*更新时间*/
  primary key (partner_id, stats_date, category)
) engine=innodb default charset=utf8;

/*平台日统计*/
create table hdg_platform_day_stats (
  stats_date char(10) not null, /*统计日期 格式2017-01-01*/

  total_platform_income int not null, /*总收入*/
  increment_platform_income int not null, /*当日新增收入*/

  total_foregift_money int not null, /*有效总押金 按分计算*/
  increment_foregift_money int not null, /*当日新增押金 按分计算*/
  total_exchange_money int not null, /*总换电金额(单次) 按分计算*/
  increment_exchange_money int not null, /*当日新增换电金额(单次) 按分计算*/
  total_packet_period_money int not null, /*总包时段订单(单次) 按分计算*/
  increment_packet_period_money int not null, /*当日新增包时段订单(单次) 按分计算*/
  total_deposit_money int unsigned not null,/*总充值金额*/
  increment_deposit_money int unsigned not null,/*当日新增充值金额*/

  total_deposit_count int unsigned not null,/*总充值次数*/
  increment_deposit_count int unsigned not null,/*当日新增充值次数*/
  total_exchange_count int unsigned not null, /*当日总换电订单数*/
  increment_exchange_count int unsigned not null, /*当日新增换电订单数*/
  total_foregift_count int unsigned not null, /*当日总押金订单数*/
  increment_foregift_count int unsigned not null, /*当日新增押金订单数*/

  total_refund_money int unsigned not null, /*总退款金额*/
  increment_refund_money int unsigned not null, /*当日新增退款金额*/

  total_refund_foregift_money int not null, /*总退款押金 按分计算*/
  increment_refund_foregift_money int not null, /*当日新增退款押金 按分计算*/
  total_refund_exchange_money int not null, /*总退款换电金额(单次) 按分计算*/
  increment_refund_exchange_money int not null, /*当日新增退款换电金额(单次) 按分计算*/
  total_refund_packet_period_money int not null, /*总包时段订单(单次)退款 按分计算*/
  increment_refund_packet_period_money int not null, /*当日新增包时段订单(单次)退款 按分计算*/
  total_refund_deposit_money int unsigned not null,/*总充值退款金额*/
  increment_refund_deposit_money int unsigned not null,/*当日新增充值退款金额*/

  total_refund_deposit_count int unsigned not null,/*总退款充值次数*/
  increment_refund_deposit_count int unsigned not null,/*当日新增退款充值次数*/
  total_refund_exchange_count int unsigned not null, /*当日总退款换电订单数*/
  increment_refund_exchange_count int unsigned not null, /*当日新增退款换电订单数*/
  total_refund_foregift_count int unsigned not null, /*当日总退款押金订单数*/
  increment_refund_foregift_count int unsigned not null, /*当日新增退款押金订单数*/

  total_cabinet_count int unsigned not null, /*总设备数*/
  increment_cabinet_count int unsigned not null, /*当日新增设备数*/

  total_customer_count int unsigned not null, /*客户总数*/
  increment_customer_count int unsigned not null, /*当日新增客户数量*/

  total_feedback_count int unsigned not null, /*总建议数量*/
  increment_feedback_count int unsigned not null, /*当日建议数量*/

  agent_income int not null, /*当日 运营商总收入*/

  not_use_count int unsigned not null, /*当日 未使用人数统计*/

  update_time datetime not null,/*更新时间*/

  primary key(stats_date)
) engine=innodb default charset=utf8;

/*平台月统计*/
create table hdg_platform_month_stats (
  stats_month char(7) not null, /*年月 格式 2016-07*/
  increment_platform_income int not null, /*当日新增收入*/
  increment_foregift_money int not null, /*当日新增押金 按分计算*/
  increment_exchange_money int not null, /*当日新增换电金额(单次) 按分计算*/
  increment_packet_period_money int not null, /*当日新增包时段订单(单次) 按分计算*/
  increment_deposit_money int unsigned not null,/*当日新增充值金额*/
  increment_deposit_count int unsigned not null,/*当日新增充值次数*/
  increment_exchange_count int unsigned not null, /*当日新增换电订单数*/
  increment_foregift_count int unsigned not null, /*当日新增押金订单数*/
  increment_refund_money int unsigned not null, /*当日新增退款金额*/
  increment_refund_foregift_money int not null, /*当日新增退款押金 按分计算*/
  increment_refund_exchange_money int not null, /*当日新增退款换电金额(单次) 按分计算*/
  increment_refund_packet_period_money int not null, /*当日新增包时段订单(单次)退款 按分计算*/
  increment_refund_deposit_money int unsigned not null,/*当日新增充值退款金额*/

  increment_refund_deposit_count int unsigned not null,/*当日新增退款充值次数*/
  increment_refund_exchange_count int unsigned not null, /*当日新增退款换电订单数*/
  increment_refund_foregift_count int unsigned not null, /*当日新增退款押金订单数*/

  increment_cabinet_count int unsigned not null, /*当日新增设备数*/

  increment_customer_count int unsigned not null, /*当日新增客户数量*/

  increment_feedback_count int unsigned not null, /*当日建议数量*/

  agent_income int  not null, /*当日 运营商总收入*/

  not_use_count int unsigned not null, /*当日 未使用人数统计*/

  update_time datetime not null,/*更新时间*/
  primary key(stats_month)
) engine=innodb default charset=utf8;

/*客户日统计*/
create table hdg_customer_day_stats (
  customer_id  bigint unsigned not null, /*客户id*/
  stats_date char(10) not null, /*统计日期 格式2017-01-01*/
  customer_mobile char(11),/*客户手机号*/
  customer_name varchar(40),/*客户名称*/
  order_count int not null, /*充电次数*/
  money int not null, /*充电金额 以分计算*/
  update_time datetime not null,/*更新时间*/
  primary key (customer_id, stats_date)
) engine=innodb default charset=utf8;

/*独立客户订单推送*/
create table hdg_push_order_message (
  id bigint unsigned not null auto_increment,/*主键*/
  agent_id int unsigned ,/*运营商id*/
  send_status tinyint not null,/*推送状态*/
  source_type smallint not null,/*源类型*/
  source_id varchar(80),/*源id*/
  create_time datetime not null,/*创建时间*/
  handle_time datetime,/*发送成功时间*/
  resend_num tinyint,/*重发次数*/
  primary key (id),
  index idx_bas_push_message_send_status (send_status)
) engine=innodb default charset=utf8;

/*设备上线记录*/
create table chg_cabinet_install_record (
  id bigint unsigned not null auto_increment,
  agent_id int unsigned not null,
  agent_name varchar(40), /*运营商名称*/
  agent_code varchar(40), /*运营商编号*/
  operator varchar(40),
  cabinet_id char(12),
  cabinet_name varchar(40),/*柜子名称*/
  total_box tinyint, /*格口总数*/
  province_id int, /*省份id*/
  city_id int, /*城市id*/
  district_id int, /*区id*/
  street varchar(40), /*街道id*/
  address varchar(40),/*地址*/
  image_path1 varchar(120),/*图片地址1*/
  image_path2 varchar(120),/*图片地址2*/
  terminal_id char(6),/*终端id*/
  price double,/*电价*/
  lng double, /*经度*/
  lat double, /*纬度*/
  memo varchar(200),
  mac varchar(40),
  broker varchar(40), /*项目对接人*/
  tel varchar(40), /*联系方式*/
  salesman varchar(40), /*业务员*/
  permit_exchange_volume tinyint not null,/*客户可换进电量*/
  charge_full_volume tinyint not null, /*客户可换出电量（满电电量）*/
  foregift_money int not null, /*押金金额*/
  rent_money  int not null, /*租金金额*/
  rent_period_type int not null, /*租金周期  月*/
  rent_expire_time datetime, /*租金截至时间*/
  status tinyint not null, /*1 待审核 2 审核通过 3 审核不通过*/
  min_exchange_volume tinyint,/*最低可换电量*/
  create_time datetime not null,
  primary key(id)
) engine=innodb default charset=utf8;

/*素材id生成*/
create table yms_material_id_generator (
  id int unsigned not null auto_increment,/*主键*/
  primary key (id)
)engine=innodb default charset=utf8;

/*素材分组*/
create table yms_material_group (
  id int unsigned not null auto_increment,/*素材分组id*/
  agent_id int unsigned not null,/*运营商id*/
  group_name varchar(40) not null,/*分组名称*/
  parent_id int unsigned,/*上级id*/
  primary key(id)
) engine=innodb default charset=utf8;

/*素材*/
create table yms_material (
  id bigint unsigned not null,/*id*/
  agent_id int unsigned not null,/*运营商id*/
  group_id int unsigned,/*分组id*/
  version int unsigned not null,/*版本号*/
  material_type tinyint not null,/*素材类型 1 图片 2 视频*/
  material_name varchar(40) not null,/*素材名称*/
  duration int unsigned not null,/*播放时长*/
  cover_path varchar(80) not null,/*缩略图路径*/
  file_path varchar(80) not null,/*文件路径*/
  convert_status tinyint not null,/*转换状态*/
  convert_progress tinyint not null,/*转换进度*/
  size bigint not null,/*文件大小*/
  width int unsigned not null,/*缩略图宽度*/
  height int unsigned not null,/*缩略图高度*/
  md5_sum varchar(80),/*md5编码*/
  owner_id bigint unsigned not null,/*上传者id*/
  owner_name varchar(40) not null,/*上传者名称*/
  create_time datetime not null,/*创建时间*/
  primary key (id)
) engine=innodb default charset=utf8;

/*播放列表*/
create table yms_playlist (
  id int unsigned not null auto_increment,/*播放列表id*/
  agent_id int unsigned not null,/*运营商id*/
  playlist_name varchar(40) not null,/*播放列表名称*/
  version int not null,/*播放列表版本号*/
  status tinyint not null, /*1 制作中 2 待审核 3 已发布 3 审核不通过*/
  audit_user varchar(40), /*审核人*/
  autit_time datetime, /*审核时间*/
  audit_memo varchar(40), /*审核说明*/
  create_time datetime not null,/*创建时间*/
  primary key (id)
) engine=innodb default charset=utf8;

/*播放列表明细*/
create table yms_playlist_detail (
  id int unsigned not null auto_increment,/*播放列表明细id*/
  playlist_id int unsigned not null,/*播放列表id*/
  detail_name varchar(40) not null,/*明细名称*/
  material_id bigint unsigned not null,/*素材id*/
  begin_time datetime not null,/*开始时间*/
  order_num smallint not null, /*排序号*/
  end_time datetime not null,/*结束时间*/
  create_time datetime not null,/*创建时间*/
  primary key (id)
) engine=innodb default charset=utf8;

/*区域素材*/
create table yms_playlist_detail_material (
  id int unsigned not null auto_increment,/*主键*/
  detail_id  int unsigned not null, /*明细id*/
  material_id bigint unsigned not null,/*素材id*/
  order_num smallint not null, /*排序号*/
  duration int unsigned not null, /*时长*/
  primary key(id)
) engine=innodb default charset=utf8;

/*发布库素材*/
create table yms_published_material (
  material_id bigint unsigned not null,/*id*/
  agent_id int unsigned not null,/*运营商id*/
  group_id int unsigned,/*分组id*/
  version int unsigned not null,/*版本号*/
  material_type tinyint not null,/*素材类型 1 图片 2 视频*/
  material_name varchar(40) not null,/*素材名称*/
  duration int unsigned not null,/*播放时长*/
  cover_path varchar(80) not null,/*缩略图路径*/
  file_path varchar(80) not null,/*文件路径*/
  convert_status tinyint not null,/*转换状态*/
  convert_progress tinyint not null,/*转换进度*/
  size bigint not null,/*文件大小*/
  width int unsigned not null,/*缩略图宽度*/
  height int unsigned not null,/*缩略图高度*/
  md5_sum varchar(80),/*md5编码*/
  owner_id bigint unsigned not null,/*上传者id*/
  owner_name varchar(40) not null,/*上传者名称*/
  create_time datetime not null,/*创建时间*/
  primary key (material_id, version)
) engine=innodb default charset=utf8;

/*发布库播放列表*/
create table yms_published_playlist (
  id int unsigned not null auto_increment,/*播放列表id*/
  agent_id int unsigned not null,/*运营商id*/
  playlist_id int unsigned not null,/*播放列表id*/
  playlist_name varchar(40) not null,/*播放列表名称*/
  version int not null,/*播放列表版本号*/
  create_time datetime not null,/*创建时间*/
  primary key (id)
) engine=innodb default charset=utf8;

/*发布库播放列表明细*/
create table yms_published_playlist_detail (
  id int unsigned not null auto_increment,/*区域id*/
  detail_id int unsigned not null,/*播放列表明细id*/
  playlist_id int unsigned not null,/*播放列表id*/
  detail_name varchar(40) not null,/*明细名称*/
  begin_time datetime not null,/*开始时间*/
  end_time datetime not null,/*结束时间*/
  create_time datetime not null,/*创建时间*/
  primary key (id)
) engine=innodb default charset=utf8;

/*发布库区域素材*/
create table yms_published_playlist_detail_material (
  id int unsigned not null auto_increment,/*主键*/
  detail_id  int unsigned not null, /*明细id*/
  material_id bigint unsigned not null,/*素材id*/
  version int unsigned not null,/*版本*/
  order_num smallint not null, /*排序号*/
  duration int unsigned not null, /*时长*/
  primary key(id)
) engine=innodb default charset=utf8;

/*终端*/
create table yms_terminal (
  id char(6) not null,/*终端id*/
  version varchar(40),/*终端版本号*/
  uid varchar(64),/*uid*/
  heart_playlist_version varchar(40),/*心跳版本号*/
  heart_playlist_id  int unsigned,/*心跳播放列表id*/
  playlist_id int unsigned,/*关联播放列表id*/
  playlist_version varchar(40),/*播放列表版本号*/
  strategy_id int unsigned,/*终端策略id*/
  is_online tinyint not null,/*是否在线*/
  heart_time datetime,/*心跳时间*/
  primary key (id)
) engine=innodb default charset=utf8;

/*终端监控*/
create table yms_terminal_online (
  id char(6) not null,/*终端监控id*/
  cpu float,/*cpu使用率*/
  memory float,/*内存使用率*/
  play_volume tinyint,/*播放音量*/
  play_mode tinyint,/*播放模式*/
  card_capacity bigint unsigned,/*sd卡容量*/
  rest_capacity bigint unsigned,/*sd卡剩余数量*/
  heart_time datetime,/*上次心跳时间*/
  newwork_signal tinyint,/*网络信号*/
  is_normal tinyint not null,/*是否正常*/
  is_online tinyint not null,/*是否在线*/
  status_info varchar(40),/*状态信息*/
  page_uid varchar(40),/*分页uid*/
  strategy_uid varchar(20),/*策略uid*/
  play_file varchar(80), /*播放的素材名称*/
  speed float,/*下载速度*/
  download_progress float,/*下载进度*/
  primary key (id)
) engine=innodb default charset=utf8;

/*终端播放日志*/
create table yms_terminal_play_log (
  id int unsigned not null auto_increment,/*主键*/
  terminal_id char(6),/*终端id*/
  area_num int unsigned,/*区域码*/
  agent_id int unsigned not null,/*运营商id*/
  material_name varchar(40) not null,/*素材名称*/
  duration int unsigned not null,/*时长*/
  begin_time datetime not null,/*开始时间*/
  end_time datetime not null,/*结束时间*/
  create_time datetime not null,/*创建时间*/
  primary key(id)
) engine=innodb default charset=utf8;

/*终端运行日志*/
create table yms_terminal_run_log (
  terminal_id char(6),/*终端id*/
  now bigint unsigned not null,/*当前时间*/
  num bigint unsigned not null,/*排序*/
  agent_id int unsigned not null,/*运营商id*/
  report_time datetime not null,/*上报时间*/
  log_level tinyint not null,/*日志级别*/
  tag varchar(40),/*标签*/
  content varchar(512),/*内容*/
  create_time datetime not null,/*创建时间*/
  primary key(terminal_id, now, num)
) engine=innodb default charset=utf8;

/*终端下载进度*/
create table yms_terminal_download_progress (
  id char(6) not null,/*终端id*/
  playlist_progress_info longtext,/*播放列表进度信息*/
  primary key (id)
) engine=innodb default charset=utf8;

/*终端属性*/
create table yms_terminal_property (
  terminal_id char(6) not null,/*终端id*/
  order_num tinyint not null,/*播放顺序*/
  is_active tinyint,/*是否启用*/
  property_name varchar(41),/*属性名称*/
  property_value varchar(81),/*属性值*/
  primary key(terminal_id, order_num)
) engine=innodb default charset=utf8;

/*终端策略*/
create table yms_terminal_strategy (
  id int unsigned not null auto_increment,/*终端策略id*/
  agent_id int unsigned not null,/*运营商id*/
  strategy_name varchar(10),/*策略名称*/
  version int unsigned not null,/*版本号*/
  create_time datetime,/*创建时间*/
  primary key(id)
) engine=innodb default charset=utf8;

/*终端命令*/
create table yms_terminal_command (
  id bigint unsigned not null auto_increment,/*终端命令id*/
  agent_id int unsigned,/*运营商id*/
  terminal_id char(6),/*终端id*/
  type tinyint not null,/*命令类型*/
  content varchar(256),/*命令内容*/
  status tinyint,/*命令状态*/
  failure_reason varchar(256),/*失败原因*/
  create_time datetime not null,/*创建时间*/
  exec_time datetime,/*执行时间*/
  dispatch_time datetime,/*下发时间*/
  primary key(id)
) engine=innodb default charset=utf8;

/*终端截屏*/
create table yms_terminal_screen_snapshot (
  id bigint unsigned not null auto_increment,/*终端截屏id*/
  agent_id int unsigned not null,/*运营商id*/
  terminal_id char(6),/*终端id*/
  snapshot_path varchar(256),/*截屏图片存放路径*/
  snap_time datetime not null,/*截屏时间*/
  create_time datetime not null,/*创建时间*/
  primary key(id)
) engine=innodb default charset=utf8;

/*终端崩溃日志*/
create table yms_terminal_crash_log (
  id bigint unsigned not null auto_increment,/*主键*/
  terminal_id char(6),/*终端id*/
  agent_id int unsigned not null,/*运营商id*/
  report_time datetime not null,/*上报时间*/
  file_path varchar(80),/*文件路径*/
  create_time datetime not null,/*创建时间*/
  primary key(id)
) engine=innodb default charset=utf8;

/*大内容*/
create table yms_big_content (
  type tinyint not null,/*类型*/
  id int unsigned not null,
  content varchar(2048),/*内容*/
  primary key(type, id)
) engine=innodb default charset=utf8;

/*终端编号*/
create table yms_terminal_code (
  id char(50) not null,/*唯一码*/
  code char(6) not null,/*设备号码*/
  primary key (id)
) engine=innodb default charset=utf8;

/*终端序列*/
create table yms_terminal_sequence (
  id int unsigned not null auto_increment,/*主键*/
  primary key (id)
) engine=innodb default charset=utf8;

/*上传日志*/
create table yms_terminal_upload_log(
  id bigint unsigned not null auto_increment,/*主键*/
  agent_id int unsigned,/*运营商id*/
  terminal_id char(6) not null,/*终端id*/
  type smallint unsigned not null,/*日志级别*/
  status smallint unsigned not null,/*状态*/
  file_path varchar(80),/*文件类型*/
  log_time varchar(10),/*日志时间*/
  upload_time datetime,/*上传时间*/
  create_time datetime not null,/*创建时间*/
  primary key(id)
) engine=innodb default charset=utf8;

/*语音接口*/
create table bas_voice_config (
  id int unsigned not null auto_increment,/*主键*/
  agent_id int unsigned not null,
  agent_name varchar(40), /*运营商名称*/
  agent_code varchar(40), /*运营商编号*/
  sms_type tinyint not null,/*短信类型*/
  config_name varchar(20) not null,/*配置名称*/
  account varchar(20),/*账号*/
  password varchar(40),/*密码*/
  balance varchar(256),/*余额*/
  is_active tinyint not null,/*是否启用*/
  update_time datetime,/*更新时间*/
  primary key (id)
) engine=innodb default charset=utf8;

/*语音模板*/
create table bas_voice_message_template (
  partner_id int unsigned not null,
  id smallint not null,/*主键*/
  title varchar(20),/*标题*/
  content varchar(160),/*内容*/
  receiver varchar(10),/*接收人*/
  called_show_number varchar(40),/*被叫显号,可在语音控制台中找到所购买的显号*/
  volume int unsigned,/*音量 取值范围 0--200*/
  play_times int unsigned,/*播放次数*/
  variable varchar(80),/*变量*/
  code varchar(40),/*编号*/
  primary key(partner_id, id)
) engine=innodb default charset=utf8;

/*语音消息记录*/
create table bas_voice_message (
  id bigint unsigned not null auto_increment,/*主键*/
  partner_id int unsigned not null,
  agent_id int unsigned not null,
  agent_name varchar(40), /*运营商名称*/
  agent_code varchar(40), /*运营商编号*/
  source_id varchar(32), /*源id*/
  source_type tinyint not null,/*源类型*/
  content varchar(256),/*内容*/
  handle_time datetime,/*操作时间*/
  create_time datetime not null,/*创建时间*/
  status tinyint not null,/*状态*/
  type tinyint not null,/*类型*/
  delay int unsigned not null,/*延时*/
  sender_id int unsigned,/*发送人id*/
  msg_id varchar(41),
  callback_status varchar(41),/*返回状态*/
  resend_num tinyint,/*重发次数*/
  variable varchar(256),/*变量*/
  called_show_number varchar(40),/*被叫显号,可在语音控制台中找到所购买的显号*/
  called_number varchar(40),/*被叫号码*/
  volume int unsigned,/*音量 取值范围 0--200*/
  playTimes int unsigned,/*播放次数*/
  template_code varchar(40),/*模板号*/
  primary key(id)
) engine=innodb default charset=utf8;

/*客户关联租电信息*/
create table zd_customer_rent_info (
  id bigint unsigned not null,/*主键 bas_customer的外键*/
  agent_id int unsigned not null,
  battery_type tinyint, /*电池型号*/
  foregift int unsigned not null, /*电池押金*/
  foregift_order_id char(32), /*押金订单id*/
  balance_shop_id char(12), /*结算的门店id*/
  vehicle_foregift_flag tinyint, /*交过租车押金标志 1 是 0 否*/
  create_time datetime not null,/*创建时间*/
  primary key (id),
  index idx_customer_exchange_agent_id (agent_id)
) engine=innodb default charset=utf8;

/*客户关联租电电池信息*/
create table zd_customer_rent_battery (
  id bigint unsigned not null auto_increment,/*主键*/
  customer_id bigint unsigned not null,
  agent_id int unsigned,
  battery_id char(80), /*电池编号*/
  battery_type tinyint, /*电池类型*/
  rent_order_id char(32), /*租电订单id*/
  primary key (id),
  index idx_customer_hd_battery_customer_id (customer_id, battery_id)
) engine=innodb default charset=utf8;


/*运营商电池类型*/
create table zd_rent_battery_type (
  agent_id int unsigned not null,
  battery_type tinyint not null, /*电池类型*/
  type_name varchar(40) not null, /*类型名称*/
  primary key (agent_id, battery_type)
) engine=innodb default charset=utf8;

/*运营商租电押金退款*/
create table zd_rent_foregift_refund (
  id bigint unsigned not null auto_increment,
  agent_id int unsigned not null,/*运营商id*/
  agent_name varchar(40),
  agent_code varchar(40),
  customer_id bigint unsigned not null,
  mobile char(11) not null,
  fullname varchar(40) not null,
  foregift_order_id char(32) not null,
  refund_record_id bigint unsigned not null,
  price int not null,
  ticket_money int not null,
  deduction_ticket_money int not null,
  pay_money int not null,
  refund_money int not null,
  remain_money int not null, /*剩余金额 = pay_money + deduction_ticket_money - refund_money*/
  operator_name varchar(40),
  create_time datetime not null,
  primary key (id)
) engine=innodb default charset=utf8;

/*租电电池押金*/
create table zd_rent_battery_foregift (
  id int unsigned not null auto_increment,/*主键*/
  agent_id int unsigned not null, /*运营商id*/
  battery_type tinyint not null, /*电池类型*/
  money int unsigned not null, /*金额*/
  memo varchar(200),/*备注*/
  index battery_type (agent_id, battery_type),
  primary key(id)
) engine=innodb default charset=utf8;

/*租电包时段套餐*/
create table zd_rent_period_price (
  id bigint unsigned not null auto_increment,/*主键*/
  agent_id int unsigned not null, /*运营商id*/
  agent_name varchar(40), /*运营商名称*/
  agent_code varchar(40), /*运营商编号*/
  battery_type tinyint not null,/*电池类型*/
  foregift_id int not null,/*押金id*/
  day_count int not null, /*天数*/
  price int not null, /*价格*/
  memo varchar(200), /*备注*/
  create_time datetime not null,/*创建时间*/
  primary key(id)
) engine=innodb default charset=utf8;

/*租电包时段活动*/
create table zd_rent_period_activity (
  id bigint unsigned not null auto_increment,/*主键*/
  activity_name varchar(40) not null,
  agent_id int unsigned not null, /*运营商id*/
  battery_type tinyint not null,/*电池类型*/
  day_count int not null, /*天数*/
  price int not null, /*价格*/
  limit_count int,/*次数限制*/
  day_limit_count int,/*每天次数限制*/
  memo varchar(200), /*备注*/
  begin_time datetime not null,
  end_time datetime not null,
  create_time datetime not null,/*创建时间*/
  primary key(id)
) engine=innodb default charset=utf8;

/*活动客户*/
create table zd_rent_activity_customer (
  id bigint unsigned not null auto_increment,/*主键*/
  activity_id int unsigned not null,/*主键*/
  customer_id bigint unsigned not null, /*客户id*/
  mobile varchar(11), /*手机号*/
  fullname varchar(40), /*昵称*/
  create_time datetime not null,
  unique index idx_activity_id_customer_id (activity_id, customer_id),
  primary key (id)
) engine=innodb default charset=utf8;

/*租电VIP 套餐*/
create table zd_vip_rent_price (
  id int unsigned not null auto_increment,/*主键*/
  agent_id int unsigned not null, /*运营商id*/
  battery_type tinyint not null, /*电池类型*/
  price_name varchar(40) not null, /*套餐名称*/
  begin_time datetime, /*开始时间*/
  end_time datetime, /*结束时间*/
  shop_count int, /*门店数量*/
  agent_company_count int, /*运营公司数量*/
  customer_count int, /*骑手数量*/
  is_active tinyint not null,/*是否启用*/
  create_time datetime not null,
  index battery_type (agent_id, battery_type),
  primary key(id)
) engine=innodb default charset=utf8;

/*租电VIP 电池押金*/
create table zd_vip_rent_battery_foregift (
  id int unsigned not null auto_increment,/*主键*/
  price_id int unsigned not null,/*vipid*/
  agent_id int unsigned not null, /*运营商id*/
  foregift_id int not null,/*vip押金id*/
  reduce_money int unsigned not null, /*减免金额*/
  memo varchar(200),/*备注*/
  create_time datetime not null, /*创建时间*/
  primary key(id)
) engine=innodb default charset=utf8;

/*租电VIP 包时段套餐*/
create table zd_vip_rent_period_price (
  id bigint unsigned not null auto_increment,/*主键*/
  price_id int unsigned not null,/*vipid*/
  agent_id int unsigned not null, /*运营商id*/
  agent_name varchar(40), /*运营商名称*/
  agent_code varchar(40), /*运营商编号*/
  battery_type tinyint not null,/*电池类型*/
  foregift_id int not null,/*vip押金id*/
  day_count int not null, /*天数*/
  price int not null, /*价格*/
  memo varchar(200), /*备注*/
  create_time datetime not null,/*创建时间*/
  primary key(id)
) engine=innodb default charset=utf8;

/*租电VIP 套餐客户*/
create table zd_vip_rent_price_customer (
  id bigint unsigned not null auto_increment,/*主键*/
  price_id int unsigned not null,/*vip套餐Id*/
  mobile varchar(11), /*手机号*/
  create_time datetime not null,
  unique index idx_zd_price_id_mobile (price_id, mobile),
  primary key (id)
) engine=innodb default charset=utf8;

/*租电VIP 套餐关联门店*/
create table zd_vip_rent_price_shop (
  id int unsigned not null auto_increment,/*主键*/
  shop_id char(12) not null, /*门店id*/
  price_id int unsigned not null, /*VIP 套餐Id*/
  primary key(id),
  unique index idx_zd_shop_id_price_id (shop_id, price_id),
  unique index idx_zd_price_id_shop_id (price_id, shop_id)
) engine=innodb default charset=utf8;

/*vip 套餐关联运营公司*/
create table zd_vip_rent_price_agent_company (
  id int unsigned not null auto_increment,/*主键*/
  agent_company_id char(12) not null, /*运营公司id*/
  price_id int unsigned not null, /*VIP 套餐Id*/
  primary key(id),
  unique index idx_agent_company_id_price_id (agent_company_id, price_id),
  unique index idx_price_id_agent_company_id (price_id, agent_company_id)
) engine=innodb default charset=utf8;

/*运营商保险*/
create table zd_rent_insurance (
  id int unsigned not null auto_increment,/*主键*/
  agent_id int unsigned not null,
  insurance_name varchar(40) not null,/*保险名称*/
  battery_type tinyint not null,/*电池类型*/
  price int not null, /*价格*/
  paid int not null, /*保额*/
  month_count int not null, /*时长*/
  is_active tinyint not null,/*是否有效*/
  memo varchar(200), /*备注*/
  create_time datetime not null,
  primary key(id)
) engine=innodb default charset=utf8;

/*租电押金分期设置*/
create table zd_rent_installment_setting (
  id bigint unsigned not null auto_increment,
  mobile char(11),
  fullname varchar(40),
  agent_id int unsigned not null,
  agent_name varchar(40),
  agent_code varchar(40),
  deadline_time datetime not null, /*截至时间*/
  total_money int not null, /*总金额*/
  battery_type int not null, /*电池类型*/
  foregift_id int unsigned not null, /*押金套餐id*/
  foregift_money int not null, /*押金金额*/
  packet_id int unsigned not null, /*租金套餐id*/
  packet_money int not null, /*租金金额*/
  insurance_id int unsigned, /*保险id*/
  insurance_money int not null, /*保险金额*/
  create_time datetime not null,
  primary key(id),
  unique index mobile (mobile)
) engine=innodb default charset=utf8;

create table zd_rent_installment_detail (
  setting_id bigint unsigned not null,
  num tinyint not null,
  money int not null,
  foregift_money int not null,
  packet_money int not null,
  insurance_money int not null,
  expire_time datetime not null,
  primary key(setting_id, num)
) engine=innodb default charset=utf8;

/*客户租电押金记录*/
create table zd_rent_foregift_order (
  id varchar(32) not null,/*主键*/
  partner_id int unsigned not null, /*商户id*/
  agent_id int unsigned not null, /*运营商Id*/
  agent_name varchar(40),
  agent_code varchar(40), /*运营商编号*/
  battery_type tinyint, /*电池类型*/
  battery_id  char(12), /*电池id*/
  shop_id char(12),
  shop_name varchar(40),
  agent_company_id char(12),
  agent_company_name varchar(40),
  price int not null, /*金额 按分计*/
  money int not null, /*金额 按分计*/
  consume_deposit_balance int not null, /*消费充值余额*/
  consume_gift_balance int not null, /*消费赠送余额*/
  customer_id bigint unsigned not null, /*客户id*/
  customer_mobile char(11),/*客户手机*/
  customer_fullname varchar(40),/*客户名称*/
  status tinyint not null, /*状态: 1 待支付 2 已支付 3 待退款 4 已退款*/
  handle_time datetime, /*处理时间*/
  memo varchar(200), /*备注*/
  pay_time datetime, /*支付时间*/
  pay_type tinyint not null, /*支付类型*/
  foregift_id  bigint unsigned, /*押金id*/
  ticket_name varchar(40), /*押金优惠券名称*/
  ticket_money int unsigned, /*押金优惠券金额*/
  coupon_ticket_id bigint unsigned, /*押金优惠券id*/
  deduction_ticket_name varchar(40), /*电池抵扣券名称*/
  deduction_ticket_money int unsigned, /*电池抵扣券金额*/
  deduction_ticket_id bigint unsigned, /*电池抵扣券id*/
  apply_refund_time datetime, /*申请退款时间*/
  refund_time datetime, /*退款时间*/
  refund_money int unsigned, /*退款金额*/
  refund_photo varchar(120), /*退款照片*/
  refund_operator varchar(40), /*退款人*/
  complete_installment_time datetime, /*完成分期时间*/
  vehicle_order_flag tinyint default 0, /*是否是通过租车流程产生的订单 1 是 0 否*/
  create_time datetime not null, /*创建时间*/
  primary key (id),
  index idx_customer_hd_foregift_order_mobile (customer_mobile, status)
) engine=innodb default charset=utf8;

/*租电包月订单*/
create table zd_rent_period_order (
  id char(32) not null,/*主键*/
  partner_id int unsigned not null, /*商户id*/
  agent_id int unsigned,/*运营商id*/
  agent_name varchar(40),
  agent_code varchar(40), /*运营商编号*/
  battery_type tinyint, /*电池型号*/
  shop_id char(12),
  shop_name varchar(40),
  agent_company_id char(12),
  agent_company_name varchar(40),
  activity_id int unsigned,
  day_count int unsigned not null, /*订单天数*/
  begin_time datetime,/*开始束时间*/
  end_time datetime,/*结束时间*/
  expire_time datetime, /*设置过期的时间*/
  status tinyint not null, /*1 未付款 2 未使用 3 已取消 4 已使用 5 已过期*/
  customer_id bigint unsigned not null, /*电池被用户使用时候 有值*/
  customer_mobile char(11), /*电池被用户使用时候 有值*/
  customer_fullname varchar(40), /*电池被用户使用时候 有值*/
  pay_type tinyint, /*支付类型*/
  pay_time datetime,/*支付时间*/
  refund_time datetime, /*退款时间*/
  refund_money int, /*退款金额*/
  price int not null, /*套餐价格*/
  money int not null, /*实付金额*/
  consume_deposit_balance int not null, /*充值余额*/
  consume_gift_balance int not null, /*充值余额*/
  ticket_name varchar(40), /*优惠券名称*/
  ticket_money int unsigned, /*优惠券金额*/
  coupon_ticket_id bigint unsigned, /*优惠券id*/
  operator_memo varchar(256),/*操作记录*/
  complete_installment_time datetime, /*完成分期时间*/
  vehicle_order_flag tinyint default 0, /*是否是通过租车流程产生的订单 1 是 0 否*/
  create_time datetime not null,/*创建时间*/
  primary key (id),
  index idx_packet_period_order_customer_mobile (customer_mobile, status),
  index idx_packet_period_order_customer_id (customer_id, status),
  index idx_packet_period_order_exipre_time (expire_time)
) engine=innodb default charset=utf8;

/*保险订单*/
create table zd_rent_insurance_order (
  id char(32) not null,/*主键*/
  partner_id int unsigned not null, /*商户id*/
  agent_id int unsigned,/*运营商id*/
  battery_type tinyint,
  agent_name varchar(40),
  agent_code varchar(40), /*运营商编号*/
  month_count int unsigned not null, /*订单月份*/
  begin_time datetime,/*开始束时间*/
  end_time datetime,/*结束时间*/
  status tinyint not null, /*1 未付款 2 已支付 3 已过期*/
  customer_id bigint unsigned not null,
  customer_mobile char(11),
  customer_fullname varchar(40),
  pay_type tinyint, /*支付类型*/
  pay_time datetime,/*支付时间*/
  price int not null, /*保费*/
  paid int not null, /*保额*/
  money int not null, /*实付金额*/
  consume_deposit_balance int not null, /*充值余额*/
  consume_gift_balance int not null, /*充值余额*/
  apply_refund_time datetime, /*申请退款时间*/
  refund_time datetime, /*退款时间*/
  refund_money int unsigned, /*退款金额*/
  refund_photo varchar(120), /*退款照片*/
  refund_operator varchar(40), /*退款人*/
  complete_installment_time datetime, /*完成分期时间*/
  create_time datetime not null,/*创建时间*/
  primary key (id),
  index idx_insurance_order_customer_mobile (customer_mobile, status),
  index idx_insurance_order_customer_id (customer_id, status)
) engine=innodb default charset=utf8;

/*门店库存电池*/
create table hdg_shop_store_battery (
  id bigint unsigned not null auto_increment,
  category tinyint not null, /*1 换电 2 租电 3租车*/
  agent_id int unsigned not null,
  agent_name varchar(40),
  agent_code varchar(40),
  shop_id char(12) not null,
  shop_name varchar(40), /*门店名称*/
  battery_id varchar(40) not null,
  create_time datetime not null,
  primary key (id),
  index shop_id_battery_id (shop_id, battery_id)
) engine=innodb default charset=utf8;

/*门店电池日志*/
create table hdg_shop_battery_log (
  id bigint unsigned not null auto_increment,
  agent_id int unsigned not null,
  agent_name varchar(40),
  agent_code varchar(40),
  shop_id char(12) not null, /*门店Id*/
  shop_name varchar(40), /*门店名称*/
  category tinyint not null, /*1 换电 2 租电*/
  battery_id varchar(40) not null, /*电池id*/
  action tinyint not null, /*1收入 2 支出*/
  operator varchar(40),
  memo varchar(512), /*操作说明*/
  create_time datetime not null,
  PRIMARY KEY (id)
) engine=innodb default charset=utf8;

/*租电订单*/
create table zd_rent_order (
  id char(32) not null,/*主键*/
  partner_id int unsigned not null, /*商户id*/
  agent_id int unsigned,/*运营商id*/
  agent_name varchar(40),
  agent_code varchar(40), /*运营商编号*/
  shop_id char(12),
  shop_name varchar(40),
  customer_id bigint unsigned not null,
  customer_mobile char(11),
  customer_fullname varchar(40),
  battery_type tinyint,
  battery_id varchar(40),
  back_time datetime, /*还电时间*/
  back_operator varchar(40), /*换电人*/
  status tinyint not null, /*1 已租电 2 已还电*/
  current_volume tinyint, /*当前电量*/
  current_distance int, /*骑行距离*/
  vehicle_order_flag tinyint default 0, /*是否是通过租车流程产生的订单 1 是 0 否*/
  create_time datetime not null, /*创建时间*/
  primary key (id),
  index idx_customer_shop_id (shop_id)
) engine=innodb default charset=utf8;

/*车辆型号*/
create table zc_vehicle_model (
  id int unsigned not null auto_increment,/*主键*/
  agent_id int unsigned not null, /*运营商id*/
  agent_name varchar(40), /*运营商名称*/
  agent_code varchar(40), /*运营商编号*/
  model_name varchar(40),/*车型名称*/
  is_active tinyint not null,/*是否有效*/
  model_image_path varchar(120), /*车型外观图片*/

  view_image_path1 varchar(120), /*详情页浏览图片*/
  view_image_path2 varchar(120), /*详情页浏览图片*/
  view_image_path3 varchar(120), /*详情页浏览图片*/
  view_image_path4 varchar(120), /*详情页浏览图片*/

  product_image_path1 varchar(120), /*详情页产品图片*/
  product_image_path2 varchar(120), /*详情页产品图片*/
  product_image_path3 varchar(120), /*详情页产品图片*/
  product_image_path4 varchar(120), /*详情页产品图片*/
  product_image_path5 varchar(120), /*详情页产品图片*/
  product_image_path6 varchar(120), /*详情页产品图片*/

  after_sale_image_path1 varchar(120), /*售后标准图片*/
  after_sale_image_path2 varchar(120), /*售后标准图片*/
  after_sale_image_path3 varchar(120), /*售后标准图片*/
  after_sale_image_path4 varchar(120), /*售后标准图片*/
  after_sale_image_path5 varchar(120), /*售后标准图片*/
  after_sale_image_path6 varchar(120), /*售后标准图片*/

  faq_image_path1 varchar(120), /*问题解答图片*/
  faq_image_path2 varchar(120), /*问题解答图片*/
  faq_image_path3 varchar(120), /*问题解答图片*/
  faq_image_path4 varchar(120), /*问题解答图片*/
  faq_image_path5 varchar(120), /*问题解答图片*/
  faq_image_path6 varchar(120), /*问题解答图片*/

  memo varchar(200),/*备注*/
  create_time datetime not null,/*创建时间*/
  primary key (id)
) engine=innodb default charset=utf8;


/*租车套餐设置*/
create table zc_price_setting (
  id int unsigned not null auto_increment,/*主键*/
  setting_name varchar(40) not null,/*套餐名称*/
  agent_id int unsigned not null, /*运营商id*/
  agent_name varchar(40), /*运营商名称*/
  agent_code varchar(40), /*运营商编号*/
  model_id int unsigned not null,/*车型id*/
  vehicle_name varchar(40),/*车辆名称*/
  category tinyint, /*1 换电 2 租电*/
  battery_type tinyint,/*电池型号*/
  battery_count int, /*电池数*/
  min_price int  not null, /*最底价格*/
  max_price int  not null, /*最高价格*/
  is_active tinyint not null,/*是否启用*/
  create_time datetime not null,/*创建时间*/
  primary key (id),
  unique index idx_vehicle_price_setting_model_id_category_battery_type (model_id, category)
) engine=innodb default charset=utf8;


/*租车套餐*/
create table zc_rent_price  (
  id int unsigned not null auto_increment,/*主键*/
  price_name  varchar(40),/*套餐名称*/
  price_setting_id int unsigned not null,/*租车套餐设置id*/
  agent_id int unsigned not null, /*运营商id*/
  agent_name varchar(40), /*运营商名称*/
  agent_code varchar(40), /*运营商编号*/
  battery_type tinyint,/*电池型号*/
  foregift_price int unsigned not null, /*押金金额*/
  vehicle_foregift_price int unsigned not null, /*车辆押金金额*/
  battery_foregift_price int unsigned, /*电池押金金额*/
  rent_price int unsigned not null, /*租金金额*/
  day_count int not null, /*天数*/
  vehicle_rent_price int unsigned not null, /*车辆租金金额*/
  battery_rent_price int unsigned, /*电池租金金额*/
  memo varchar(200),/*备注*/
  primary key(id),
  index rent_price_price_setting_id (price_setting_id)
) engine=innodb default charset=utf8;

/*租车VIP 套餐*/
create table zc_vehicle_vip_price (
  id int unsigned not null auto_increment,/*主键*/
  agent_id int unsigned not null, /*运营商id*/
  model_id int unsigned not null,/*车型id*/
  battery_type tinyint, /*电池类型*/
  price_name varchar(40) not null, /*套餐名称*/
  price_setting_id int unsigned not null,/*租车套餐设置id*/
  rent_price_id int unsigned not null,/*租车套餐id*/
  foregift_price int unsigned not null, /*押金金额*/
  vehicle_foregift_price int unsigned not null, /*车辆押金金额*/
  battery_foregift_price int unsigned, /*电池押金金额*/
  rent_price int unsigned not null, /*租金金额*/
  day_count int not null, /*天数*/
  vehicle_rent_price int unsigned not null, /*车辆租金金额*/
  battery_rent_price int unsigned, /*电池租金金额*/
  begin_time datetime, /*开始时间*/
  end_time datetime, /*结束时间*/
  shop_count int, /*门店数量*/
  agent_company_count int, /*运营公司数量*/
  customer_count int, /*骑手数量*/
  is_active tinyint not null,/*是否启用*/
  memo varchar(200),/*备注*/
  create_time datetime not null,
  index zc_vip_rent_price_battery_type (agent_id, battery_type),
  primary key(id)
) engine=innodb default charset=utf8;

/*租车VIP 套餐客户*/
create table zc_vehicle_vip_price_customer (
  id bigint unsigned not null auto_increment,/*主键*/
  price_id int unsigned not null,/*vip套餐Id*/
  mobile varchar(11), /*手机号*/
  create_time datetime not null,
  unique index idx_zc_price_id_mobile (price_id, mobile),
  primary key (id)
) engine=innodb default charset=utf8;

/*租车VIP 套餐关联门店*/
create table zc_vehicle_vip_price_shop (
  id int unsigned not null auto_increment,/*主键*/
  shop_id char(12) not null, /*门店id*/
  price_id int unsigned not null, /*VIP 套餐Id*/
  primary key(id),
  unique index idx_zc_shop_id_price_id (shop_id, price_id),
  unique index idx_zc_price_id_shop_id (price_id, shop_id)
) engine=innodb default charset=utf8;

/*车辆*/
create table zc_vehicle (
  id int unsigned not null auto_increment,/*主键*/
  vin_no varchar(40) not null, /*车架号*/
  version varchar(10),/*版本*/
  model_id int unsigned,/*车辆型号id*/
  vehicle_name varchar(40), /*车辆名称*/
  agent_id int unsigned not null, /*运营商id*/
  agent_name varchar(40), /*运营商名称*/
  agent_code varchar(40), /*运营商编号*/
  shop_id char(12), /*门店id*/
  shop_name varchar(40),/*门店名称*/
  battery_id varchar(40),/*电池id*/
  active_status tinyint not null,/*激活状态*/
  status tinyint(4) not null,/*使用状态 1 空闲 2使用中 3 门店中*/
  customer_id bigint(20) unsigned,/*客户id*/
  customer_mobile char(11),/*客户手机*/
  customer_fullname varchar(40),/*客户名称*/
  lock_switch tinyint,/*0 不控制 1 放电关 2 放电开*/
  lock_status tinyint,/*0 未锁 1 锁定*/
  up_line_status tinyint,/*上线状态 0 未上线 1  已上线*/
  up_line_time datetime, /*上线时间*/
  is_online tinyint(4) not null,/*是否在线*/
  is_active tinyint not null,/*是否启用*/
  report_time datetime,/*上报时间*/
  memo varchar(200),/*备注*/
  create_time datetime not null,/*创建时间*/
  primary key (id),
  unique index idx_vehicle_vin_no (vin_no)
) engine=innodb default charset=utf8;

/*车辆在线统计*/
create table zc_vehicle_online_stats (
  id bigint unsigned not null auto_increment,
  vehicle_id int unsigned not null,
  begin_time datetime not null,/*开始时间*/
  end_time datetime,/*结束时间*/
  unique index idx_vehicle_id_begin_time_end_time (vehicle_id, begin_time, end_time),
  primary key (id)
) engine=innodb default charset=utf8;

/*门店关联套餐信息*/
create table zc_shop_price_setting (
  id int unsigned not null auto_increment,/*主键*/
  agent_id int unsigned not null, /*运营商id*/
  agent_name varchar(40), /*运营商名称*/
  agent_code varchar(40), /*运营商编号*/
  shop_id char(12)  not null, /*门店id*/
  shop_name varchar(40),/*门店名称*/
  vehicle_count int not null, /*库存数*/
  price_setting_id int unsigned not null,/*租车套餐设置id*/
  create_time datetime not null,/*创建时间*/
  primary key (id),
  unique index idx_shop_price_setting_shop_id_price_setting_id(shop_id, price_setting_id)
) engine=innodb default charset=utf8;

/*门店库存车辆套餐*/
create table zc_shop_store_vehicle (
  id bigint unsigned not null auto_increment,
  category tinyint not null, /*1 换电 2 租电*/
  agent_id int unsigned not null,
  agent_name varchar(40),
  agent_code varchar(40),
  shop_id char(12) not null,
  shop_name varchar(40), /*门店名称*/
  price_setting_id int unsigned not null,/*租车套餐设置id*/
  vehicle_id int not null, /*车辆id*/
  vin_no varchar(40) not null, /*车架号*/
  battery_count int not null, /*电池数*/
  create_time datetime not null,
  primary key (id)
) engine=innodb default charset=utf8;

/*门店库存车辆套餐关联电池*/
create table zc_shop_store_vehicle_battery (
  store_vehicle_id bigint not null, /*门店库存Id*/
  battery_id varchar(40) not null,
  primary key (store_vehicle_id, battery_id),
  index idx_shop_store_vehicle_battery_battery_id (battery_id)
) engine=innodb default charset=utf8;

/*客户关联租车信息*/
create table zc_customer_vehicle_info (
  id bigint unsigned not null,/*主键 bas_customer的外键*/
  agent_id int unsigned not null,
  model_id int unsigned,/*车辆型号id*/
  vehicle_id int,/*车辆id*/
  category tinyint not null, /*1 换电 2 租电*/
  vehicle_name varchar(40), /*车辆名称*/
  battery_type tinyint, /*电池类型*/
  foregift int unsigned not null, /*车辆押金*/
  foregift_order_id char(32), /*押金订单id*/
  rent_price_id  int not null,/*小套餐id*/
  vip_price_id int,/*vip套餐id*/
  vehicle_order_id char(32),/*租车订单id 还车用户*/
  balance_shop_id char(12), /*结算的门店id*/
  create_time datetime not null,/*创建时间*/
  primary key (id),
  index idx_customer_exchange_agent_id (agent_id)
) engine=innodb default charset=utf8;


/*组合订单*/
create table zc_group_order (
  id varchar(32) not null,/*主键*/
  partner_id int unsigned not null, /*商户id*/
  agent_id int unsigned not null, /*运营商Id*/
  agent_name varchar(40),
  agent_code varchar(40), /*运营商编号*/
  rent_price_id int not null,/*租车小套餐id*/
  vip_price_id int,/*租车vip套餐id*/
  shop_id char(12),
  shop_name varchar(40),
  category tinyint, /*1 换电 2 租电*/
  model_id int unsigned,/*车辆型号id*/
  vehicle_name varchar(40), /*车辆名称*/
  battery_type tinyint, /*电池类型*/
  price int not null, /*组合金额 按分计*/
  money int not null, /*支付金额 按分计*/
  foregift_money  int not null, /*押金支付金额 按分计*/
  rent_period_money  int not null, /*租金支付金额 按分计*/
  vehicle_foregift_id  varchar(32) , /*车辆押金id*/
  vehicle_foregift_money  int not null, /*车辆押金支付金额 按分计*/
  vehicle_foregift_price  int not null, /*车辆押金套餐价格 按分计*/
  battery_foregift_id  varchar(32) , /*电池押金id*/
  battery_foregift_money  int, /*电池押金支付金额 按分计*/
  battery_foregift_price  int, /*电池押金套餐价格 按分计*/
  vehicle_period_id  varchar(32) , /*车辆租金id*/
  vehicle_period_money  int not null, /*车辆租金支付金额 按分计*/
  vehicle_period_price  int not null, /*车辆租金套餐价格 按分计*/
  battery_rent_id  varchar(32) , /*电池租金id*/
  battery_rent_period_money  int, /*电池租金支付金额 按分计*/
  battery_rent_period_price  int, /*电池租金套餐价格 按分计*/
  vehicle_day_count int not null, /*车辆租期 按分计*/
  battery_day_count  int not null, /*电池租期 按分计*/
  customer_id bigint unsigned not null, /*客户id*/
  customer_mobile char(11),/*客户手机*/
  customer_fullname varchar(40),/*客户名称*/
  status tinyint not null, /*状态: 1 待支付 2 已支付 3 待退款 4 已退款*/
  handle_time datetime, /*处理时间*/
  memo varchar(200), /*备注*/
  pay_time datetime, /*支付时间*/
  pay_type tinyint not null, /*支付类型*/
  foregift_ticket_name varchar(40), /*押金优惠券名称*/
  foregift_ticket_money int unsigned, /*押金优惠券金额*/
  foregift_coupon_ticket_id bigint unsigned, /*押金优惠券id*/
  deduction_ticket_name varchar(40), /*抵扣券名称*/
  deduction_ticket_money int unsigned, /*抵扣券金额*/
  deduction_ticket_id bigint unsigned, /*抵扣券id*/
  rent_ticket_name varchar(40), /*押金优惠券名称*/
  rent_ticket_money int unsigned, /*押金优惠券金额*/
  rent_coupon_ticket_id bigint unsigned, /*押金优惠券id*/
  apply_refund_time datetime, /*申请退款时间*/
  refund_time datetime, /*退款时间*/
  refund_money int unsigned, /*退款金额*/
  refund_photo varchar(120), /*退款照片*/
  refund_operator varchar(40), /*退款人*/
  complete_installment_time datetime, /*完成分期时间*/
  reduce_money int unsigned, /*vip押金减免金额*/
  create_time datetime not null, /*创建时间*/
  primary key (id),
  index idx_zc_group_order_mobile (customer_mobile, status)
) engine=innodb default charset=utf8;



/*租车押金订单*/
create table zc_vehicle_foregift_order (
  id varchar(32) not null,/*主键*/
  partner_id int unsigned not null, /*商户id*/
  agent_id int unsigned not null, /*运营商Id*/
  agent_name varchar(40),
  agent_code varchar(40), /*运营商编号*/
  shop_id char(12),
  shop_name varchar(40),
  model_id int unsigned,/*车辆型号id*/
  vehicle_name varchar(40), /*车辆名称*/
  battery_type tinyint, /*电池类型*/
  price int not null, /*押金金额 按分计*/
  money int not null, /*支付金额 按分计*/
  customer_id bigint unsigned not null, /*客户id*/
  customer_mobile char(11),/*客户手机*/
  customer_fullname varchar(40),/*客户名称*/
  status tinyint not null, /*状态: 1 待支付 2 已支付 3 待退款 4 已退款*/
  handle_time datetime, /*处理时间*/
  memo varchar(200), /*备注*/
  pay_type tinyint not null, /*支付类型*/
  pay_time datetime, /*支付时间*/
  refund_time datetime, /*退款时间*/
  refund_money int unsigned, /*退款金额*/
  refund_operator varchar(40), /*退款人*/
  create_time datetime not null, /*创建时间*/
  primary key (id),
  index idx_zc_foregift_order_mobile (customer_mobile, status)
) engine=innodb default charset=utf8;

/*租车包月订单*/
create table zc_vehicle_period_order (
  id char(32) not null,/*主键*/
  partner_id int unsigned not null, /*商户id*/
  agent_id int unsigned,/*运营商id*/
  agent_name varchar(40),
  agent_code varchar(40), /*运营商编号*/
  shop_id char(12), /*门店id*/
  shop_name varchar(40), /*门店名称*/
  agent_company_id char(12), /*运营公司id*/
  agent_company_name varchar(40), /*运营公司名称*/
  cabinet_id char(12), /*柜子id*/
  model_id int unsigned,/*车辆型号id*/
  vehicle_name varchar(40), /*车辆名称*/
  battery_type tinyint, /*电池类型*/
  price int not null, /*租金金额 按分计*/
  money int not null, /*支付金额 按分计*/
  day_count int unsigned not null, /*订单天数*/
  begin_time datetime,/*开始束时间*/
  end_time datetime,/*结束时间*/
  status tinyint not null, /*1 未付款 2 未使用 3 已取消 4 已使用 5 已过期*/
  customer_id bigint unsigned not null, /*电池被用户使用时候 有值*/
  customer_mobile char(11), /*电池被用户使用时候 有值*/
  customer_fullname varchar(40), /*电池被用户使用时候 有值*/
  pay_type tinyint, /*支付类型*/
  pay_time datetime,/*支付时间*/
  expire_time datetime, /*设置过期的时间*/
  refund_time datetime, /*退款时间*/
  refund_money int, /*退款金额*/
  refund_operator varchar(40), /*退款人*/
  create_time datetime not null,/*创建时间*/
  primary key (id),
  index idx_packet_period_order_customer_mobile (customer_mobile, status),
  index idx_packet_period_order_customer_id (customer_id, status)
) engine=innodb default charset=utf8;

/*租车订单*/
create table zc_vehicle_order (
  id char(32) not null,/*主键*/
  partner_id int unsigned not null, /*商户id*/
  agent_id int unsigned,/*运营商id*/
  agent_name varchar(40),
  agent_code varchar(40), /*运营商编号*/
  shop_id char(12),
  shop_name varchar(40),
  customer_id bigint unsigned not null,
  customer_mobile char(11),
  customer_fullname varchar(40),
  battery_type tinyint,
  battery_id varchar(80),
  model_id int unsigned,/*车辆型号id*/
  vehicle_id int,/*车辆id*/
  vin_no varchar(40) not null, /*车架号*/
  vehicle_name varchar(40), /*车辆名称*/
  back_time datetime, /*还车时间*/
  back_operator varchar(40), /*还车人*/
  status tinyint not null, /*1 已租车 2 已还车*/
  current_volume tinyint, /*当前电量*/
  current_distance int, /*骑行距离*/
  create_time datetime not null, /*创建时间*/
  primary key (id),
  index idx_customer_vehicle_shop_id (shop_id)
) engine=innodb default charset=utf8;

/*设备升级包*/
create table bas_device_upgrade_pack (
  id int not null auto_increment,/*主键*/
  device_type int not null, /*升级类型 1 铁塔*/
  upgrade_name varchar(80) not null,/*升级名称*/
  file_name varchar(80),
  file_path varchar(256),
  old_version varchar(20) not null,
  new_version varchar(20) not null,
  size bigint unsigned not null,
  md5_sum varchar(40) not null,
  memo varchar(512),
  update_time datetime,
  primary key (id)
) engine=innodb default charset=utf8;

/*终端*/
create table bas_device (
  id int unsigned not null auto_increment,/*主键*/
  type int not null,
  device_id CHAR(80) not null,/*设备号码*/
  version char(80),
  heart_time datetime,/*心跳时间*/
  primary key (id)
) engine=innodb default charset=utf8;

/*设备升级包*/
create table bas_device_upgrade_pack_detail (
  id bigint not null auto_increment,
  pack_id int not null,
  device_id varchar(80) not null,
  memo varchar(256),
  primary key (id),
  unique index pack_id_device_id (pack_id, device_id)
) engine=innodb default charset=utf8;

/*设备命令*/
create table bas_device_command (
  id bigint not null auto_increment,
  device_type int not null,
  device_id varchar(80) not null, /*设备id*/
  type tinyint not null, /*1 上报日志*/
  status tinyint not null, /*1 未执行 2 已下发*/
  dispatch_time datetime, /*下发时间*/
  log_date char(10), /*上报日志日期*/
  create_time datetime not null,
  primary key (id),
  index device_id_status (device_id, status)
) engine=innodb default charset=utf8;

/*设备上报日志*/
create table bas_device_report_log (
  id bigint not null auto_increment,
  device_type int not null,
  device_id varchar(80) not null,
  url varchar(256) not null,
  log_date char(10) not null,
  create_time datetime not null,
  primary key (id)
) engine=innodb default charset=utf8;


insert into bas_push_message_template(id, title, content, receiver, variable, is_play) values(1, '账户充值成功', '亲爱的${fullname}:您的账户成功充值${money}元,赠送${gift}元,当前账户余额${balance}元','客户', '${fullname}${money}${gift}${balance}', 0);
insert into bas_push_message_template(id, title, content, receiver, variable, is_play) values(2, '押金支付成功', '亲爱的${fullname}:您已成功支付押金${money}元,开始您的换电之旅吧!', '客户', '${fullname}${money}', 0);
insert into bas_push_message_template(id, title, content, receiver, variable, is_play) values(3, '套餐支付成功', '亲爱的${fullname}:您已成功完成支付,套餐金额${money},套餐天数${daycount}天', '客户', '${fullname}${money}${daycount}', 0);
insert into bas_push_message_template(id, title, content, receiver, variable, is_play) values(4, '客户优惠券赠送', '亲爱的${fullname}:您获得了${ticketName}优惠券,金额:${money},过期日期:${expiredate}','客户', '${fullname}${ticketName}${money}${expiredate}', 0);
insert into bas_push_message_template(id, title, content, receiver, variable, is_play) values(5, '客户申请退款成功', '亲爱的${fullname}:你的申请退款提交成功,平台工作人员在5个工作日内完成审核确认退款', '客户', '${fullname}', 0);
insert into bas_push_message_template(id, title, content, receiver, variable, is_play) values(6, '客户租期到期', '亲爱的${fullname}:您的租金订单${orderId}即将到期,到期时间${expireTime},请尽快续租','客户', '${fullname}${orderId}${expireTime}', 0);
insert into bas_push_message_template(id, title, content, receiver, variable, is_play) values(7, '客户分期付款到期', '您【${fullname}】存在未支付分期订单，为了不影响您的用电,请在截止时间${expireTime}前续费','客户', '${fullname}${expireTime}', 0);
insert into bas_push_message_template(id, title, content, receiver, variable, is_play) values(8, '客户优惠券到期', '亲爱的${fullname}:您的优惠劵即将到期，到期时间${expireTime},请尽快使用','客户', '${fullname}${expireTime}', 0);

insert into bas_push_message_template(id, title, content, receiver, variable, is_play) values(16, '客户打开满电箱门', '亲爱的${fullname}:箱门已打开,请在${cabinetName},${boxNum}取走电池','客户', '${fullname}${cabinetName}${boxNum}', 1);
insert into bas_push_message_template(id, title, content, receiver, variable, is_play) values(17, '客户换电未取超时', '亲爱的${fullname}:您有电池未取超时,柜子(编号:${cabinetId}名称:${cabinetName}),电池${batteryId}','客户', '${fullname}${cabinetId}${cabinetName}${batteryId}', 1);
insert into bas_push_message_template(id, title, content, receiver, variable, is_play) values(18, '客户电池入柜异常', '亲,您在${cabinetName},${boxNum}入柜的电池存在异常：${message}，请关注', '客户', '${cabinetName}${boxNum}${message}', 1);
insert into bas_push_message_template(id, title, content, receiver, variable, is_play) values(19, '骑手未关门通知', '亲爱的${fullname}:您在${cabinetName},${boxNum}取走电池未关箱门，请关注','客户', '${fullname}${cabinetName}${boxNum}', 1);
insert into bas_push_message_template(id, title, content, receiver, variable, is_play) values(20, '客户电池电量低', '亲爱的${fullname}:您的电池${batteryId}电量已经低于${volume},请及时到附近换电柜换电','客户', '${fullname}${batteryId}${volume}', 1);


insert into bas_push_message_template(id, title, content, receiver, variable, is_play) values(9, '押金支付成功', '亲爱的${fullname}:您已成功支付押金${money}元,开始您的租电之旅吧!', '客户', '${fullname}${money}', 0);
insert into bas_push_message_template(id, title, content, receiver, variable, is_play) values(10, '套餐支付成功', '亲爱的${fullname}:您已成功完成支付,套餐金额${money},套餐天数${daycount}天', '客户', '${fullname}${money}${daycount}', 0);
insert into bas_push_message_template(id, title, content, receiver, variable, is_play) values(11, '客户租期到期', '亲爱的${fullname}:您的租金订单${orderId}即将到期,到期时间${expireTime},请尽快续租','客户', '${fullname}${orderId}${expireTime}', 0);


insert into bas_push_message_template(id, title, content, receiver, variable, is_play) values(31, '电池电量低通知运营商', '客户${fullname}电池${batteryId}电量已经低于${volume},请通知客户及时充电','运营商', '${fullname}${batteryId}${volume}', 0);
insert into bas_push_message_template(id, title, content, receiver, variable, is_play) values(32, '单体过压发生保护', '电池编号${batteryId}单体过压发生保护,请及时处理','运营商', '${batteryId}', 0);
insert into bas_push_message_template(id, title, content, receiver, variable, is_play) values(33, '单体欠压发生保护', '电池编号${batteryId}单体欠压发生保护,请及时处理','运营商', '${batteryId}', 0);
insert into bas_push_message_template(id, title, content, receiver, variable, is_play) values(34, '整组过压发生保护', '电池编号${batteryId}整组过压发生保护,请及时处理','运营商', '${batteryId}', 0);
insert into bas_push_message_template(id, title, content, receiver, variable, is_play) values(35, '整组欠压发生保护', '电池编号${batteryId}整组欠压发生保护,请及时处理','运营商', '${batteryId}', 0);
insert into bas_push_message_template(id, title, content, receiver, variable, is_play) values(36, '充电过温发生保护', '电池编号${batteryId}充电过温发生保护,请及时处理','运营商', '${batteryId}', 0);
insert into bas_push_message_template(id, title, content, receiver, variable, is_play) values(37, '充电低温发生保护', '电池编号${batteryId}充电低温发生保护,请及时处理','运营商', '${batteryId}', 0);
insert into bas_push_message_template(id, title, content, receiver, variable, is_play) values(38, '放电过温发生保护', '电池编号${batteryId}放电过温发生保护,请及时处理','运营商', '${batteryId}', 0);
insert into bas_push_message_template(id, title, content, receiver, variable, is_play) values(39, '放电低温发生保护', '电池编号${batteryId}放电低温发生保护,请及时处理','运营商', '${batteryId}', 0);
insert into bas_push_message_template(id, title, content, receiver, variable, is_play) values(40, '充电过流发生保护', '电池编号${batteryId}充电过流发生保护,请及时处理','运营商', '${batteryId}', 0);
insert into bas_push_message_template(id, title, content, receiver, variable, is_play) values(41, '放电过流发生保护', '电池编号${batteryId}放电过流发生保护,请及时处理','运营商', '${batteryId}', 0);
insert into bas_push_message_template(id, title, content, receiver, variable, is_play) values(42, '短路发生保护', '电池编号${batteryId}短路发生保护,请及时处理','运营商', '${batteryId}', 0);
insert into bas_push_message_template(id, title, content, receiver, variable, is_play) values(43, '前端检测IC错误', '电池编号${batteryId}前端检测IC错误,请及时处理','运营商', '${batteryId}', 0);
insert into bas_push_message_template(id, title, content, receiver, variable, is_play) values(44, '保护板充电MOS锁定', '电池编号${batteryId}保护板充电MOS锁定,请及时处理','运营商', '${batteryId}', 0);
insert into bas_push_message_template(id, title, content, receiver, variable, is_play) values(45, '保护板放电MOS锁定', '电池编号${batteryId}保护板放电MOS锁定,请及时处理','运营商', '${batteryId}', 0);
insert into bas_push_message_template(id, title, content, receiver, variable, is_play) values(46, '充电MOS异常', '电池编号${batteryId}充电MOS异常,请及时处理','运营商', '${batteryId}', 0);
insert into bas_push_message_template(id, title, content, receiver, variable, is_play) values(47, '放电MOS异常', '电池编号${batteryId}放电MOS异常,请及时处理','运营商', '${batteryId}', 0);
insert into bas_push_message_template(id, title, content, receiver, variable, is_play) values(48, '压差过大异常', '电池编号${batteryId}压差过大异常,请及时处理','运营商', '${batteryId}', 0);
insert into bas_push_message_template(id, title, content, receiver, variable, is_play) values(49, '骑手租赁电池超时异常', '骑手${fullname}手上电池${batteryId}已经超出${hour}小时，请关注','运营商', '${fullname}${batteryId}${hour}', 0);
insert into bas_push_message_template(id, title, content, receiver, variable, is_play) values(50, '未绑定电池在外超时异常', '电池编号${batteryId}已经在外超出${hour}小时，请关注','运营商', '${batteryId}${hour}', 0);
insert into bas_push_message_template(id, title, content, receiver, variable, is_play) values(51, '电池断电', '电池【${batteryId}】已断电，请监控该电池','运营商', '${batteryId}', 0);
insert into bas_push_message_template(id, title, content, receiver, variable, is_play) values(52, '异常标注电池', '标注的异常电池【${batteryId}】在站点【${cabinetName}】的${boxNum}号箱门','运营商', '${batteryId}${cabinetName}${boxNum}', 0);


insert into bas_push_message_template(id, title, content, receiver, variable, is_play) values(61, '换电柜离线', '您的换电柜(编号:${cabinetId}名称:${cabinetName})已经离线, 请及时处理','运营商', '${cabinetId}${cabinetName}', 0);
insert into bas_push_message_template(id, title, content, receiver, variable, is_play) values(62, '换电柜高温报警', '柜子编号:${cabinetId}, 柜子名称:${cabinetName},当前温度${temp},请及时处理', '运营商', '${cabinetId}${cabinetName}${temp}', 0);
insert into bas_push_message_template(id, title, content, receiver, variable, is_play) values(63, '换电柜低温报警', '柜子编号:${cabinetId}, 柜子名称:${cabinetName},当前温度${temp},请及时处理', '运营商', '${cabinetId}${cabinetName}${temp}', 0);
insert into bas_push_message_template(id, title, content, receiver, variable, is_play) values(64, '客户换电未取超时',
'骑手${fullname}:电池未取超时,柜子(编号:${cabinetId}名称:${cabinetName}),电池${batteryId}','运营商', '${fullname}${cabinetId}${cabinetName}${batteryId}', 1);
insert into bas_push_message_template(id, title, content, receiver, variable, is_play) values(65, '骑手未关门通知', '骑手${fullname}在${cabinetName},${boxNum}取走电池未关箱门，请关注','运营商', '${fullname}${cabinetName}${boxNum}', 1);
insert into bas_push_message_template(id, title, content, receiver, variable, is_play) values(66, '换电柜电池通讯异常', '换电柜${cabinetName},${boxNum}中电池${batteryId}通讯异常，请关注','运营商', '${batteryId}${cabinetName}${boxNum}', 1);
insert into bas_push_message_template(id, title, content, receiver, variable, is_play) values(67, '烟雾传感器报警', '柜子编号:${cabinetId}, 柜子名称:${cabinetName},请及时处理', '运营商', '${cabinetId}${cabinetName}', 0);


insert into bas_push_message_template(id, title, content, receiver, variable, is_play) values(71, '运营商结算', '统计日期: ${statsDate}, 总收入: ${money}, 运营商收入: ${income}, 平台收入: ${platformIncome}, 省代收入: ${provinceIncome}, 市代收入: ${cityIncome}', '运营商', '${statsDate}${money}${income}${platformIncome}${provinceIncome}${cityIncome}', 0);
insert into bas_push_message_template(id, title, content, receiver, variable, is_play) values(72, '租期到期通知运营商', '客户${fullname}租金订单${orderId}即将到期,到期时间${expireTime},请通知客户尽快续租','运营商', '${orderId}${expireTime}', 1);


insert into bas_mp_push_message_template (weixinmp_id, id, template_name, variable, mp_code, is_active, receiver, memo) values (0/*weixinmp_id*/,'1', '客户充值成功', '充值时间:${date}\n充值金额:${money}\n赠送金额:${gift}\n账户余额:${balance}', 'FW2vJ1O0_hgRuwrUo9B0prBW4CziUajDwxX5eaN6Wac', '1', '客户', '');
insert into bas_mp_push_message_template_detail (weixinmp_id, id, template_id, keyword_name, keyword_value, color, order_num) values (0/*weixinmp_id*/,'first', '1', '标题', '您的充值成功啦', '#000000', '1');
insert into bas_mp_push_message_template_detail (weixinmp_id, id, template_id, keyword_name, keyword_value, color, order_num) values (0/*weixinmp_id*/,'keyword1', '1', '充值金额', '${money}', '#000000', '2');
insert into bas_mp_push_message_template_detail (weixinmp_id, id, template_id, keyword_name, keyword_value, color, order_num) values (0/*weixinmp_id*/,'keyword3', '1', '当前余额', '${balance}', '#000000', '3');
insert into bas_mp_push_message_template_detail (weixinmp_id, id, template_id, keyword_name, keyword_value, color, order_num) values (0/*weixinmp_id*/,'keyword4', '1', '时间', '${date}', '#000000', '4');
insert into bas_mp_push_message_template_detail (weixinmp_id, id, template_id, keyword_name, keyword_value, color, order_num) values (0/*weixinmp_id*/,'remark', '1', '备注', '感谢您对我们的信任，我们将为您提供更优质的服务。', '#000000', '5');

insert into bas_mp_push_message_template (weixinmp_id, id, template_name, variable, mp_code, is_active, receiver, memo) values (0/*weixinmp_id*/,'2', '押金支付成功', '时间:${date}\n押金金额:${money}\n订单号:${orderId}', 'C07P_tAdBoKgEGGkWfcDsCgEs7c_QEUU-xKxbKgr7T4', '1', '客户', '');
insert into bas_mp_push_message_template_detail (weixinmp_id, id, template_id, keyword_name, keyword_value, color, order_num) values (0/*weixinmp_id*/,'first', '2', '标题', '您已成功缴纳押金。', '#000000', '1');
insert into bas_mp_push_message_template_detail (weixinmp_id, id, template_id, keyword_name, keyword_value, color, order_num) values (0/*weixinmp_id*/,'keyword1', '2', '时间', '${date}', '#000000', '2');
insert into bas_mp_push_message_template_detail (weixinmp_id, id, template_id, keyword_name, keyword_value, color, order_num) values (0/*weixinmp_id*/,'keyword2', '2', '押金金额', '${money}', '#000000', '3');
insert into bas_mp_push_message_template_detail (weixinmp_id, id, template_id, keyword_name, keyword_value, color, order_num) values (0/*weixinmp_id*/,'keyword3', '2', '订单号', '${orderId}', '#000000', '4');
insert into bas_mp_push_message_template_detail (weixinmp_id, id, template_id, keyword_name, keyword_value, color, order_num) values (0/*weixinmp_id*/,'remark', '2', '备注', '感谢您的使用，祝您生活愉快！', '#000000', '5');

insert into bas_mp_push_message_template (weixinmp_id, id, template_name, variable, mp_code, is_active, receiver, memo) values (0/*weixinmp_id*/,'3', '套餐支付成功', '订单号:${orderId}\n时间:${date}\n金额:${money}\n天数:${daycount}\n总换电次数:${limitCount}', 'UulZ4fNHC4Xb_vM_Nz-iNvwfrLfgLqwhlq84n_VwitA', '1', '客户', '');
insert into bas_mp_push_message_template_detail (weixinmp_id, id, template_id, keyword_name, keyword_value, color, order_num) values (0/*weixinmp_id*/,'first', '3', '标题', '您已成功缴纳套餐。', '#000000', '1');
insert into bas_mp_push_message_template_detail (weixinmp_id, id, template_id, keyword_name, keyword_value, color, order_num) values (0/*weixinmp_id*/,'keyword1', '3', '套餐金额', '${money}', '#000000', '2');
insert into bas_mp_push_message_template_detail (weixinmp_id, id, template_id, keyword_name, keyword_value, color, order_num) values (0/*weixinmp_id*/,'keyword2', '3', '套餐天数', '${daycount}', '#000000', '3');
insert into bas_mp_push_message_template_detail (weixinmp_id, id, template_id, keyword_name, keyword_value, color, order_num) values (0/*weixinmp_id*/,'keyword3', '3', '总换电次数', '${limitCount}', '#000000', '4');
insert into bas_mp_push_message_template_detail (weixinmp_id, id, template_id, keyword_name, keyword_value, color, order_num) values (0/*weixinmp_id*/,'remark', '3', '备注', '感谢您的使用，祝您生活愉快！', '#000000', '5');

insert into bas_mp_push_message_template (weixinmp_id, id, template_name, variable, mp_code, is_active, receiver, memo) values (0/*weixinmp_id*/,'4', '订购成功通知', '运营商名称:${agentName}\n客户:${customerName}\n生效时间:${beginDate}\n失效时间:${endDate}\n金额:${money}\n优惠券名称:${ticketName}', 'sTdmBBSE2rYcK9rtjk7Z9Ajewp72HY_JjARPuhWgy94', '1', '客户', '');
insert into bas_mp_push_message_template_detail (weixinmp_id, id, template_id, keyword_name, keyword_value, color, order_num) values (0/*weixinmp_id*/,'first', '4', '标题', '【${agentName}】送您一张优惠券，请尽快使用', '#000000', '1');
insert into bas_mp_push_message_template_detail (weixinmp_id, id, template_id, keyword_name, keyword_value, color, order_num) values (0/*weixinmp_id*/,'keyword1', '4', '产品名称', '${ticketName}', '#000000', '2');
insert into bas_mp_push_message_template_detail (weixinmp_id, id, template_id, keyword_name, keyword_value, color, order_num) values (0/*weixinmp_id*/,'keyword2', '4', '产品金额', '${money}', '#000000', '3');
insert into bas_mp_push_message_template_detail (weixinmp_id, id, template_id, keyword_name, keyword_value, color, order_num) values (0/*weixinmp_id*/,'keyword3', '4', '订购成功时间', '${beginDate}', '#000000', '4');
insert into bas_mp_push_message_template_detail (weixinmp_id, id, template_id, keyword_name, keyword_value, color, order_num) values (0/*weixinmp_id*/,'remark', '4', '备注', '祝您用电愉快', '#000000', '5');

insert into bas_mp_push_message_template (weixinmp_id, id, template_name, variable, mp_code, is_active, receiver, memo) values (0/*weixinmp_id*/,'5', '申请退款成功', '退款原因:${reason}\n退款金额:${money}', 'oLK0JVxre7H1vt0Qt9xo0Vppr2KbLWpeIMZHN6NBh08', '1', '客户', '');
insert into bas_mp_push_message_template_detail (weixinmp_id, id, template_id, keyword_name, keyword_value, color, order_num) values (0/*weixinmp_id*/,'first', '5', '标题', '申请退款提交成功,平台工作人员在7个工作日内完成审核确认退款.', '#000000', '1');
insert into bas_mp_push_message_template_detail (weixinmp_id, id, template_id, keyword_name, keyword_value, color, order_num) values (0/*weixinmp_id*/,'keyword1', '5', '退款原因', '${reason}', '#000000', '2');
insert into bas_mp_push_message_template_detail (weixinmp_id, id, template_id, keyword_name, keyword_value, color, order_num) values (0/*weixinmp_id*/,'keyword2', '5', '退款金额', '${money}', '#000000', '3');
insert into bas_mp_push_message_template_detail (weixinmp_id, id, template_id, keyword_name, keyword_value, color, order_num) values (0/*weixinmp_id*/,'remark', '5', '备注', '如有疑问，请联系我们。', '#000000', '4');

insert into bas_mp_push_message_template (weixinmp_id, id, template_name, variable, mp_code, is_active, receiver, memo) values (0/*weixinmp_id*/,'6', '租赁到期提醒', '订单:${id}\n到期时间:${date}\n换电柜:${cabinetName}\n客户:${customerName}', '8ikEMxLPMqF2YYC_RYPAfH--wjdeOR6t3X9amkcVGd0', '1', '客户', '');
insert into bas_mp_push_message_template_detail (weixinmp_id, id, template_id, keyword_name, keyword_value, color, order_num) values (0/*weixinmp_id*/,'first', '6', '标题', '站点【${cabinetName}】您【${customerName}】租赁的电池即将到期，请尽快续租，避免影响您的使用', '#000000', '1');
insert into bas_mp_push_message_template_detail (weixinmp_id, id, template_id, keyword_name, keyword_value, color, order_num) values (0/*weixinmp_id*/,'keyword1', '6', '订单', '${id}', '#000000', '2');
insert into bas_mp_push_message_template_detail (weixinmp_id, id, template_id, keyword_name, keyword_value, color, order_num) values (0/*weixinmp_id*/,'keyword2', '6', '到期时间', '${date}', '#000000', '3');
insert into bas_mp_push_message_template_detail (weixinmp_id, id, template_id, keyword_name, keyword_value, color, order_num) values (0/*weixinmp_id*/,'remark', '6', '备注', '祝您用电愉快，谢谢。', '#000000', '4');

insert into bas_mp_push_message_template (weixinmp_id, id, template_name, variable, mp_code, is_active, receiver, memo) values (0/*weixinmp_id*/,'7', '开门成功提醒', '姓名:${name}\n开门时间:${date}\n开门类型:${cabinetName}\n开门人:${name}', 'zFvOi-R9ewAf-lkc8Hfk2AKQiEVmVZWCYKE79hZK4Fs', '1', '客户', '');
insert into bas_mp_push_message_template_detail (weixinmp_id, id, template_id, keyword_name, keyword_value, color, order_num) values (0/*weixinmp_id*/,'first', '7', '标题', '亲爱的${name}， 您已成功开锁，请取走您的电池', '#000000', '1');
insert into bas_mp_push_message_template_detail (weixinmp_id, id, template_id, keyword_name, keyword_value, color, order_num) values (0/*weixinmp_id*/,'keyword1', '7', '姓名', '${name}', '#000000', '2');
insert into bas_mp_push_message_template_detail (weixinmp_id, id, template_id, keyword_name, keyword_value, color, order_num) values (0/*weixinmp_id*/,'keyword2', '7', '开门方式', '换电', '#000000', '3');
insert into bas_mp_push_message_template_detail (weixinmp_id, id, template_id, keyword_name, keyword_value, color, order_num) values (0/*weixinmp_id*/,'keyword3', '7', '开门时间', '${date}', '#000000', '4');
insert into bas_mp_push_message_template_detail (weixinmp_id, id, template_id, keyword_name, keyword_value, color, order_num) values (0/*weixinmp_id*/,'keyword4', '7', '设备名称', '${cabinetName}', '#000000', '5');
insert into bas_mp_push_message_template_detail (weixinmp_id, id, template_id, keyword_name, keyword_value, color, order_num) values (0/*weixinmp_id*/,'remark', '7', '备注', '感谢您的使用。', '#000000', '6');

insert into bas_mp_push_message_template (weixinmp_id, id, template_name, variable, mp_code, is_active, receiver, memo) values (0/*weixinmp_id*/,'9', '优惠券到期提醒', '名称:${name}\n到期时间:${date}\n运营商:${agentName}', '8ikEMxLPMqF2YYC_RYPAfH--wjdeOR6t3X9amkcVGd0', '1', '客户', '');
insert into bas_mp_push_message_template_detail (weixinmp_id, id, template_id, keyword_name, keyword_value, color, order_num) values (0/*weixinmp_id*/,'first', '9', '标题', '【${agentName}】您的优惠券即将过期，请尽快使用', '#000000', '1');
insert into bas_mp_push_message_template_detail (weixinmp_id, id, template_id, keyword_name, keyword_value, color, order_num) values (0/*weixinmp_id*/,'keyword1', '9', '订单', '${name}', '#000000', '2');
insert into bas_mp_push_message_template_detail (weixinmp_id, id, template_id, keyword_name, keyword_value, color, order_num) values (0/*weixinmp_id*/,'keyword2', '9', '到期时间', '${date}', '#000000', '3');
insert into bas_mp_push_message_template_detail (weixinmp_id, id, template_id, keyword_name, keyword_value, color, order_num) values (0/*weixinmp_id*/,'remark', '9', '备注', '祝您用电愉快，谢谢。', '#000000', '4');


insert into bas_mp_push_message_template (weixinmp_id, id, template_name, variable, mp_code, is_active, receiver, memo) values (0/*weixinmp_id*/,'10', '换电订单未取超时', '订单Id:${orderId}\n站点:${cabinetName}\n箱门:${boxNum}\n预警时间:${date}', 'U7P6nkcU4GUCpkRha4nHD04xVVUfHcxpImq7c4t2nUE', '1', '客户', '');
insert into bas_mp_push_message_template_detail (weixinmp_id, id, template_id, keyword_name, keyword_value, color, order_num) values (0/*weixinmp_id*/,'first', '10', '标题', '换电订单未取超时', '#000000', '1');
insert into bas_mp_push_message_template_detail (weixinmp_id, id, template_id, keyword_name, keyword_value, color, order_num) values (0/*weixinmp_id*/,'keyword1', '10', '站点', '${cabinetName}', '#000000', '2');
insert into bas_mp_push_message_template_detail (weixinmp_id, id, template_id, keyword_name, keyword_value, color, order_num) values (0/*weixinmp_id*/,'keyword2', '10', '时间', '${date}', '#000000', '3');
insert into bas_mp_push_message_template_detail (weixinmp_id, id, template_id, keyword_name, keyword_value, color, order_num) values (0/*weixinmp_id*/,'keyword3', '10', '状态', '您的订单${orderId}存在未取电池,请尽快到${cabinetName}(${boxNum})站点扫码取走您的电池', '#000000', '4');
insert into bas_mp_push_message_template_detail (weixinmp_id, id, template_id, keyword_name, keyword_value, color, order_num) values (0/*weixinmp_id*/,'remark', '10', '备注', '请予以确认，并关注处理。', '#000000', '5');

insert into bas_mp_push_message_template (weixinmp_id, id, template_name, variable, mp_code, is_active, receiver, memo) values (0/*weixinmp_id*/,'11', '客户电池入柜异常', '站点:${cabinetName}\n箱门:${boxNum}\n异常信息:${message}\n预警时间:${date}', 'U7P6nkcU4GUCpkRha4nHD04xVVUfHcxpImq7c4t2nUE', '1', '客户', '');
insert into bas_mp_push_message_template_detail (weixinmp_id, id, template_id, keyword_name, keyword_value, color, order_num) values (0/*weixinmp_id*/,'first', '11', '标题', '客户电池入柜异常', '#000000', '1');
insert into bas_mp_push_message_template_detail (weixinmp_id, id, template_id, keyword_name, keyword_value, color, order_num) values (0/*weixinmp_id*/,'keyword1', '11', '站点', '${cabinetName}', '#000000', '2');
insert into bas_mp_push_message_template_detail (weixinmp_id, id, template_id, keyword_name, keyword_value, color, order_num) values (0/*weixinmp_id*/,'keyword2', '11', '时间', '${date}', '#000000', '3');
insert into bas_mp_push_message_template_detail (weixinmp_id, id, template_id, keyword_name, keyword_value, color, order_num) values (0/*weixinmp_id*/,'keyword3', '11', '状态', '您在【${cabinetName}】【${boxNum}】入柜的电池存在异常：${message}', '#000000', '4');
insert into bas_mp_push_message_template_detail (weixinmp_id, id, template_id, keyword_name, keyword_value, color, order_num) values (0/*weixinmp_id*/,'remark', '11', '备注', '请予以确认，并关注处理。', '#000000', '5');

insert into bas_mp_push_message_template (weixinmp_id, id, template_name, variable, mp_code, is_active, receiver, memo) values (0/*weixinmp_id*/,'12', '骑手未关门', '站点:${cabinetName}\n箱门:${boxNum}\n预警时间:${date}', 'bNNaUlnPd4I9WhTceTnAir2usiXg0H415MDK_CyCso8', '1', '客户', '');
insert into bas_mp_push_message_template_detail (weixinmp_id, id, template_id, keyword_name, keyword_value, color, order_num) values (0/*weixinmp_id*/,'first', '12', '标题', '取电未关门', '#000000', '1');
insert into bas_mp_push_message_template_detail (weixinmp_id, id, template_id, keyword_name, keyword_value, color, order_num) values (0/*weixinmp_id*/,'keyword1', '12', '智能主机别名', '${cabinetName}', '#000000', '2');
insert into bas_mp_push_message_template_detail (weixinmp_id, id, template_id, keyword_name, keyword_value, color, order_num) values (0/*weixinmp_id*/,'keyword2', '12', '门锁位置', '{boxNum}', '#000000', '3');
insert into bas_mp_push_message_template_detail (weixinmp_id, id, template_id, keyword_name, keyword_value, color, order_num) values (0/*weixinmp_id*/,'keyword3', '12', '门锁状态', '开', '#000000', '4');
insert into bas_mp_push_message_template_detail (weixinmp_id, id, template_id, keyword_name, keyword_value, color, order_num) values (0/*weixinmp_id*/,'keyword4', '12', '报警时间', '${date}', '#000000', '5');
insert into bas_mp_push_message_template_detail (weixinmp_id, id, template_id, keyword_name, keyword_value, color, order_num) values (0/*weixinmp_id*/,'remark', '12', '备注', '请予以确认，并关注处理。', '#000000', '6');


insert into bas_mp_push_message_template (weixinmp_id, id, template_name, variable, mp_code, is_active, receiver, memo) values (0/*weixinmp_id*/,'13', '客户电池电量低', '站点:${cabinetName}\n客户:${fullName}\n电量:${volume}\n预警时间:${date}', 'zKi5MLz_6x3eytnnNBgIQtGptmNs0eXlHl9mV-41_QM', '1', '客户', '');
insert into bas_mp_push_message_template_detail (weixinmp_id, id, template_id, keyword_name, keyword_value, color, order_num) values (0/*weixinmp_id*/,'first', '13', '标题', '站点【${cabinetName}】的骑手【${fullName}】电池电量过低，请及时换电', '#000000', '1');
insert into bas_mp_push_message_template_detail (weixinmp_id, id, template_id, keyword_name, keyword_value, color, order_num) values (0/*weixinmp_id*/,'keyword1', '13', '电池电量', '${volume}%', '#000000', '2');
insert into bas_mp_push_message_template_detail (weixinmp_id, id, template_id, keyword_name, keyword_value, color, order_num) values (0/*weixinmp_id*/,'keyword2', '13', '时间', '${date}', '#000000', '3');
insert into bas_mp_push_message_template_detail (weixinmp_id, id, template_id, keyword_name, keyword_value, color, order_num) values (0/*weixinmp_id*/,'remark', '13', '备注', '请予以确认，并关注处理。', '#000000', '4');

insert into bas_mp_push_message_template (weixinmp_id, id, template_name, variable, mp_code, is_active, receiver, memo) values (0/*weixinmp_id*/,'14', '电量低通知运营商', '站点:${cabinetName}\n客户:${fullName}\n电量:${volume}\n预警时间:${date}', 'zKi5MLz_6x3eytnnNBgIQtGptmNs0eXlHl9mV-41_QM', '1', '运营商', '');
insert into bas_mp_push_message_template_detail (weixinmp_id, id, template_id, keyword_name, keyword_value, color, order_num) values (0/*weixinmp_id*/,'first', '14', '标题', '站点【${cabinetName}】的骑手【${fullName}】电池电量过低', '#000000', '1');
insert into bas_mp_push_message_template_detail (weixinmp_id, id, template_id, keyword_name, keyword_value, color, order_num) values (0/*weixinmp_id*/,'keyword1', '14', '电池电量', '${volume}%', '#000000', '2');
insert into bas_mp_push_message_template_detail (weixinmp_id, id, template_id, keyword_name, keyword_value, color, order_num) values (0/*weixinmp_id*/,'keyword2', '14', '时间', '${date}', '#000000', '3');
insert into bas_mp_push_message_template_detail (weixinmp_id, id, template_id, keyword_name, keyword_value, color, order_num) values (0/*weixinmp_id*/,'remark', '14', '备注', '请予以确认，并关注处理。', '#000000', '4');


insert into bas_mp_push_message_template (weixinmp_id, id, template_name, variable, mp_code, is_active, receiver, memo) values (0/*weixinmp_id*/,'15', '充电高温异常', '电池Id:${batteryId}\nIMEI:${batteryCode}\n电量:${volume}\n电池温度:${temp}\n预警温度:${sysTemp}\n预警时间:${date}', 'ecK-XzoVzkMVIPtLszdaLRiEjHvAcYGu9A-yqZiJDDU', '1', '运营商', '');
insert into bas_mp_push_message_template_detail (weixinmp_id, id, template_id, keyword_name, keyword_value, color, order_num) values (0/*weixinmp_id*/,'first', '15', '标题', '充电高温异常', '#000000', '1');
insert into bas_mp_push_message_template_detail (weixinmp_id, id, template_id, keyword_name, keyword_value, color, order_num) values (0/*weixinmp_id*/,'keyword1', '15', '电池名称', '【${batteryId}】【${batteryCode}】', '#000000', '2');
insert into bas_mp_push_message_template_detail (weixinmp_id, id, template_id, keyword_name, keyword_value, color, order_num) values (0/*weixinmp_id*/,'keyword2', '15', '告警类型', '电池【电量${volume}%】出现充电高温异常，温度值：【${temp}/${sysTemp}℃】，请关注', '#000000', '3');
insert into bas_mp_push_message_template_detail (weixinmp_id, id, template_id, keyword_name, keyword_value, color, order_num) values (0/*weixinmp_id*/,'keyword3', '15', '告警时间', '${date}', '#000000', '4');
insert into bas_mp_push_message_template_detail (weixinmp_id, id, template_id, keyword_name, keyword_value, color, order_num) values (0/*weixinmp_id*/,'remark', '15', '备注', '请予以确认，并关注处理。', '#000000', '5');

insert into bas_mp_push_message_template (weixinmp_id, id, template_name, variable, mp_code, is_active, receiver, memo) values (0/*weixinmp_id*/,'16', '充电低温异常', '电池Id:${batteryId}\nIMEI:${batteryCode}\n电量:${volume}\n电池温度:${temp}\n预警温度:${sysTemp}\n预警时间:${date}', 'ecK-XzoVzkMVIPtLszdaLRiEjHvAcYGu9A-yqZiJDDU', '1', '运营商', '');
insert into bas_mp_push_message_template_detail (weixinmp_id, id, template_id, keyword_name, keyword_value, color, order_num) values (0/*weixinmp_id*/,'first', '16', '标题', '充电低温异常', '#000000', '1');
insert into bas_mp_push_message_template_detail (weixinmp_id, id, template_id, keyword_name, keyword_value, color, order_num) values (0/*weixinmp_id*/,'keyword1', '16', '电池名称', '【${batteryId}】【${batteryCode}】', '#000000', '2');
insert into bas_mp_push_message_template_detail (weixinmp_id, id, template_id, keyword_name, keyword_value, color, order_num) values (0/*weixinmp_id*/,'keyword2', '16', '告警类型', '电池【电量${volume}%】出现充电低温异常，温度值：【${temp}/${sysTemp}℃】，请关注', '#000000', '3');
insert into bas_mp_push_message_template_detail (weixinmp_id, id, template_id, keyword_name, keyword_value, color, order_num) values (0/*weixinmp_id*/,'keyword3', '16', '告警时间', '${date}', '#000000', '4');
insert into bas_mp_push_message_template_detail (weixinmp_id, id, template_id, keyword_name, keyword_value, color, order_num) values (0/*weixinmp_id*/,'remark', '16', '备注', '请予以确认，并关注处理。', '#000000', '5');

insert into bas_mp_push_message_template (weixinmp_id, id, template_name, variable, mp_code, is_active, receiver, memo) values (0/*weixinmp_id*/,'17', '放电高温异常', '电池Id:${batteryId}\nIMEI:${batteryCode}\n电量:${volume}\n电池温度:${temp}\n预警温度:${sysTemp}\n预警时间:${date}', 'ecK-XzoVzkMVIPtLszdaLRiEjHvAcYGu9A-yqZiJDDU', '1', '运营商', '');
insert into bas_mp_push_message_template_detail (weixinmp_id, id, template_id, keyword_name, keyword_value, color, order_num) values (0/*weixinmp_id*/,'first', '17', '标题', '放电高温异常', '#000000', '1');
insert into bas_mp_push_message_template_detail (weixinmp_id, id, template_id, keyword_name, keyword_value, color, order_num) values (0/*weixinmp_id*/,'keyword1', '17', '电池名称', '【${batteryId}】【${batteryCode}】', '#000000', '2');
insert into bas_mp_push_message_template_detail (weixinmp_id, id, template_id, keyword_name, keyword_value, color, order_num) values (0/*weixinmp_id*/,'keyword2', '17', '告警类型', '电池【电量${volume}%】出现放电高温异常，温度值：【${temp}/${sysTemp}℃】，请关注', '#000000', '3');
insert into bas_mp_push_message_template_detail (weixinmp_id, id, template_id, keyword_name, keyword_value, color, order_num) values (0/*weixinmp_id*/,'keyword3', '17', '告警时间', '${date}', '#000000', '4');
insert into bas_mp_push_message_template_detail (weixinmp_id, id, template_id, keyword_name, keyword_value, color, order_num) values (0/*weixinmp_id*/,'remark', '17', '备注', '请予以确认，并关注处理。', '#000000', '5');

insert into bas_mp_push_message_template (weixinmp_id, id, template_name, variable, mp_code, is_active, receiver, memo) values (0/*weixinmp_id*/,'18', '放电低温异常', '电池Id:${batteryId}\nIMEI:${batteryCode}\n电量:${volume}\n电池温度:${temp}\n预警温度:${sysTemp}\n预警时间:${date}', 'ecK-XzoVzkMVIPtLszdaLRiEjHvAcYGu9A-yqZiJDDU', '1', '运营商', '');
insert into bas_mp_push_message_template_detail (weixinmp_id, id, template_id, keyword_name, keyword_value, color, order_num) values (0/*weixinmp_id*/,'first', '18', '标题', '放电低温异常', '#000000', '1');
insert into bas_mp_push_message_template_detail (weixinmp_id, id, template_id, keyword_name, keyword_value, color, order_num) values (0/*weixinmp_id*/,'keyword1', '18', '电池名称', '【${batteryId}】【${batteryCode}】', '#000000', '2');
insert into bas_mp_push_message_template_detail (weixinmp_id, id, template_id, keyword_name, keyword_value, color, order_num) values (0/*weixinmp_id*/,'keyword2', '18', '告警类型', '电池【电量${volume}%】出现放电低温异常，温度值：【${temp}/${sysTemp}℃】，请关注', '#000000', '3');
insert into bas_mp_push_message_template_detail (weixinmp_id, id, template_id, keyword_name, keyword_value, color, order_num) values (0/*weixinmp_id*/,'keyword3', '18', '告警时间', '${date}', '#000000', '4');
insert into bas_mp_push_message_template_detail (weixinmp_id, id, template_id, keyword_name, keyword_value, color, order_num) values (0/*weixinmp_id*/,'remark', '18', '备注', '请予以确认，并关注处理。', '#000000', '5');

insert into bas_mp_push_message_template (weixinmp_id, id, template_name, variable, mp_code, is_active, receiver, memo) values (0/*weixinmp_id*/,'19', '充电过流异常', '电池Id:${batteryId}\nIMEI:${batteryCode}\n电量:${volume}\n电流:${electricity}\n预警时间:${date}', 'ecK-XzoVzkMVIPtLszdaLRiEjHvAcYGu9A-yqZiJDDU', '1', '运营商', '');
insert into bas_mp_push_message_template_detail (weixinmp_id, id, template_id, keyword_name, keyword_value, color, order_num) values (0/*weixinmp_id*/,'first', '19', '标题', '充电过流异常', '#000000', '1');
insert into bas_mp_push_message_template_detail (weixinmp_id, id, template_id, keyword_name, keyword_value, color, order_num) values (0/*weixinmp_id*/,'keyword1', '19', '电池名称', '【${batteryId}】【${batteryCode}】', '#000000', '2');
insert into bas_mp_push_message_template_detail (weixinmp_id, id, template_id, keyword_name, keyword_value, color, order_num) values (0/*weixinmp_id*/,'keyword2', '19', '告警类型', '电池【电量${volume}%】出现充电过流异常，电流值：【${electricity}】，请关注', '#000000', '3');
insert into bas_mp_push_message_template_detail (weixinmp_id, id, template_id, keyword_name, keyword_value, color, order_num) values (0/*weixinmp_id*/,'keyword3', '19', '告警时间', '${date}', '#000000', '4');
insert into bas_mp_push_message_template_detail (weixinmp_id, id, template_id, keyword_name, keyword_value, color, order_num) values (0/*weixinmp_id*/,'remark', '19', '备注', '请予以确认，并关注处理。', '#000000', '5');

insert into bas_mp_push_message_template (weixinmp_id, id, template_name, variable, mp_code, is_active, receiver, memo) values (0/*weixinmp_id*/,'20', '放电过流异常', '电池Id:${batteryId}\nIMEI:${batteryCode}\n电量:${volume}\n电流:${electricity}\n预警时间:${date}', 'ecK-XzoVzkMVIPtLszdaLRiEjHvAcYGu9A-yqZiJDDU', '1', '运营商', '');
insert into bas_mp_push_message_template_detail (weixinmp_id, id, template_id, keyword_name, keyword_value, color, order_num) values (0/*weixinmp_id*/,'first', '20', '标题', '放电过流异常', '#000000', '1');
insert into bas_mp_push_message_template_detail (weixinmp_id, id, template_id, keyword_name, keyword_value, color, order_num) values (0/*weixinmp_id*/,'keyword1', '20', '电池名称', '【${batteryId}】【${batteryCode}】', '#000000', '2');
insert into bas_mp_push_message_template_detail (weixinmp_id, id, template_id, keyword_name, keyword_value, color, order_num) values (0/*weixinmp_id*/,'keyword2', '20', '告警类型', '电池【电量${volume}%】出现放电过流异常，电流值：【${electricity}】，请关注', '#000000', '3');
insert into bas_mp_push_message_template_detail (weixinmp_id, id, template_id, keyword_name, keyword_value, color, order_num) values (0/*weixinmp_id*/,'keyword3', '20', '告警时间', '${date}', '#000000', '4');
insert into bas_mp_push_message_template_detail (weixinmp_id, id, template_id, keyword_name, keyword_value, color, order_num) values (0/*weixinmp_id*/,'remark', '20', '备注', '请予以确认，并关注处理。', '#000000', '5');

insert into bas_mp_push_message_template (weixinmp_id, id, template_name, variable, mp_code, is_active, receiver, memo) values (0/*weixinmp_id*/,'21', '短路保护异常', '电池Id:${batteryId}\nIMEI:${batteryCode}\n电量:${volume}\n预警时间:${date}', 'ecK-XzoVzkMVIPtLszdaLRiEjHvAcYGu9A-yqZiJDDU', '1', '运营商', '');
insert into bas_mp_push_message_template_detail (weixinmp_id, id, template_id, keyword_name, keyword_value, color, order_num) values (0/*weixinmp_id*/,'first', '21', '标题', '短路保护异常', '#000000', '1');
insert into bas_mp_push_message_template_detail (weixinmp_id, id, template_id, keyword_name, keyword_value, color, order_num) values (0/*weixinmp_id*/,'keyword1', '21', '电池名称', '【${batteryId}】【${batteryCode}】', '#000000', '2');
insert into bas_mp_push_message_template_detail (weixinmp_id, id, template_id, keyword_name, keyword_value, color, order_num) values (0/*weixinmp_id*/,'keyword2', '21', '告警类型', '电池【电量${volume}%】出现短路保护异常，请关注', '#000000', '3');
insert into bas_mp_push_message_template_detail (weixinmp_id, id, template_id, keyword_name, keyword_value, color, order_num) values (0/*weixinmp_id*/,'keyword3', '21', '告警时间', '${date}', '#000000', '4');
insert into bas_mp_push_message_template_detail (weixinmp_id, id, template_id, keyword_name, keyword_value, color, order_num) values (0/*weixinmp_id*/,'remark', '21', '备注', '请予以确认，并关注处理。', '#000000', '5');

insert into bas_mp_push_message_template (weixinmp_id, id, template_name, variable, mp_code, is_active, receiver, memo) values (0/*weixinmp_id*/,'22', 'IC错误异常', '电池Id:${batteryId}\nIMEI:${batteryCode}\n电量:${volume}\n预警时间:${date}', 'ecK-XzoVzkMVIPtLszdaLRiEjHvAcYGu9A-yqZiJDDU', '1', '运营商', '');
insert into bas_mp_push_message_template_detail (weixinmp_id, id, template_id, keyword_name, keyword_value, color, order_num) values (0/*weixinmp_id*/,'first', '22', '标题', 'IC错误异常', '#000000', '1');
insert into bas_mp_push_message_template_detail (weixinmp_id, id, template_id, keyword_name, keyword_value, color, order_num) values (0/*weixinmp_id*/,'keyword1', '22', '电池名称', '【${batteryId}】【${batteryCode}】', '#000000', '2');
insert into bas_mp_push_message_template_detail (weixinmp_id, id, template_id, keyword_name, keyword_value, color, order_num) values (0/*weixinmp_id*/,'keyword2', '22', '告警类型', '电池【电量${volume}%】IC错误异常，请关注', '#000000', '3');
insert into bas_mp_push_message_template_detail (weixinmp_id, id, template_id, keyword_name, keyword_value, color, order_num) values (0/*weixinmp_id*/,'keyword3', '22', '告警时间', '${date}', '#000000', '4');
insert into bas_mp_push_message_template_detail (weixinmp_id, id, template_id, keyword_name, keyword_value, color, order_num) values (0/*weixinmp_id*/,'remark', '22', '备注', '请予以确认，并关注处理。', '#000000', '5');

insert into bas_mp_push_message_template (weixinmp_id, id, template_name, variable, mp_code, is_active, receiver, memo) values (0/*weixinmp_id*/,'23', '压差过大异常', '电池Id:${batteryId}\nIMEI:${batteryCode}\n电量:${volume}\n压差:${voltageDiff}\n预警时间:${date}', 'ecK-XzoVzkMVIPtLszdaLRiEjHvAcYGu9A-yqZiJDDU', '1', '运营商', '');
insert into bas_mp_push_message_template_detail (weixinmp_id, id, template_id, keyword_name, keyword_value, color, order_num) values (0/*weixinmp_id*/,'first', '23', '标题', '压差过大异常', '#000000', '1');
insert into bas_mp_push_message_template_detail (weixinmp_id, id, template_id, keyword_name, keyword_value, color, order_num) values (0/*weixinmp_id*/,'keyword1', '23', '电池名称', '【${batteryId}】【${batteryCode}】', '#000000', '2');
insert into bas_mp_push_message_template_detail (weixinmp_id, id, template_id, keyword_name, keyword_value, color, order_num) values (0/*weixinmp_id*/,'keyword2', '23', '告警类型', '电池【电量${volume}%】压差大于${voltageDiff}，请重点关注', '#000000', '3');
insert into bas_mp_push_message_template_detail (weixinmp_id, id, template_id, keyword_name, keyword_value, color, order_num) values (0/*weixinmp_id*/,'keyword3', '23', '告警时间', '${date}', '#000000', '4');
insert into bas_mp_push_message_template_detail (weixinmp_id, id, template_id, keyword_name, keyword_value, color, order_num) values (0/*weixinmp_id*/,'remark', '23', '备注', '请予以确认，并关注处理。', '#000000', '5');


insert into bas_mp_push_message_template (weixinmp_id, id, template_name, variable, mp_code, is_active, receiver, memo) values (0/*weixinmp_id*/,'24', '骑手租赁电池超时', '电池Id:${batteryId}\nIMEI:${batteryCode}\n电量:${volume}\n小时:${hour}\n预警时间:${date}\n柜子名称:${cabinetName}\n开始时间:${beginTime}\n结束时间:${endTime}\n订单id:${orderId}', 'wlLr4-pNSm9R7MCOgVKD5HecIOLesKTXyh_TgLDIhlg', '1',  '运营商','');
insert into bas_mp_push_message_template_detail (weixinmp_id, id, template_id, keyword_name, keyword_value, color, order_num) values (0/*weixinmp_id*/,'first', '24', '标题', '骑手租赁电池超时', '#000000', '1');
insert into bas_mp_push_message_template_detail (weixinmp_id, id, template_id, keyword_name, keyword_value, color, order_num) values (0/*weixinmp_id*/,'keyword1', '24', '租借地点', '换电柜【${cabinetName}】电池【${batteryId}】【电量${volume}%】', '#000000', '2');
insert into bas_mp_push_message_template_detail (weixinmp_id, id, template_id, keyword_name, keyword_value, color, order_num) values (0/*weixinmp_id*/,'keyword2', '24', '订单开始时间', '${beginTime}', '#000000', '3');
insert into bas_mp_push_message_template_detail (weixinmp_id, id, template_id, keyword_name, keyword_value, color, order_num) values (0/*weixinmp_id*/,'keyword3', '24', '订单应结束时间', '${endTime}', '#000000', '4');
insert into bas_mp_push_message_template_detail (weixinmp_id, id, template_id, keyword_name, keyword_value, color, order_num) values (0/*weixinmp_id*/,'keyword4', '24', '订单超时时间', '${hour}小时', '#000000', '5');
insert into bas_mp_push_message_template_detail (weixinmp_id, id, template_id, keyword_name, keyword_value, color, order_num) values (0/*weixinmp_id*/,'keyword5', '24', '订单编号', '${orderId}', '#000000', '6');
insert into bas_mp_push_message_template_detail (weixinmp_id, id, template_id, keyword_name, keyword_value, color, order_num) values (0/*weixinmp_id*/,'remark', '24', '备注', '请予以确认，并关注处理。', '#000000', '7');


insert into bas_mp_push_message_template (weixinmp_id, id, template_name, variable, mp_code, is_active, receiver, memo) values (0/*weixinmp_id*/,'25', '未绑定电池在外超时', '电池Id:${batteryId}\nIMEI:${batteryCode}\n电量:${volume}\n小时:${hour}\n预警时间:${date}', 'ecK-XzoVzkMVIPtLszdaLRiEjHvAcYGu9A-yqZiJDDU', '1',  '运营商','');
insert into bas_mp_push_message_template_detail (weixinmp_id, id, template_id, keyword_name, keyword_value, color, order_num) values (0/*weixinmp_id*/,'first', '25', '标题', '未绑定电池在外超时', '#000000', '1');
insert into bas_mp_push_message_template_detail (weixinmp_id, id, template_id, keyword_name, keyword_value, color, order_num) values (0/*weixinmp_id*/,'keyword1', '25', '电池名称', '【${batteryId}】【${batteryCode}】', '#000000', '2');
insert into bas_mp_push_message_template_detail (weixinmp_id, id, template_id, keyword_name, keyword_value, color, order_num) values (0/*weixinmp_id*/,'keyword2', '25', '告警类型', '电池【电量${volume}%】已经在外超过【${hour}】小时，请关注', '#000000', '3');
insert into bas_mp_push_message_template_detail (weixinmp_id, id, template_id, keyword_name, keyword_value, color, order_num) values (0/*weixinmp_id*/,'keyword3', '25', '告警时间', '${date}', '#000000', '4');
insert into bas_mp_push_message_template_detail (weixinmp_id, id, template_id, keyword_name, keyword_value, color, order_num) values (0/*weixinmp_id*/,'remark', '25', '备注', '请予以确认，并关注处理。', '#000000', '5');

insert into bas_mp_push_message_template (weixinmp_id, id, template_name, variable, mp_code, is_active, receiver, memo) values (0/*weixinmp_id*/,'26', '电池单体电压小于最小电压断电', '电池Id:${batteryId}\nIMEI:${batteryCode}\n电量:${volume}\n单体电压:${minVoltage}\n预设单体电压:${minOcvTable}\n预警时间:${date}', 'ecK-XzoVzkMVIPtLszdaLRiEjHvAcYGu9A-yqZiJDDU', '1', '运营商', '');
insert into bas_mp_push_message_template_detail (weixinmp_id, id, template_id, keyword_name, keyword_value, color, order_num) values (0/*weixinmp_id*/,'first', '26', '标题', '电池断电', '#000000', '1');
insert into bas_mp_push_message_template_detail (weixinmp_id, id, template_id, keyword_name, keyword_value, color, order_num) values (0/*weixinmp_id*/,'keyword1', '26', '电池名称', '【${batteryId}】【${batteryCode}】', '#000000', '2');
insert into bas_mp_push_message_template_detail (weixinmp_id, id, template_id, keyword_name, keyword_value, color, order_num) values (0/*weixinmp_id*/,'keyword2', '26', '告警类型', '电池【电量${volume}%】单体电压【${minVoltage}】已经小于预设单体电压【${minOcvTable}】，电池已断电，请监控该电池', '#000000', '3');
insert into bas_mp_push_message_template_detail (weixinmp_id, id, template_id, keyword_name, keyword_value, color, order_num) values (0/*weixinmp_id*/,'keyword3', '26', '告警时间', '${date}', '#000000', '4');
insert into bas_mp_push_message_template_detail (weixinmp_id, id, template_id, keyword_name, keyword_value, color, order_num) values (0/*weixinmp_id*/,'remark', '26', '备注', '请予以确认，并关注处理。', '#000000', '5');


insert into bas_mp_push_message_template (weixinmp_id, id, template_name, variable, mp_code, is_active, receiver, memo) values (0/*weixinmp_id*/,'27', '异常标注电池', '电池Id:${batteryId}\n站点:${cabinetName}\n箱门:${boxNum}\n预警时间:${date}', 'U7P6nkcU4GUCpkRha4nHD04xVVUfHcxpImq7c4t2nUE', '1', '运营商', '');
insert into bas_mp_push_message_template_detail (weixinmp_id, id, template_id, keyword_name, keyword_value, color, order_num) values (0/*weixinmp_id*/,'first', '27', '标题', '异常标注电池', '#000000', '1');
insert into bas_mp_push_message_template_detail (weixinmp_id, id, template_id, keyword_name, keyword_value, color, order_num) values (0/*weixinmp_id*/,'keyword1', '27', '站点', '${cabinetName}', '#000000', '2');
insert into bas_mp_push_message_template_detail (weixinmp_id, id, template_id, keyword_name, keyword_value, color, order_num) values (0/*weixinmp_id*/,'keyword2', '27', '时间', '${date}', '#000000', '3');
insert into bas_mp_push_message_template_detail (weixinmp_id, id, template_id, keyword_name, keyword_value, color, order_num) values (0/*weixinmp_id*/,'keyword3', '27', '状态', '您标注的异常电池【${batteryId}】在站点【${cabinetName}】【${boxNum}】箱门', '#000000', '4');
insert into bas_mp_push_message_template_detail (weixinmp_id, id, template_id, keyword_name, keyword_value, color, order_num) values (0/*weixinmp_id*/,'remark', '27', '备注', '请予以确认，并关注处理。', '#000000', '5');

insert into bas_mp_push_message_template (weixinmp_id, id, template_name, variable, mp_code, is_active, receiver, memo) values (0/*weixinmp_id*/,'28', '换电柜离线', '站点:${cabinetName}\n预警时间:${date}', 'U7P6nkcU4GUCpkRha4nHD04xVVUfHcxpImq7c4t2nUE', '1', '运营商', '');
insert into bas_mp_push_message_template_detail (weixinmp_id, id, template_id, keyword_name, keyword_value, color, order_num) values (0/*weixinmp_id*/,'first', '28', '标题', '换电柜离线', '#000000', '1');
insert into bas_mp_push_message_template_detail (weixinmp_id, id, template_id, keyword_name, keyword_value, color, order_num) values (0/*weixinmp_id*/,'keyword1', '28', '站点', '${cabinetName}', '#000000', '2');
insert into bas_mp_push_message_template_detail (weixinmp_id, id, template_id, keyword_name, keyword_value, color, order_num) values (0/*weixinmp_id*/,'keyword2', '28', '时间', '${date}', '#000000', '3');
insert into bas_mp_push_message_template_detail (weixinmp_id, id, template_id, keyword_name, keyword_value, color, order_num) values (0/*weixinmp_id*/,'keyword3', '28', '状态', '设备已经离线，请尽快检查', '#000000', '4');
insert into bas_mp_push_message_template_detail (weixinmp_id, id, template_id, keyword_name, keyword_value, color, order_num) values (0/*weixinmp_id*/,'remark', '28', '备注', '请予以确认，并关注处理。', '#000000', '5');


insert into bas_mp_push_message_template (weixinmp_id, id, template_name, variable, mp_code, is_active, receiver, memo) values (0/*weixinmp_id*/,'29', '换电柜高温报警', '站点:${cabinetName}\n温度:${temp}\n预警温度:${alarmTemp}\n预警时间:${date}', '8a5IYYBpv-OPXRT_oOhdkqG0rp1PkX0RF89TyH7qZVc', '1', '运营商', '');
insert into bas_mp_push_message_template_detail (weixinmp_id, id, template_id, keyword_name, keyword_value, color, order_num) values (0/*weixinmp_id*/,'first', '29', '标题', '换电柜高温报警', '#000000', '1');
insert into bas_mp_push_message_template_detail (weixinmp_id, id, template_id, keyword_name, keyword_value, color, order_num) values (0/*weixinmp_id*/,'keyword1', '29', '位置', '${cabinetName}', '#000000', '2');
insert into bas_mp_push_message_template_detail (weixinmp_id, id, template_id, keyword_name, keyword_value, color, order_num) values (0/*weixinmp_id*/,'keyword2', '29', '类型', '高温', '#000000', '3');
insert into bas_mp_push_message_template_detail (weixinmp_id, id, template_id, keyword_name, keyword_value, color, order_num) values (0/*weixinmp_id*/,'keyword3', '29', '温度', '【${temp}℃/${alarmTemp}℃】', '#000000', '4');
insert into bas_mp_push_message_template_detail (weixinmp_id, id, template_id, keyword_name, keyword_value, color, order_num) values (0/*weixinmp_id*/,'remark', '29', '备注', '请予以确认，并关注处理。', '#000000', '5');

insert into bas_mp_push_message_template (weixinmp_id, id, template_name, variable, mp_code, is_active, receiver, memo) values (0/*weixinmp_id*/,'30', '换电柜低温报警', '站点:${cabinetName}\n温度:${temp}\n预警温度:${alarmTemp}\n预警时间:${date}', '8a5IYYBpv-OPXRT_oOhdkqG0rp1PkX0RF89TyH7qZVc', '1', '运营商', '');
insert into bas_mp_push_message_template_detail (weixinmp_id, id, template_id, keyword_name, keyword_value, color, order_num) values (0/*weixinmp_id*/,'first', '30', '标题', '换电柜低温报警', '#000000', '1');
insert into bas_mp_push_message_template_detail (weixinmp_id, id, template_id, keyword_name, keyword_value, color, order_num) values (0/*weixinmp_id*/,'keyword1', '30', '位置', '${cabinetName}', '#000000', '2');
insert into bas_mp_push_message_template_detail (weixinmp_id, id, template_id, keyword_name, keyword_value, color, order_num) values (0/*weixinmp_id*/,'keyword2', '30', '类型', '低温', '#000000', '3');
insert into bas_mp_push_message_template_detail (weixinmp_id, id, template_id, keyword_name, keyword_value, color, order_num) values (0/*weixinmp_id*/,'keyword3', '30', '温度', '【${temp}℃/${alarmTemp}℃】', '#000000', '4');
insert into bas_mp_push_message_template_detail (weixinmp_id, id, template_id, keyword_name, keyword_value, color, order_num) values (0/*weixinmp_id*/,'remark', '30', '备注', '请予以确认，并关注处理。', '#000000', '5');


insert into bas_mp_push_message_template (weixinmp_id, id, template_name, variable, mp_code, is_active, receiver, memo) values (0/*weixinmp_id*/,'31', '骑手换电未取通知运营商', '订单Id:${orderId}\n站点:${cabinetName}\n箱门:${boxNum}\n骑手:${fullname}\n预警时间:${date}', 'U7P6nkcU4GUCpkRha4nHD04xVVUfHcxpImq7c4t2nUE', '1', '运营商', '');
insert into bas_mp_push_message_template_detail (weixinmp_id, id, template_id, keyword_name, keyword_value, color, order_num) values (0/*weixinmp_id*/,'first', '31', '标题', '骑手换电未取通知', '#000000', '1');
insert into bas_mp_push_message_template_detail (weixinmp_id, id, template_id, keyword_name, keyword_value, color, order_num) values (0/*weixinmp_id*/,'keyword1', '31', '站点', '${cabinetName}', '#000000', '2');
insert into bas_mp_push_message_template_detail (weixinmp_id, id, template_id, keyword_name, keyword_value, color, order_num) values (0/*weixinmp_id*/,'keyword2', '31', '时间', '${date}', '#000000', '3');
insert into bas_mp_push_message_template_detail (weixinmp_id, id, template_id, keyword_name, keyword_value, color, order_num) values (0/*weixinmp_id*/,'keyword3', '31', '状态', '站点【${cabinetName}】【${boxNum}】骑手【${fullname}】未取电池，请关注', '#000000', '4');
insert into bas_mp_push_message_template_detail (weixinmp_id, id, template_id, keyword_name, keyword_value, color, order_num) values (0/*weixinmp_id*/,'remark', '31', '备注', '请予以确认，并关注处理。', '#000000', '5');



insert into bas_mp_push_message_template (weixinmp_id, id, template_name, variable, mp_code, is_active, receiver, memo) values (0/*weixinmp_id*/,'32', '骑手未关门通知运营商', '站点:${cabinetName}\n箱门:${boxNum}\n骑手:${fullname}\n预警时间:${date}', 'bNNaUlnPd4I9WhTceTnAir2usiXg0H415MDK_CyCso8', '1', '运营商', '');
insert into bas_mp_push_message_template_detail (weixinmp_id, id, template_id, keyword_name, keyword_value, color, order_num) values (0/*weixinmp_id*/,'first', '32', '标题', '骑手未关门通知', '#000000', '1');
insert into bas_mp_push_message_template_detail (weixinmp_id, id, template_id, keyword_name, keyword_value, color, order_num) values (0/*weixinmp_id*/,'keyword1', '32', '智能主机别名', '换电柜【${cabinetName}】骑手【${fullname}】', '#000000', '2');
insert into bas_mp_push_message_template_detail (weixinmp_id, id, template_id, keyword_name, keyword_value, color, order_num) values (0/*weixinmp_id*/,'keyword2', '32', '门锁位置', '{boxNum}', '#000000', '3');
insert into bas_mp_push_message_template_detail (weixinmp_id, id, template_id, keyword_name, keyword_value, color, order_num) values (0/*weixinmp_id*/,'keyword3', '32', '门锁状态', '开', '#000000', '4');
insert into bas_mp_push_message_template_detail (weixinmp_id, id, template_id, keyword_name, keyword_value, color, order_num) values (0/*weixinmp_id*/,'keyword4', '32', '报警时间', '${date}', '#000000', '5');
insert into bas_mp_push_message_template_detail (weixinmp_id, id, template_id, keyword_name, keyword_value, color, order_num) values (0/*weixinmp_id*/,'remark', '32', '备注', '请予以确认，并关注处理。', '#000000', '6');

insert into bas_mp_push_message_template (weixinmp_id, id, template_name, variable, mp_code, is_active, receiver, memo) values (0/*weixinmp_id*/,'33', '换电柜电池通讯异常', '站点:${cabinetName}\n箱门:${boxNum}\n电池Id:${batteryId}\n预警时间:${date}', 'U7P6nkcU4GUCpkRha4nHD04xVVUfHcxpImq7c4t2nUE', '1', '运营商', '');
insert into bas_mp_push_message_template_detail (weixinmp_id, id, template_id, keyword_name, keyword_value, color, order_num) values (0/*weixinmp_id*/,'first', '33', '标题', '换电柜电池通讯异常', '#000000', '1');
insert into bas_mp_push_message_template_detail (weixinmp_id, id, template_id, keyword_name, keyword_value, color, order_num) values (0/*weixinmp_id*/,'keyword1', '33', '站点', '${cabinetName}', '#000000', '2');
insert into bas_mp_push_message_template_detail (weixinmp_id, id, template_id, keyword_name, keyword_value, color, order_num) values (0/*weixinmp_id*/,'keyword2', '33', '时间', '${date}', '#000000', '3');
insert into bas_mp_push_message_template_detail (weixinmp_id, id, template_id, keyword_name, keyword_value, color, order_num) values (0/*weixinmp_id*/,'keyword3', '33', '状态', '站点【${cabinetName}】【${boxNum}】格口电池【${batteryId}】出现通讯异常，请关注', '#000000', '4');
insert into bas_mp_push_message_template_detail (weixinmp_id, id, template_id, keyword_name, keyword_value, color, order_num) values (0/*weixinmp_id*/,'remark', '33', '备注', '请予以确认，并关注处理。', '#000000', '5');

insert into bas_mp_push_message_template (weixinmp_id, id, template_name, variable, mp_code, is_active, receiver, memo) values (0/*weixinmp_id*/,'34', '烟雾传感器报警', '站点:${cabinetName}\n预警时间:${date}', 'U7P6nkcU4GUCpkRha4nHD04xVVUfHcxpImq7c4t2nUE', '1', '运营商', '');
insert into bas_mp_push_message_template_detail (weixinmp_id, id, template_id, keyword_name, keyword_value, color, order_num) values (0/*weixinmp_id*/,'first', '34', '标题', '烟雾传感器报警', '#000000', '1');
insert into bas_mp_push_message_template_detail (weixinmp_id, id, template_id, keyword_name, keyword_value, color, order_num) values (0/*weixinmp_id*/,'keyword1', '34', '站点', '${cabinetName}', '#000000', '2');
insert into bas_mp_push_message_template_detail (weixinmp_id, id, template_id, keyword_name, keyword_value, color, order_num) values (0/*weixinmp_id*/,'keyword2', '34', '时间', '${date}', '#000000', '3');
insert into bas_mp_push_message_template_detail (weixinmp_id, id, template_id, keyword_name, keyword_value, color, order_num) values (0/*weixinmp_id*/,'keyword3', '34', '状态', '站点【${cabinetName}】出现烟雾报警,请及时监控', '#000000', '4');
insert into bas_mp_push_message_template_detail (weixinmp_id, id, template_id, keyword_name, keyword_value, color, order_num) values (0/*weixinmp_id*/,'remark', '34', '备注', '请予以确认，并关注处理。', '#000000', '5');


insert into bas_mp_push_message_template (weixinmp_id, id, template_name, variable, mp_code, is_active, receiver, memo) values (0/*weixinmp_id*/,'35', '租赁到期提醒运营商', '订单:${id}\n到期时间:${date}\n换电柜:${cabinetName}\n客户:${customerName}', '8ikEMxLPMqF2YYC_RYPAfH--wjdeOR6t3X9amkcVGd0', '1', '运营商', '');
insert into bas_mp_push_message_template_detail (weixinmp_id, id, template_id, keyword_name, keyword_value, color, order_num) values (0/*weixinmp_id*/,'first', '35', '标题', '站点【${cabinetName}】骑手【${customerName}】租赁的电池即将到期，请关注', '#000000', '1');
insert into bas_mp_push_message_template_detail (weixinmp_id, id, template_id, keyword_name, keyword_value, color, order_num) values (0/*weixinmp_id*/,'keyword1', '35', '订单', '${id}', '#000000', '2');
insert into bas_mp_push_message_template_detail (weixinmp_id, id, template_id, keyword_name, keyword_value, color, order_num) values (0/*weixinmp_id*/,'keyword2', '35', '到期时间', '${date}', '#000000', '3');
insert into bas_mp_push_message_template_detail (weixinmp_id, id, template_id, keyword_name, keyword_value, color, order_num) values (0/*weixinmp_id*/,'remark', '35', '备注', '请予以确认，并关注处理。', '#000000', '4');





insert into bas_fw_push_message_template (alipayfw_id, id, template_name, variable, fw_code, is_active, memo) values (0/*alipayfw_id*/,'1', '客户充值成功', '充值时间:${date}\n充值金额:${money}\n赠送金额:${gift}\n账户余额:${balance}', 'ff733cc6c6354af193f275c8330111ff', '1', '');
insert into bas_fw_push_message_template_detail (alipayfw_id, id, template_id, keyword_name, keyword_value, color, order_num) values (0/*alipayfw_id*/,'first', '1', '标题', '您的充值成功啦', '#000000', '1');
insert into bas_fw_push_message_template_detail (alipayfw_id, id, template_id, keyword_name, keyword_value, color, order_num) values (0/*alipayfw_id*/,'keyword1', '1', '充值时间', '${date}', '#000000', '2');
insert into bas_fw_push_message_template_detail (alipayfw_id, id, template_id, keyword_name, keyword_value, color, order_num) values (0/*alipayfw_id*/,'keyword2', '1', '充值金额', '${money}', '#000000', '3');
insert into bas_fw_push_message_template_detail (alipayfw_id, id, template_id, keyword_name, keyword_value, color, order_num) values (0/*alipayfw_id*/,'keyword3', '1', '赠送金额', '${gift}', '#000000', '4');
insert into bas_fw_push_message_template_detail (alipayfw_id, id, template_id, keyword_name, keyword_value, color, order_num) values (0/*alipayfw_id*/,'keyword4', '1', '账户余额', '${balance}', '#000000', '5');
insert into bas_fw_push_message_template_detail (alipayfw_id, id, template_id, keyword_name, keyword_value, color, order_num) values (0/*alipayfw_id*/,'remark', '1', '备注', '感谢您对我们的信任，我们将为您提供更优质的服务。', '#000000', '6');

insert into bas_fw_push_message_template (alipayfw_id, id, template_name, variable, fw_code, is_active, memo) values (0/*alipayfw_id*/,'2', '支付换电金额通知', '支付帐号:${account}\n消费金额:${money}\n付款时间:${date}', 'a344f86c478e4aebaa274b4e7e525bca', '1', '');
insert into bas_fw_push_message_template_detail (alipayfw_id, id, template_id, keyword_name, keyword_value, color, order_num) values (0/*alipayfw_id*/,'first', '2', '标题', '您好，您已支付成功', '#000000', '1');
insert into bas_fw_push_message_template_detail (alipayfw_id, id, template_id, keyword_name, keyword_value, color, order_num) values (0/*alipayfw_id*/,'keyword1', '2', '支付帐号', '${account}', '#000000', '2');
insert into bas_fw_push_message_template_detail (alipayfw_id, id, template_id, keyword_name, keyword_value, color, order_num) values (0/*alipayfw_id*/,'keyword2', '2', '消费金额', '${money}', '#000000', '3');
insert into bas_fw_push_message_template_detail (alipayfw_id, id, template_id, keyword_name, keyword_value, color, order_num) values (0/*alipayfw_id*/,'keyword3', '2', '付款时间', '${date}', '#000000', '4');
insert into bas_fw_push_message_template_detail (alipayfw_id, id, template_id, keyword_name, keyword_value, color, order_num) values (0/*alipayfw_id*/,'remark', '2', '备注', '感谢您本次购买，祝您生活愉快。', '#000000', '5');

insert into bas_fw_push_message_template (alipayfw_id, id, template_name, variable, fw_code, is_active, memo) values (0/*alipayfw_id*/,'3', '押金支付成功', '操作时间:${date}\n购买商品:${money}', '0ce44524051a4d82854983531182b032', '1', '');
insert into bas_fw_push_message_template_detail (alipayfw_id, id, template_id, keyword_name, keyword_value, color, order_num) values (0/*alipayfw_id*/,'first', '3', '标题', '你已成功缴纳押金。', '#000000', '1');
insert into bas_fw_push_message_template_detail (alipayfw_id, id, template_id, keyword_name, keyword_value, color, order_num) values (0/*alipayfw_id*/,'keyword1', '3', '操作时间', '${date}', '#000000', '2');
insert into bas_fw_push_message_template_detail (alipayfw_id, id, template_id, keyword_name, keyword_value, color, order_num) values (0/*alipayfw_id*/,'keyword2', '3', '购买商品', '换电押金${money}', '#000000', '3');
insert into bas_fw_push_message_template_detail (alipayfw_id, id, template_id, keyword_name, keyword_value, color, order_num) values (0/*alipayfw_id*/,'remark', '3', '备注', '感谢您的使用，祝您生活愉快！', '#000000', '4');

insert into bas_fw_push_message_template (alipayfw_id, id, template_name, variable, fw_code, is_active, memo) values (0/*alipayfw_id*/,'4', '押金退款成功', '订单号:${orderid}\n退款时间:${date}', 'b650924260e647f9a6b8cfa0ffb45369', '1', '');
insert into bas_fw_push_message_template_detail (alipayfw_id, id, template_id, keyword_name, keyword_value, color, order_num) values (0/*alipayfw_id*/,'first', '4', '标题', '你的押金申请退款提交成功,平台工作人员在5个工作日内完成审核确认退款.', '#000000', '1');
insert into bas_fw_push_message_template_detail (alipayfw_id, id, template_id, keyword_name, keyword_value, color, order_num) values (0/*alipayfw_id*/,'keyword1', '4', '订单号', '${orderid}', '#000000', '2');
insert into bas_fw_push_message_template_detail (alipayfw_id, id, template_id, keyword_name, keyword_value, color, order_num) values (0/*alipayfw_id*/,'keyword2', '4', '退款时间', '${date}', '#000000', '3');
insert into bas_fw_push_message_template_detail (alipayfw_id, id, template_id, keyword_name, keyword_value, color, order_num) values (0/*alipayfw_id*/,'remark', '4', '备注', '如有疑问，请联系我们。', '#000000', '4');

insert into bas_fw_push_message_template (alipayfw_id, id, template_name, variable, fw_code, is_active, memo) values (0/*alipayfw_id*/,'5', '开门成功提醒', '姓名:${name}\n设备编号:${cabinetname}\n时间:${date}', '7f01561cd44d49d2bf7d3271fbe1bdaa', '1', '');
insert into bas_fw_push_message_template_detail (alipayfw_id, id, template_id, keyword_name, keyword_value, color, order_num) values (0/*alipayfw_id*/,'first', '5', '标题', '亲爱的${name}， 您已成功开锁，请取走您的电池.', '#000000', '1');
insert into bas_fw_push_message_template_detail (alipayfw_id, id, template_id, keyword_name, keyword_value, color, order_num) values (0/*alipayfw_id*/,'keyword1', '5', '设备编号', '${cabinetname}', '#000000', '2');
insert into bas_fw_push_message_template_detail (alipayfw_id, id, template_id, keyword_name, keyword_value, color, order_num) values (0/*alipayfw_id*/,'keyword2', '5', '时间', '${date}', '#000000', '3');
insert into bas_fw_push_message_template_detail (alipayfw_id, id, template_id, keyword_name, keyword_value, color, order_num) values (0/*alipayfw_id*/,'remark', '5', '备注', '感谢您的使用。', '#000000', '4');

insert into bas_fw_push_message_template (alipayfw_id, id, template_name, variable, fw_code, is_active, memo) values (0/*alipayfw_id*/,'6', '故障反馈处理提醒', '订单号:${orderid}\n异常类型:${faulttype}\n处理结果:${faultname}${faulttype}', ' 	065404b9047e487190e2975d6278c433', '1', '');
insert into bas_fw_push_message_template_detail (alipayfw_id, id, template_id, keyword_name, keyword_value, color, order_num) values (0/*alipayfw_id*/,'first', '6', '标题', '故障报修处理', '#000000', '1');
insert into bas_fw_push_message_template_detail (alipayfw_id, id, template_id, keyword_name, keyword_value, color, order_num) values (0/*alipayfw_id*/,'keyword1', '6', '订单号', '${orderid}', '#000000', '2');
insert into bas_fw_push_message_template_detail (alipayfw_id, id, template_id, keyword_name, keyword_value, color, order_num) values (0/*alipayfw_id*/,'keyword2', '6', '异常类型', '${faulttype}', '#000000', '3');
insert into bas_fw_push_message_template_detail (alipayfw_id, id, template_id, keyword_name, keyword_value, color, order_num) values (0/*alipayfw_id*/,'keyword3', '6', '处理结果', '您反馈的关于${faultname}的${faulttype}故障已处理', '#000000', '4');
insert into bas_fw_push_message_template_detail (alipayfw_id, id, template_id, keyword_name, keyword_value, color, order_num) values (0/*alipayfw_id*/,'remark', '6', '备注', '感谢您的使用，祝您生活愉快！', '#000000', '5');

insert into bas_dict_category(id, category_name, order_num, value_type) values(3, '电池品牌', 3, 1);
insert into bas_dict_category(id, category_name, order_num, value_type) values(4, '故障类型', 4, 1);
insert into bas_dict_category(id, category_name, order_num, value_type) values(5, '包时段订单退单原因', 5, 1);
insert into bas_dict_category(id, category_name, order_num, value_type) values(6, '换电订单退单退单原因', 6, 1);

insert into bas_dict_item values(6,3,'超威','1',1);
insert into bas_dict_item values(7,3,'南孚','2',1);
insert into bas_dict_item values(8,4,'故障1','1',1);
insert into bas_dict_item values(9,4,'故障2','2',1);
insert into bas_dict_item values(10,5,'原因1','1',1);
insert into bas_dict_item values(11,5,'原因2','2',1);
insert into bas_dict_item values(12,6,'原因1','1',1);
insert into bas_dict_item values(13,6,'原因2','2',1);

insert into bas_agent (id, partner_id, is_active, agent_name, order_num, balance, balance_status, create_time, foregift_balance, foregift_remain_money, zd_foregift_balance, zd_foregift_remain_money, is_exchange,is_rent,is_vehicle )
values(1, 0, 1, '测试运营商', 10, 0, 1, now(),0,0,0,0,1,1,1);

insert into bas_user(id, login_name, fullname, password, is_active, is_protected, account_type, is_admin, create_time)
values(1, 'admin', 'admin', 'c264a7443730eb43ee026cd260621a07', 1, 1, 1, 1, now());

insert into bas_system_config(id, category_type, category_name, config_name, config_value, is_read_only, is_show, value_type) values('accredit.key', 1, '系统配置', '授权key', 'zhe.li.huan.dian', 0, 1, 1);
insert into bas_system_config(id, category_type, category_name, config_name, config_value, is_read_only, is_show, value_type) values('app.version', 1, '系统配置', '系统版本', 'v1.0.1', 1, 1, 1);
insert into bas_system_config(id, category_type, category_name, config_name, config_value, is_read_only, is_show, value_type) values('system.tel', 1, '系统配置', '热线电话', '400-636-2775', 0, 1, 1);
insert into bas_system_config(id, category_type, category_name, config_name, config_value, is_read_only, is_show, value_type) values('cabinet.support.charge', 1, '系统配置', '充电柜支持充电(1支持 0不支持)', '1', 0, 1, 1 );
insert into bas_system_config(id, category_type, category_name, config_name, config_value, is_read_only, is_show, value_type) values('not.electrify.time', 1, '系统配置', '电池未连接充电器报警(分钟)', '5', 0, 1, 1 );
insert into bas_system_config(id, category_type, category_name, config_name, config_value, is_read_only, is_show, value_type) values('static.url', 1, '系统配置', '静态地址[更新需重启服务]', 'https://cshd.yusong.com.cn/staticserver/', 0, 1, 1);
insert into bas_system_config(id, category_type, category_name, config_name, config_value, is_read_only, is_show, value_type) values('test.agent', 1, '系统配置', '测试运营商id', '1', 0, 1, 1);
insert into bas_system_config(id, category_type, category_name, config_name, config_value, is_read_only, is_show, value_type) values('exchange.fee.mode', 1, '系统配置', '计费方式(1 仅仅包时段 2 包时段与按次)', '1', 0, 1, 1);
insert into bas_system_config(id, category_type, category_name, config_name, config_value, is_read_only, is_show, value_type) values('low.volume', 1, '系统配置', '低电量值', '30', 0, 1, 1);
insert into bas_system_config(id, category_type, category_name, config_name, config_value, is_read_only, is_show, value_type) values('low.volume.interval', 1, '系统配置', '低电量报警间隔值', '5', 0, 1, 1);
insert into bas_system_config(id, category_type, category_name, config_name, config_value, is_read_only, is_show, value_type) values('back.bespeak.time', 1, '系统配置', '退租预约时间(分钟)', '5', 0, 1, 1);
insert into bas_system_config(id, category_type, category_name, config_name, config_value, is_read_only, is_show, value_type) values('web.login.url', 1, '系统配置', '管理后台登录地址', 'http://cshd.yusong.com.cn:8200/webserver', 0, 1, 1);
insert into bas_system_config(id, category_type, category_name, config_name, config_value, is_read_only, is_show, value_type) values('agent.login.url', 1, '系统配置', '运营商端登录地址', 'http://cshd.yusong.com.cn:8200/agentserver', 0, 1, 1);
insert into bas_system_config(id, category_type, category_name, config_name, config_value, is_read_only, is_show, value_type) values('baidu.ak', 1, '系统配置', '百度ak', 'e17e88c82dfacce1c0c2ff4ad70a5bd1', 0, 1, 1);
insert into bas_system_config(id, category_type, category_name, config_name, config_value, is_read_only, is_show, value_type) values('formal.platform', 1, '系统配置', '正式平台', '1', 0, 1, 1);
insert into bas_system_config(id, category_type, category_name, config_name, config_value, is_read_only, is_show, value_type) values('id.card.auth.money', 1, '系统配置', '身份证认证费用(元)', '1', 0, 1, 1);
insert into bas_system_config(id, category_type, category_name, config_name, config_value, is_read_only, is_show, value_type) values('withdraw.ratio', 1, '系统配置', '提现手续费(小数)', '0.006', 0, 1, 1);
insert into bas_system_config(id, category_type, category_name, config_name, config_value, is_read_only, is_show, value_type) values('packet.period.order.expire', 1, '系统配置', '租金到期提醒天数', '3', 0, 1, 1);
insert into bas_system_config(id, category_type, category_name, config_name, config_value, is_read_only, is_show, value_type) values('packet.period.order.expire.interval', 1, '系统配置', '租金到期提醒天数间隔', '1', 0, 1, 1);
insert into bas_system_config(id, category_type, category_name, config_name, config_value, is_read_only, is_show, value_type) values('laxin.expire.time', 1, '系统配置', '拉新佣金过期天数', '3', 0, 1, 1);

insert into bas_system_config(id, category_type, category_name, config_name, config_value, is_read_only, is_show, value_type) values('video.suffix', 5, '广告设置', '视频后缀', 'mp4', 1, 1, 1);
insert into bas_system_config(id, category_type, category_name, config_name, config_value, is_read_only, is_show, value_type) values('image.suffix', 5, '广告设置', '图片后缀', 'png,bmp,gif,jpg', 0, 1, 1);
insert into bas_system_config(id, category_type, category_name, config_name, config_value, is_read_only, is_show, value_type) values('terminal.timeout.time', 5, '广告设置', '终端超时时间(秒)', '60', 0, 1, 1);
insert into bas_system_config(id, category_type, category_name, config_name, config_value, is_read_only, is_show, value_type) values('min.speed', 5, '广告设置', '最小下载速度(kb/s)时候关闭wifi', '20', 0, 1, 1);
insert into bas_system_config(id, category_type, category_name, config_name, config_value, is_read_only, is_show, value_type) values('download.count', 5, '广告设置', '并发下载数', '3', 0, 1, 1);
insert into bas_system_config(id, category_type, category_name, config_name, config_value, is_read_only, is_show, value_type) values('video.format.switch', 5, '广告设置', '视频格式转换开关', '0', 0, 1, 1);
insert into bas_system_config(id, category_type, category_name, config_name, config_value, is_read_only, is_show, value_type) values('video.convert.format', 5, '广告设置', '视频转换格式', 'mp4', 0, 1, 1);
insert into bas_system_config(id, category_type, category_name, config_name, config_value, is_read_only, is_show, value_type) values('video.format.cmd', 5, '广告设置', '视频转格式命令', 'tool_path -y -i input -qscale 1 -ac 2 -s 1024x576 -aspect 4:3 output', 0, 1, 1);
insert into bas_system_config(id, category_type, category_name, config_name, config_value, is_read_only, is_show, value_type) values('ftp.encoding', 5, '广告设置', 'ftp编码', 'utf-8', 0, 1, 1);
insert into bas_system_config(id, category_type, category_name, config_name, config_value, is_read_only, is_show, value_type) values('ftp.user', 5, '广告设置', 'ftp用户', 'ftpuser', 0, 1, 1);
insert into bas_system_config(id, category_type, category_name, config_name, config_value, is_read_only, is_show, value_type) values('ftp.password', 5, '广告设置', 'ftp密码', '123456', 0, 1, 1);
insert into bas_system_config(id, category_type, category_name, config_name, config_value, is_read_only, is_show, value_type) values('ftp.port', 5, '广告设置', 'ftp端口', '8021', 0, 1, 1);
insert into bas_system_config(id, category_type, category_name, config_name, config_value, is_read_only, is_show, value_type) values('ftp.server', 5, '广告设置', 'ftp地址', '127.0.0.1', 0, 1, 1);

insert into bas_system_config(id, category_type, category_name, config_name, config_value, is_read_only, is_show, value_type) values('battery.foregift.refund.apply', 6, '押金退款', '退款成功', '您的电池押金￥${money}元已退还到余额中', 0, 1, 1);
insert into bas_system_config(id, category_type, category_name, config_name, config_value, is_read_only, is_show, value_type) values('battery.foregift.refund.ok', 6, '押金退款', '退款成功', '您的电池押金￥${money}元，已经退还至您原付款账户，感谢您的使用， 欢迎再次回来！', 0, 1, 1);
insert into bas_system_config(id, category_type, category_name, config_name, config_value, is_read_only, is_show, value_type) values('battery.foregift.refund.refuse', 6, '押金退款', '取消退款', '平台拒绝了您的申请退款', 0, 1, 1);

insert into bas_system_config(id, category_type, category_name, config_name, config_value, is_read_only, is_show, value_type) values('customer.android.url', 7, 'app下载', '客户版安卓下载url', '', 0, 1, 1);
insert into bas_system_config(id, category_type, category_name, config_name, config_value, is_read_only, is_show, value_type) values('customer.ios.url', 7, 'app下载', '客户版ios下载url', '', 0, 1, 1);
insert into bas_system_config(id, category_type, category_name, config_name, config_value, is_read_only, is_show, value_type) values('dispatcher.android.url', 7, 'app下载', '调度版安卓下载url', '', 0, 1, 1);
insert into bas_system_config(id, category_type, category_name, config_name, config_value, is_read_only, is_show, value_type) values('dispatcher.ios.url', 7, 'app下载', '调度版ios下载url', '', 0, 1, 1);

insert into bas_system_config(id, category_type, category_name, config_name, config_value, is_read_only, is_show, value_type) values('customer.push.package', 8, '推送设置', 'customer.push.package', 'com.yusong.user', 0, 1, 1);
insert into bas_system_config(id, category_type, category_name, config_name, config_value, is_read_only, is_show, value_type) values('customer.jpush.master.secret', 8, '推送设置', 'customer.jpush.master.secret', '92a84fb5ff8ed97965da3dc5', 0, 1, 1);
insert into bas_system_config(id, category_type, category_name, config_name, config_value, is_read_only, is_show, value_type) values('customer.jpush.app.key', 8, '推送设置', 'customer.jpush.app.key', 'f63c8725d72574318b9337c7', 0, 1, 1);
insert into bas_system_config(id, category_type, category_name, config_name, config_value, is_read_only, is_show, value_type) values('customer.xiaomi.app.secret', 8, '推送设置', 'customer.xiaomi.app.secret', 'rr/blqh3wxe8k1hb70lfna==', 0, 1, 1);
insert into bas_system_config(id, category_type, category_name, config_name, config_value, is_read_only, is_show, value_type) values('user.push.package', 8, '推送设置', 'user.push.package', 'com.yusong.dispatchplugin', 0, 1, 1);
insert into bas_system_config(id, category_type, category_name, config_name, config_value, is_read_only, is_show, value_type) values('user.jpush.master.secret', 8, '推送设置', 'user.jpush.master.secret', '26d4186b2ff8ce14ef169dbc', 0, 1, 1);
insert into bas_system_config(id, category_type, category_name, config_name, config_value, is_read_only, is_show, value_type) values('user.jpush.app.key', 8, '推送设置', 'user.jpush.app.key', '0e461356747cfe549c47d6de', 0, 1, 1);
insert into bas_system_config(id, category_type, category_name, config_name, config_value, is_read_only, is_show, value_type) values('user.xiaomi.app.secret', 8, '推送设置', 'user.xiaomi.app.secret', 'yhkqu5wgxs1/rexu270lfa==', 0, 1, 1);

insert into bas_system_config(id, category_type, category_name, config_name, config_value, is_read_only, is_show, value_type) values('battery.order.pay.timeout', 9, '超时设置', '换电订单付款超时(分钟)', '60', 0, 1, 1);
insert into bas_system_config(id, category_type, category_name, config_name, config_value, is_read_only, is_show, value_type) values('battery.order.not.take.timeout', 9, '超时设置', '换电订单未取超时(分钟)', '60', 0, 1, 1);

insert into bas_system_config(id, category_type, category_name, config_name, config_value, is_read_only, is_show, value_type) values('brand.image.suffix', 10, '商标', '图片后缀', '1', 0, 1, 1);
insert into bas_system_config(id, category_type, category_name, config_name, config_value, is_read_only, is_show, value_type) values('brand.platform.name', 10, '商标', '平台名称', '换电柜管理平台', 0, 1, 1);

insert into bas_system_config(id, category_type, category_name, config_name, config_value, is_read_only, is_show, value_type) values('battery.offline.time', 11, '电池设置', '电池离线时间(分钟)', '20', 0, 1, 1);
insert into bas_system_config(id, category_type, category_name, config_name, config_value, is_read_only, is_show, value_type) values('battery.design.capacity', 11, '电池设置', '设计容量(ah)', '25', 1, 1, 1);
insert into bas_system_config(id, category_type, category_name, config_name, config_value, is_read_only, is_show, value_type) values('battery.design.mileage', 11, '电池设置', '设计里程(km)', '70', 1, 1, 1);
insert into bas_system_config(id, category_type, category_name, config_name, config_value, is_read_only, is_show, value_type) values('battery.fully.time', 11, '电池设置', '充满时间(分钟)', '300', 0, 1, 1);
insert into bas_system_config(id, category_type, category_name, config_name, config_value, is_read_only, is_show, value_type) values('battery.binding.time', 11, '电池设置', '电池使用超时报警(天)', '2', 1, 1, 1);
insert into bas_system_config(id, category_type, category_name, config_name, config_value, is_read_only, is_show, value_type) values('battery.rescue.version', 11, '电池设置', '显示电池自救版本', 'V2.2', 0, 1, 1);
insert into bas_system_config(id, category_type, category_name, config_name, config_value, is_read_only, is_show, value_type) values('battery.max.vol.diff', 11, '电池设置', '最大电池压差', '200', 0, 1, 1);
insert into bas_system_config(id, category_type, category_name, config_name, config_value, is_read_only, is_show, value_type) values('unbind.battery.out.time', 11, '电池设置', '未绑定电池在外超时(天)', '2', 0, 1, 1);



insert into bas_system_config(id, category_type, category_name, config_name, config_value, is_read_only, is_show, value_type) values('cabinet.hot.alarm.temp', 12, '换电柜设置', '换电柜高温报警(摄氏度)', '60', 0, 1, 1);
insert into bas_system_config(id, category_type, category_name, config_name, config_value, is_read_only, is_show, value_type) values('cabinet.low.alarm.temp', 12, '换电柜设置', '换电柜低温报警(摄氏度)', '-10', 0, 1, 1);
insert into bas_system_config(id, category_type, category_name, config_name, config_value, is_read_only, is_show, value_type) values('packet.remaining.remind', 13, '套餐过期设置', '包时段套餐即将过期提醒(天)', '3', 0, 1, 1);

insert into bas_system_config(id, category_type, category_name, config_name, config_value, is_read_only, is_show, value_type) values('weixin.url', 1, '系统配置', '微信服务域名', 'https://zlhd.yusong.com.cn', 0, 1, 1);


insert into bas_mobile_message_template (partner_id, id, title, content, receiver, variable)
values(0/*partner_id*/, 1, '验证码', '您的验证码是${authCode}，如非本人操作，请忽略本短信', '客户', 'authCode');

insert into bas_mobile_message_template (partner_id, id, title, content, receiver, variable)
values(0/*partner_id*/, 2, '低电量提醒', '尊敬的${name}，您当前使用的电池电量过低，请尽快更换！', '客户', 'name');

insert into bas_voice_message_template (partner_id, id, title, content, receiver, variable, called_show_number, volume, play_times)
values(0/*partner_id*/, 1, '低电量提醒', '客户${name}电池电量已经低于${charge},请提醒及时到附近换电柜换电', '客户', 'name,charge', '057428840616', 100, 1);

insert into bas_upgrade_pack(id, upgrade_name, file_path, desc_file, format, suffix, upgrade_version, is_force)
values(1,'换电柜屏幕app', '/static/upgrade/android_terminal.1.0.0.apk', '/static/upgrade/android_terminal_version.txt', 'android_terminal.version.apk', 'apk', '', 0);

insert into bas_upgrade_pack(id, upgrade_name, file_path, desc_file, format, suffix, upgrade_version, is_force)
values(2,'客户android app升级', '/static/upgrade/android_customer.x.x.x.apk', '/static/upgrade/android_customer_version.txt', 'android_customer.version.apk', 'apk', '', 0);

insert into bas_upgrade_pack(id, upgrade_name, file_path, desc_file, format, suffix, upgrade_version, is_force)
values(3,'调度android app升级', '/static/upgrade/android_dispatcher.x.x.x.apk', '/static/upgrade/android_dispatcher_version.txt', 'android_dispatcher.version.apk', 'apk', '', 0);


insert into bas_agent_system_config(agent_id, id, category_type, category_name, config_name, config_value, is_read_only, is_show, value_type) values(1/*agent_id*/, 'system.tel', 1, '系统配置', '热线电话', '400-636-2775', 0, 1, 1);
insert into bas_agent_system_config(agent_id, id, category_type, category_name, config_name, config_value, is_read_only, is_show, value_type) values(1/*agent_id*/, 'low.volume', 1, '系统配置', '低电量值', '30', 0, 1, 1);
insert into bas_agent_system_config(agent_id, id, category_type, category_name, config_name, config_value, is_read_only, is_show, value_type) values(1/*agent_id*/, 'low.volume.interval', 1, '系统配置', '低电量报警间隔值', '5', 0, 1, 1);
insert into bas_agent_system_config(agent_id, id, category_type, category_name, config_name, config_value, is_read_only, is_show, value_type) values(1/*agent_id*/, 'back.bespeak.time', 1, '系统配置', '退租预约时间(分钟)', '5', 0, 1, 1);
insert into bas_agent_system_config(agent_id, id, category_type, category_name, config_name, config_value, is_read_only, is_show, value_type) values(1/*agent_id*/, 'battery.max.count', 1, '系统配置', '(换电)客户最大电池数量', '2', 0, 1, 1);
insert into bas_agent_system_config(agent_id, id, category_type, category_name, config_name, config_value, is_read_only, is_show, value_type) values(1/*agent_id*/, 'rent.battery.count', 1, '系统配置', '(租电)客户最大电池数量', '2', 0, 1, 1);

insert into bas_agent_system_config(agent_id, id, category_type, category_name, config_name, config_value, is_read_only, is_show, value_type) values(1/*agent_id*/, 'battery.design.capacity', 6, '电池设置', '设计容量(ah)', '25', 0, 1, 1);
insert into bas_agent_system_config(agent_id, id, category_type, category_name, config_name, config_value, is_read_only, is_show, value_type) values(1/*agent_id*/, 'battery.design.mileage', 6, '电池设置', '设计里程(km)', '70', 0, 1, 1);
insert into bas_agent_system_config(agent_id, id, category_type, category_name, config_name, config_value, is_read_only, is_show, value_type) values(1/*agent_id*/, 'battery.fully.time', 6, '电池设置', '充满时间(分钟)', '300', 0, 1, 1);

insert into bas_agent_system_config(agent_id, id, category_type, category_name, config_name, config_value, is_read_only, is_show, value_type) values(1/*agent_id*/, 'battery.foregift.keep.ratio', 9, '押金设置', '电池押金预留比例', '30', 0, 1, 1);
insert into bas_agent_system_config(agent_id, id, category_type, category_name, config_name, config_value, is_read_only, is_show, value_type) values(1/*agent_id*/, 'battery.foregift.alarm.ratio', 9, '押金设置', '电池押金报警比例', '20', 0, 1, 1);
insert into bas_agent_system_config(agent_id, id, category_type, category_name, config_name, config_value, is_read_only, is_show, value_type) values(1/*agent_id*/, 'battery.insurance.require', 10, '保险设置', '电池保险必须', '0', 0, 1, 1);

insert into bas_agent_system_config(agent_id, id, category_type, category_name, config_name, config_value, is_read_only, is_show, value_type) values(1/*agent_id*/, 'bespeak.time', 11, '预约设置', '预约到期时间', '30', 0, 1, 1);
insert into bas_agent_system_config(agent_id, id, category_type, category_name, config_name, config_value, is_read_only, is_show, value_type) values(1/*agent_id*/, 'bespeak.max.cancel', 11, '预约设置', '每天预约最大取消次数', '2', 0, 1, 1);
insert into bas_agent_system_config(agent_id, id, category_type, category_name, config_name, config_value, is_read_only, is_show, value_type) values(1/*agent_id*/, 'bespeak.box.count', 11, '预约设置', '允许预约格口数', '10', 0, 1, 1);

INSERT into bas_area (id, area_level, area_code, area_name, parent_id, letter, baidu_id, longitude, latitude) values (110000, 1, '110000', '北京', null, 'b', null, 116.405285, 39.904989);
insert into bas_area (id, area_level, area_code, area_name, parent_id, letter, baidu_id, longitude, latitude) values (110100, 2, '110100', '北京市', 110000, 'b', 131, 116.405285, 39.904989);
insert into bas_area (id, area_level, area_code, area_name, parent_id, letter, baidu_id, longitude, latitude) values (110101, 3, '110101', '东城区', 110100, 'd', null, 116.418757, 39.917544);
insert into bas_area (id, area_level, area_code, area_name, parent_id, letter, baidu_id, longitude, latitude) values (110102, 3, '110102', '西城区', 110100, 'x', null, 116.366794, 39.915309);
insert into bas_area (id, area_level, area_code, area_name, parent_id, letter, baidu_id, longitude, latitude) values (110105, 3, '110105', '朝阳区', 110100, 'c', null, 116.486409, 39.921489);
insert into bas_area (id, area_level, area_code, area_name, parent_id, letter, baidu_id, longitude, latitude) values (110106, 3, '110106', '丰台区', 110100, 'f', null, 116.286968, 39.863642);
insert into bas_area (id, area_level, area_code, area_name, parent_id, letter, baidu_id, longitude, latitude) values (110107, 3, '110107', '石景山区', 110100, 's', null, 116.195445, 39.914601);
insert into bas_area (id, area_level, area_code, area_name, parent_id, letter, baidu_id, longitude, latitude) values (110108, 3, '110108', '海淀区', 110100, 'h', null, 116.310316, 39.956074);
insert into bas_area (id, area_level, area_code, area_name, parent_id, letter, baidu_id, longitude, latitude) values (110109, 3, '110109', '门头沟区', 110100, 'm', null, 116.105381, 39.937183);
insert into bas_area (id, area_level, area_code, area_name, parent_id, letter, baidu_id, longitude, latitude) values (110111, 3, '110111', '房山区', 110100, 'f', null, 116.139157, 39.735535);
insert into bas_area (id, area_level, area_code, area_name, parent_id, letter, baidu_id, longitude, latitude) values (110112, 3, '110112', '通州区', 110100, 't', null, 116.658603, 39.902486);
insert into bas_area (id, area_level, area_code, area_name, parent_id, letter, baidu_id, longitude, latitude) values (110113, 3, '110113', '顺义区', 110100, 's', null, 116.653525, 40.128936);
insert into bas_area (id, area_level, area_code, area_name, parent_id, letter, baidu_id, longitude, latitude) values (110114, 3, '110114', '昌平区', 110100, 'c', null, 116.235906, 40.218085);
insert into bas_area (id, area_level, area_code, area_name, parent_id, letter, baidu_id, longitude, latitude) values (110115, 3, '110115', '大兴区', 110100, 'd', null, 116.338033, 39.728908);
insert into bas_area (id, area_level, area_code, area_name, parent_id, letter, baidu_id, longitude, latitude) values (110116, 3, '110116', '怀柔区', 110100, 'h', null, 116.637122, 40.324272);
insert into bas_area (id, area_level, area_code, area_name, parent_id, letter, baidu_id, longitude, latitude) values (110117, 3, '110117', '平谷区', 110100, 'p', null, 117.112335, 40.144783);
insert into bas_area (id, area_level, area_code, area_name, parent_id, letter, baidu_id, longitude, latitude) values (110118, 3, '110118', '密云区', 110100, 'm', null, 117.0012, 40.532843);
insert into bas_area (id, area_level, area_code, area_name, parent_id, letter, baidu_id, longitude, latitude) values (110119, 3, '110119', '延庆区', 110100, 'y', null, 116.169735, 40.545156);
insert into bas_area (id, area_level, area_code, area_name, parent_id, letter, baidu_id, longitude, latitude) values (120000, 1, '120000', '天津', null, 't', null, 117.190182, 39.125596);
insert into bas_area (id, area_level, area_code, area_name, parent_id, letter, baidu_id, longitude, latitude) values (120100, 2, '120100', '天津市', 120000, 't', 332, 117.190182, 39.125596);
insert into bas_area (id, area_level, area_code, area_name, parent_id, letter, baidu_id, longitude, latitude) values (120101, 3, '120101', '和平区', 120100, 'h', null, 117.195907, 39.118327);
insert into bas_area (id, area_level, area_code, area_name, parent_id, letter, baidu_id, longitude, latitude) values (120102, 3, '120102', '河东区', 120100, 'h', null, 117.226568, 39.122125);
insert into bas_area (id, area_level, area_code, area_name, parent_id, letter, baidu_id, longitude, latitude) values (120103, 3, '120103', '河西区', 120100, 'h', null, 117.217536, 39.101897);
insert into bas_area (id, area_level, area_code, area_name, parent_id, letter, baidu_id, longitude, latitude) values (120104, 3, '120104', '南开区', 120100, 'n', null, 117.164143, 39.120474);
insert into bas_area (id, area_level, area_code, area_name, parent_id, letter, baidu_id, longitude, latitude) values (120105, 3, '120105', '河北区', 120100, 'h', null, 117.201569, 39.156632);
insert into bas_area (id, area_level, area_code, area_name, parent_id, letter, baidu_id, longitude, latitude) values (120106, 3, '120106', '红桥区', 120100, 'h', null, 117.163301, 39.175066);
insert into bas_area (id, area_level, area_code, area_name, parent_id, letter, baidu_id, longitude, latitude) values (120110, 3, '120110', '东丽区', 120100, 'd', null, 117.313967, 39.087764);
insert into bas_area (id, area_level, area_code, area_name, parent_id, letter, baidu_id, longitude, latitude) values (120111, 3, '120111', '西青区', 120100, 'x', null, 117.012247, 39.139446);
insert into bas_area (id, area_level, area_code, area_name, parent_id, letter, baidu_id, longitude, latitude) values (120112, 3, '120112', '津南区', 120100, 'j', null, 117.382549, 38.989577);
insert into bas_area (id, area_level, area_code, area_name, parent_id, letter, baidu_id, longitude, latitude) values (120113, 3, '120113', '北辰区', 120100, 'b', null, 117.13482, 39.225555);
insert into bas_area (id, area_level, area_code, area_name, parent_id, letter, baidu_id, longitude, latitude) values (120114, 3, '120114', '武清区', 120100, 'w', null, 117.057959, 39.376925);
insert into bas_area (id, area_level, area_code, area_name, parent_id, letter, baidu_id, longitude, latitude) values (120115, 3, '120115', '宝坻区', 120100, 'b', null, 117.308094, 39.716965);
insert into bas_area (id, area_level, area_code, area_name, parent_id, letter, baidu_id, longitude, latitude) values (120116, 3, '120116', '滨海新区', 120100, 'b', null, 117.654173, 39.032846);
insert into bas_area (id, area_level, area_code, area_name, parent_id, letter, baidu_id, longitude, latitude) values (120117, 3, '120117', '宁河区', 120100, 'n', null, 117.689424, 39.38156);
insert into bas_area (id, area_level, area_code, area_name, parent_id, letter, baidu_id, longitude, latitude) values (120118, 3, '120118', '静海区', 120100, 'j', null, 116.972772, 38.861262);
insert into bas_area (id, area_level, area_code, area_name, parent_id, letter, baidu_id, longitude, latitude) values (120119, 3, '120119', '蓟州区', 120100, 'j', null, 117.40318, 39.983451);
insert into bas_area (id, area_level, area_code, area_name, parent_id, letter, baidu_id, longitude, latitude) values (130000, 1, '130000', '河北省', null, 'h', null, 114.502461, 38.045474);
insert into bas_area (id, area_level, area_code, area_name, parent_id, letter, baidu_id, longitude, latitude) values (130100, 2, '130100', '石家庄市', 130000, 's', 150, 114.502461, 38.045474);
insert into bas_area (id, area_level, area_code, area_name, parent_id, letter, baidu_id, longitude, latitude) values (130102, 3, '130102', '长安区', 130100, 'z', null, 114.548151, 38.047501);
insert into bas_area (id, area_level, area_code, area_name, parent_id, letter, baidu_id, longitude, latitude) values (130104, 3, '130104', '桥西区', 130100, 'q', null, 114.462931, 38.028383);
insert into bas_area (id, area_level, area_code, area_name, parent_id, letter, baidu_id, longitude, latitude) values (130105, 3, '130105', '新华区', 130100, 'x', null, 114.465974, 38.067142);
insert into bas_area (id, area_level, area_code, area_name, parent_id, letter, baidu_id, longitude, latitude) values (130107, 3, '130107', '井陉矿区', 130100, 'j', null, 114.058178, 38.069748);
insert into bas_area (id, area_level, area_code, area_name, parent_id, letter, baidu_id, longitude, latitude) values (130108, 3, '130108', '裕华区', 130100, 'y', null, 114.533257, 38.027696);
insert into bas_area (id, area_level, area_code, area_name, parent_id, letter, baidu_id, longitude, latitude) values (130109, 3, '130109', '藁城区', 130100, 'g', null, 114.842767, 38.018763);
insert into bas_area (id, area_level, area_code, area_name, parent_id, letter, baidu_id, longitude, latitude) values (130110, 3, '130110', '鹿泉区', 130100, 'l', null, 114.327321, 38.074916);
insert into bas_area (id, area_level, area_code, area_name, parent_id, letter, baidu_id, longitude, latitude) values (130111, 3, '130111', '栾城区', 130100, 'l', null, 114.659209, 37.90127);
insert into bas_area (id, area_level, area_code, area_name, parent_id, letter, baidu_id, longitude, latitude) values (130121, 3, '130121', '井陉县', 130100, 'j', null, 114.144488, 38.033614);
insert into bas_area (id, area_level, area_code, area_name, parent_id, letter, baidu_id, longitude, latitude) values (130123, 3, '130123', '正定县', 130100, 'z', null, 114.569887, 38.147835);
insert into bas_area (id, area_level, area_code, area_name, parent_id, letter, baidu_id, longitude, latitude) values (130125, 3, '130125', '行唐县', 130100, 'h', null, 114.552734, 38.437422);
insert into bas_area (id, area_level, area_code, area_name, parent_id, letter, baidu_id, longitude, latitude) values (130126, 3, '130126', '灵寿县', 130100, 'l', null, 114.37946, 38.306546);
insert into bas_area (id, area_level, area_code, area_name, parent_id, letter, baidu_id, longitude, latitude) values (130127, 3, '130127', '高邑县', 130100, 'g', null, 114.610699, 37.605714);
insert into bas_area (id, area_level, area_code, area_name, parent_id, letter, baidu_id, longitude, latitude) values (130128, 3, '130128', '深泽县', 130100, 's', null, 115.200207, 38.18454);
insert into bas_area (id, area_level, area_code, area_name, parent_id, letter, baidu_id, longitude, latitude) values (130129, 3, '130129', '赞皇县', 130100, 'z', null, 114.387756, 37.660199);
insert into bas_area (id, area_level, area_code, area_name, parent_id, letter, baidu_id, longitude, latitude) values (130130, 3, '130130', '无极县', 130100, 'w', null, 114.977845, 38.176376);
insert into bas_area (id, area_level, area_code, area_name, parent_id, letter, baidu_id, longitude, latitude) values (130131, 3, '130131', '平山县', 130100, 'p', null, 114.184144, 38.259311);
insert into bas_area (id, area_level, area_code, area_name, parent_id, letter, baidu_id, longitude, latitude) values (130132, 3, '130132', '元氏县', 130100, 'y', null, 114.52618, 37.762514);
insert into bas_area (id, area_level, area_code, area_name, parent_id, letter, baidu_id, longitude, latitude) values (130133, 3, '130133', '赵县', 130100, 'z', null, 114.775362, 37.754341);
insert into bas_area (id, area_level, area_code, area_name, parent_id, letter, baidu_id, longitude, latitude) values (130183, 3, '130183', '晋州市', 130100, 'j', null, 115.044886, 38.027478);
insert into bas_area (id, area_level, area_code, area_name, parent_id, letter, baidu_id, longitude, latitude) values (130184, 3, '130184', '新乐市', 130100, 'x', null, 114.68578, 38.344768);
insert into bas_area (id, area_level, area_code, area_name, parent_id, letter, baidu_id, longitude, latitude) values (130200, 2, '130200', '唐山市', 130000, 't', 265, 118.175393, 39.635113);
insert into bas_area (id, area_level, area_code, area_name, parent_id, letter, baidu_id, longitude, latitude) values (130202, 3, '130202', '路南区', 130200, 'l', null, 118.210821, 39.615162);
insert into bas_area (id, area_level, area_code, area_name, parent_id, letter, baidu_id, longitude, latitude) values (130203, 3, '130203', '路北区', 130200, 'l', null, 118.174736, 39.628538);
insert into bas_area (id, area_level, area_code, area_name, parent_id, letter, baidu_id, longitude, latitude) values (130204, 3, '130204', '古冶区', 130200, 'g', null, 118.45429, 39.715736);
insert into bas_area (id, area_level, area_code, area_name, parent_id, letter, baidu_id, longitude, latitude) values (130205, 3, '130205', '开平区', 130200, 'k', null, 118.264425, 39.676171);
insert into bas_area (id, area_level, area_code, area_name, parent_id, letter, baidu_id, longitude, latitude) values (130207, 3, '130207', '丰南区', 130200, 'f', null, 118.110793, 39.56303);
insert into bas_area (id, area_level, area_code, area_name, parent_id, letter, baidu_id, longitude, latitude) values (130208, 3, '130208', '丰润区', 130200, 'f', null, 118.155779, 39.831363);
insert into bas_area (id, area_level, area_code, area_name, parent_id, letter, baidu_id, longitude, latitude) values (130209, 3, '130209', '曹妃甸区', 130200, 'c', null, 118.446585, 39.278277);
insert into bas_area (id, area_level, area_code, area_name, parent_id, letter, baidu_id, longitude, latitude) values (130223, 3, '130223', '滦县', 130200, 'l', null, 118.699547, 39.744851);
insert into bas_area (id, area_level, area_code, area_name, parent_id, letter, baidu_id, longitude, latitude) values (130224, 3, '130224', '滦南县', 130200, 'l', null, 118.681552, 39.506201);
insert into bas_area (id, area_level, area_code, area_name, parent_id, letter, baidu_id, longitude, latitude) values (130225, 3, '130225', '乐亭县', 130200, 'l', null, 118.905341, 39.42813);
insert into bas_area (id, area_level, area_code, area_name, parent_id, letter, baidu_id, longitude, latitude) values (130227, 3, '130227', '迁西县', 130200, 'q', null, 118.305139, 40.146238);
insert into bas_area (id, area_level, area_code, area_name, parent_id, letter, baidu_id, longitude, latitude) values (130229, 3, '130229', '玉田县', 130200, 'y', null, 117.753665, 39.887323);
insert into bas_area (id, area_level, area_code, area_name, parent_id, letter, baidu_id, longitude, latitude) values (130281, 3, '130281', '遵化市', 130200, 'z', null, 117.965875, 40.188616);
insert into bas_area (id, area_level, area_code, area_name, parent_id, letter, baidu_id, longitude, latitude) values (130283, 3, '130283', '迁安市', 130200, 'q', null, 118.701933, 40.012108);
insert into bas_area (id, area_level, area_code, area_name, parent_id, letter, baidu_id, longitude, latitude) values (130300, 2, '130300', '秦皇岛市', 130000, 'q', 148, 119.586579, 39.942531);
insert into bas_area (id, area_level, area_code, area_name, parent_id, letter, baidu_id, longitude, latitude) values (130302, 3, '130302', '海港区', 130300, 'h', null, 119.596224, 39.943458);
insert into bas_area (id, area_level, area_code, area_name, parent_id, letter, baidu_id, longitude, latitude) values (130303, 3, '130303', '山海关区', 130300, 's', null, 119.753591, 39.998023);
insert into bas_area (id, area_level, area_code, area_name, parent_id, letter, baidu_id, longitude, latitude) values (130304, 3, '130304', '北戴河区', 130300, 'b', null, 119.486286, 39.825121);
insert into bas_area (id, area_level, area_code, area_name, parent_id, letter, baidu_id, longitude, latitude) values (130306, 3, '130306', '抚宁区', 130300, 'f', null, 119.3951, 40.012967);
insert into bas_area (id, area_level, area_code, area_name, parent_id, letter, baidu_id, longitude, latitude) values (130321, 3, '130321', '青龙满族自治县', 130300, 'q', null, 118.954555, 40.406023);
insert into bas_area (id, area_level, area_code, area_name, parent_id, letter, baidu_id, longitude, latitude) values (130322, 3, '130322', '昌黎县', 130300, 'c', null, 119.164541, 39.709729);
insert into bas_area (id, area_level, area_code, area_name, parent_id, letter, baidu_id, longitude, latitude) values (130324, 3, '130324', '卢龙县', 130300, 'l', null, 118.881809, 39.891639);
insert into bas_area (id, area_level, area_code, area_name, parent_id, letter, baidu_id, longitude, latitude) values (130400, 2, '130400', '邯郸市', 130000, 'h', 151, 114.490686, 36.612273);
insert into bas_area (id, area_level, area_code, area_name, parent_id, letter, baidu_id, longitude, latitude) values (130402, 3, '130402', '邯山区', 130400, 'h', null, 114.484989, 36.603196);
insert into bas_area (id, area_level, area_code, area_name, parent_id, letter, baidu_id, longitude, latitude) values (130403, 3, '130403', '丛台区', 130400, 'c', null, 114.494703, 36.611082);
insert into bas_area (id, area_level, area_code, area_name, parent_id, letter, baidu_id, longitude, latitude) values (130404, 3, '130404', '复兴区', 130400, 'f', null, 114.458242, 36.615484);
insert into bas_area (id, area_level, area_code, area_name, parent_id, letter, baidu_id, longitude, latitude) values (130406, 3, '130406', '峰峰矿区', 130400, 'f', null, 114.209936, 36.420487);
insert into bas_area (id, area_level, area_code, area_name, parent_id, letter, baidu_id, longitude, latitude) values (130421, 3, '130421', '邯郸县', 130400, 'h', null, 114.531083, 36.593905);
insert into bas_area (id, area_level, area_code, area_name, parent_id, letter, baidu_id, longitude, latitude) values (130423, 3, '130423', '临漳县', 130400, 'l', null, 114.610703, 36.337604);
insert into bas_area (id, area_level, area_code, area_name, parent_id, letter, baidu_id, longitude, latitude) values (130424, 3, '130424', '成安县', 130400, 'c', null, 114.680356, 36.443832);
insert into bas_area (id, area_level, area_code, area_name, parent_id, letter, baidu_id, longitude, latitude) values (130425, 3, '130425', '大名县', 130400, 'd', null, 115.152586, 36.283316);
insert into bas_area (id, area_level, area_code, area_name, parent_id, letter, baidu_id, longitude, latitude) values (130426, 3, '130426', '涉县', 130400, 's', null, 113.673297, 36.563143);
insert into bas_area (id, area_level, area_code, area_name, parent_id, letter, baidu_id, longitude, latitude) values (130427, 3, '130427', '磁县', 130400, 'c', null, 114.38208, 36.367673);
insert into bas_area (id, area_level, area_code, area_name, parent_id, letter, baidu_id, longitude, latitude) values (130428, 3, '130428', '肥乡县', 130400, 'f', null, 114.805154, 36.555778);
insert into bas_area (id, area_level, area_code, area_name, parent_id, letter, baidu_id, longitude, latitude) values (130429, 3, '130429', '永年县', 130400, 'y', null, 114.496162, 36.776413);
insert into bas_area (id, area_level, area_code, area_name, parent_id, letter, baidu_id, longitude, latitude) values (130430, 3, '130430', '邱县', 130400, 'q', null, 115.168584, 36.81325);
insert into bas_area (id, area_level, area_code, area_name, parent_id, letter, baidu_id, longitude, latitude) values (130431, 3, '130431', '鸡泽县', 130400, 'j', null, 114.878517, 36.914908);
insert into bas_area (id, area_level, area_code, area_name, parent_id, letter, baidu_id, longitude, latitude) values (130432, 3, '130432', '广平县', 130400, 'g', null, 114.950859, 36.483603);
insert into bas_area (id, area_level, area_code, area_name, parent_id, letter, baidu_id, longitude, latitude) values (130433, 3, '130433', '馆陶县', 130400, 'g', null, 115.289057, 36.539461);
insert into bas_area (id, area_level, area_code, area_name, parent_id, letter, baidu_id, longitude, latitude) values (130434, 3, '130434', '魏县', 130400, 'w', null, 114.93411, 36.354248);
insert into bas_area (id, area_level, area_code, area_name, parent_id, letter, baidu_id, longitude, latitude) values (130435, 3, '130435', '曲周县', 130400, 'q', null, 114.957588, 36.773398);
insert into bas_area (id, area_level, area_code, area_name, parent_id, letter, baidu_id, longitude, latitude) values (130481, 3, '130481', '武安市', 130400, 'w', null, 114.194581, 36.696115);
insert into bas_area (id, area_level, area_code, area_name, parent_id, letter, baidu_id, longitude, latitude) values (130500, 2, '130500', '邢台市', 130000, 'x', 266, 114.508851, 37.0682);
insert into bas_area (id, area_level, area_code, area_name, parent_id, letter, baidu_id, longitude, latitude) values (130502, 3, '130502', '桥东区', 130500, 'q', null, 114.507131, 37.064125);
insert into bas_area (id, area_level, area_code, area_name, parent_id, letter, baidu_id, longitude, latitude) values (130503, 3, '130503', '桥西区', 130500, 'q', null, 114.473687, 37.068009);
insert into bas_area (id, area_level, area_code, area_name, parent_id, letter, baidu_id, longitude, latitude) values (130521, 3, '130521', '邢台县', 130500, 'x', null, 114.561132, 37.05073);
insert into bas_area (id, area_level, area_code, area_name, parent_id, letter, baidu_id, longitude, latitude) values (130522, 3, '130522', '临城县', 130500, 'l', null, 114.506873, 37.444009);
insert into bas_area (id, area_level, area_code, area_name, parent_id, letter, baidu_id, longitude, latitude) values (130523, 3, '130523', '内丘县', 130500, 'n', null, 114.511523, 37.287663);
insert into bas_area (id, area_level, area_code, area_name, parent_id, letter, baidu_id, longitude, latitude) values (130524, 3, '130524', '柏乡县', 130500, 'b', null, 114.693382, 37.483596);
insert into bas_area (id, area_level, area_code, area_name, parent_id, letter, baidu_id, longitude, latitude) values (130525, 3, '130525', '隆尧县', 130500, 'l', null, 114.776348, 37.350925);
insert into bas_area (id, area_level, area_code, area_name, parent_id, letter, baidu_id, longitude, latitude) values (130526, 3, '130526', '任县', 130500, 'r', null, 114.684469, 37.129952);
insert into bas_area (id, area_level, area_code, area_name, parent_id, letter, baidu_id, longitude, latitude) values (130527, 3, '130527', '南和县', 130500, 'n', null, 114.691377, 37.003812);
insert into bas_area (id, area_level, area_code, area_name, parent_id, letter, baidu_id, longitude, latitude) values (130528, 3, '130528', '宁晋县', 130500, 'n', null, 114.921027, 37.618956);
insert into bas_area (id, area_level, area_code, area_name, parent_id, letter, baidu_id, longitude, latitude) values (130529, 3, '130529', '巨鹿县', 130500, 'j', null, 115.038782, 37.21768);
insert into bas_area (id, area_level, area_code, area_name, parent_id, letter, baidu_id, longitude, latitude) values (130530, 3, '130530', '新河县', 130500, 'x', null, 115.247537, 37.526216);
insert into bas_area (id, area_level, area_code, area_name, parent_id, letter, baidu_id, longitude, latitude) values (130531, 3, '130531', '广宗县', 130500, 'g', null, 115.142797, 37.075548);
insert into bas_area (id, area_level, area_code, area_name, parent_id, letter, baidu_id, longitude, latitude) values (130532, 3, '130532', '平乡县', 130500, 'p', null, 115.029218, 37.069404);
insert into bas_area (id, area_level, area_code, area_name, parent_id, letter, baidu_id, longitude, latitude) values (130533, 3, '130533', '威县', 130500, 'w', null, 115.272749, 36.983272);
insert into bas_area (id, area_level, area_code, area_name, parent_id, letter, baidu_id, longitude, latitude) values (130534, 3, '130534', '清河县', 130500, 'q', null, 115.668999, 37.059991);
insert into bas_area (id, area_level, area_code, area_name, parent_id, letter, baidu_id, longitude, latitude) values (130535, 3, '130535', '临西县', 130500, 'l', null, 115.498684, 36.8642);
insert into bas_area (id, area_level, area_code, area_name, parent_id, letter, baidu_id, longitude, latitude) values (130581, 3, '130581', '南宫市', 130500, 'n', null, 115.398102, 37.359668);
insert into bas_area (id, area_level, area_code, area_name, parent_id, letter, baidu_id, longitude, latitude) values (130582, 3, '130582', '沙河市', 130500, 's', null, 114.504902, 36.861903);
insert into bas_area (id, area_level, area_code, area_name, parent_id, letter, baidu_id, longitude, latitude) values (130600, 2, '130600', '保定市', 130000, 'b', 307, 115.482331, 38.867657);
insert into bas_area (id, area_level, area_code, area_name, parent_id, letter, baidu_id, longitude, latitude) values (130602, 3, '130602', '竞秀区', 130600, 'x', null, 115.470659, 38.88662);
insert into bas_area (id, area_level, area_code, area_name, parent_id, letter, baidu_id, longitude, latitude) values (130606, 3, '130606', '莲池区', 130600, 'l', null, 118.043826, 36.835959);
insert into bas_area (id, area_level, area_code, area_name, parent_id, letter, baidu_id, longitude, latitude) values (130607, 3, '130607', '满城区', 130600, 'm', null, 115.315824, 38.949572);
insert into bas_area (id, area_level, area_code, area_name, parent_id, letter, baidu_id, longitude, latitude) values (130608, 3, '130608', '清苑区', 130600, 'q', null, 115.493491, 38.738335);
insert into bas_area (id, area_level, area_code, area_name, parent_id, letter, baidu_id, longitude, latitude) values (130609, 3, '130609', '徐水区', 130600, 'x', null, 115.5796, 39.041872);
insert into bas_area (id, area_level, area_code, area_name, parent_id, letter, baidu_id, longitude, latitude) values (130623, 3, '130623', '涞水县', 130600, 'l', null, 115.711985, 39.393148);
insert into bas_area (id, area_level, area_code, area_name, parent_id, letter, baidu_id, longitude, latitude) values (130624, 3, '130624', '阜平县', 130600, 'f', null, 114.198801, 38.847276);
insert into bas_area (id, area_level, area_code, area_name, parent_id, letter, baidu_id, longitude, latitude) values (130626, 3, '130626', '定兴县', 130600, 'd', null, 115.796895, 39.266195);
insert into bas_area (id, area_level, area_code, area_name, parent_id, letter, baidu_id, longitude, latitude) values (130627, 3, '130627', '唐县', 130600, 't', null, 114.981241, 38.748542);
insert into bas_area (id, area_level, area_code, area_name, parent_id, letter, baidu_id, longitude, latitude) values (130628, 3, '130628', '高阳县', 130600, 'g', null, 115.778878, 38.690092);
insert into bas_area (id, area_level, area_code, area_name, parent_id, letter, baidu_id, longitude, latitude) values (130629, 3, '130629', '容城县', 130600, 'r', null, 115.866247, 39.05282);
insert into bas_area (id, area_level, area_code, area_name, parent_id, letter, baidu_id, longitude, latitude) values (130630, 3, '130630', '涞源县', 130600, 'l', null, 114.692567, 39.35755);
insert into bas_area (id, area_level, area_code, area_name, parent_id, letter, baidu_id, longitude, latitude) values (130631, 3, '130631', '望都县', 130600, 'w', null, 115.154009, 38.707448);
insert into bas_area (id, area_level, area_code, area_name, parent_id, letter, baidu_id, longitude, latitude) values (130632, 3, '130632', '安新县', 130600, 'a', null, 115.931979, 38.929912);
insert into bas_area (id, area_level, area_code, area_name, parent_id, letter, baidu_id, longitude, latitude) values (130633, 3, '130633', '易县', 130600, 'y', null, 115.501146, 39.35297);
insert into bas_area (id, area_level, area_code, area_name, parent_id, letter, baidu_id, longitude, latitude) values (130634, 3, '130634', '曲阳县', 130600, 'q', null, 114.704055, 38.619992);
insert into bas_area (id, area_level, area_code, area_name, parent_id, letter, baidu_id, longitude, latitude) values (130635, 3, '130635', '蠡县', 130600, 'l', null, 115.583631, 38.496429);
insert into bas_area (id, area_level, area_code, area_name, parent_id, letter, baidu_id, longitude, latitude) values (130636, 3, '130636', '顺平县', 130600, 's', null, 115.132749, 38.845127);
insert into bas_area (id, area_level, area_code, area_name, parent_id, letter, baidu_id, longitude, latitude) values (130637, 3, '130637', '博野县', 130600, 'b', null, 115.461798, 38.458271);
insert into bas_area (id, area_level, area_code, area_name, parent_id, letter, baidu_id, longitude, latitude) values (130638, 3, '130638', '雄县', 130600, 'x', null, 116.107474, 38.990819);
insert into bas_area (id, area_level, area_code, area_name, parent_id, letter, baidu_id, longitude, latitude) values (130681, 3, '130681', '涿州市', 130600, 'z', null, 115.973409, 39.485765);
insert into bas_area (id, area_level, area_code, area_name, parent_id, letter, baidu_id, longitude, latitude) values (130683, 3, '130683', '安国市', 130600, 'a', null, 115.33141, 38.421367);
insert into bas_area (id, area_level, area_code, area_name, parent_id, letter, baidu_id, longitude, latitude) values (130684, 3, '130684', '高碑店市', 130600, 'g', null, 115.882704, 39.327689);
insert into bas_area (id, area_level, area_code, area_name, parent_id, letter, baidu_id, longitude, latitude) values (130700, 2, '130700', '张家口市', 130000, 'z', 264, 114.884091, 40.811901);
insert into bas_area (id, area_level, area_code, area_name, parent_id, letter, baidu_id, longitude, latitude) values (130702, 3, '130702', '桥东区', 130700, 'q', null, 114.885658, 40.813875);
insert into bas_area (id, area_level, area_code, area_name, parent_id, letter, baidu_id, longitude, latitude) values (130703, 3, '130703', '桥西区', 130700, 'q', null, 114.882127, 40.824385);
insert into bas_area (id, area_level, area_code, area_name, parent_id, letter, baidu_id, longitude, latitude) values (130705, 3, '130705', '宣化区', 130700, 'x', null, 115.0632, 40.609368);
insert into bas_area (id, area_level, area_code, area_name, parent_id, letter, baidu_id, longitude, latitude) values (130706, 3, '130706', '下花园区', 130700, 'x', null, 115.281002, 40.488645);
insert into bas_area (id, area_level, area_code, area_name, parent_id, letter, baidu_id, longitude, latitude) values (130708, 3, '130708', '万全区', 130700, 'w', null, 114.611452, 40.847108);
insert into bas_area (id, area_level, area_code, area_name, parent_id, letter, baidu_id, longitude, latitude) values (130709, 3, '130709', '崇礼区', 130700, 'c', null, 115.21989, 41.026059);
insert into bas_area (id, area_level, area_code, area_name, parent_id, letter, baidu_id, longitude, latitude) values (130722, 3, '130722', '张北县', 130700, 'z', null, 114.715951, 41.151713);
insert into bas_area (id, area_level, area_code, area_name, parent_id, letter, baidu_id, longitude, latitude) values (130723, 3, '130723', '康保县', 130700, 'k', null, 114.615809, 41.850046);
insert into bas_area (id, area_level, area_code, area_name, parent_id, letter, baidu_id, longitude, latitude) values (130724, 3, '130724', '沽源县', 130700, 'g', null, 115.684836, 41.667419);
insert into bas_area (id, area_level, area_code, area_name, parent_id, letter, baidu_id, longitude, latitude) values (130725, 3, '130725', '尚义县', 130700, 's', null, 113.977713, 41.080091);
insert into bas_area (id, area_level, area_code, area_name, parent_id, letter, baidu_id, longitude, latitude) values (130726, 3, '130726', '蔚县', 130700, 'w', null, 114.582695, 39.837181);
insert into bas_area (id, area_level, area_code, area_name, parent_id, letter, baidu_id, longitude, latitude) values (130727, 3, '130727', '阳原县', 130700, 'y', null, 114.167343, 40.113419);
insert into bas_area (id, area_level, area_code, area_name, parent_id, letter, baidu_id, longitude, latitude) values (130728, 3, '130728', '怀安县', 130700, 'h', null, 114.422364, 40.671274);
insert into bas_area (id, area_level, area_code, area_name, parent_id, letter, baidu_id, longitude, latitude) values (130730, 3, '130730', '怀来县', 130700, 'h', null, 115.520846, 40.405405);
insert into bas_area (id, area_level, area_code, area_name, parent_id, letter, baidu_id, longitude, latitude) values (130731, 3, '130731', '涿鹿县', 130700, 'z', null, 115.219246, 40.378701);
insert into bas_area (id, area_level, area_code, area_name, parent_id, letter, baidu_id, longitude, latitude) values (130732, 3, '130732', '赤城县', 130700, 'c', null, 115.832708, 40.912081);
insert into bas_area (id, area_level, area_code, area_name, parent_id, letter, baidu_id, longitude, latitude) values (130800, 2, '130800', '承德市', 130000, 'c', 207, 117.939152, 40.976204);
insert into bas_area (id, area_level, area_code, area_name, parent_id, letter, baidu_id, longitude, latitude) values (130802, 3, '130802', '双桥区', 130800, 's', null, 117.939152, 40.976204);
insert into bas_area (id, area_level, area_code, area_name, parent_id, letter, baidu_id, longitude, latitude) values (130803, 3, '130803', '双滦区', 130800, 's', null, 117.797485, 40.959756);
insert into bas_area (id, area_level, area_code, area_name, parent_id, letter, baidu_id, longitude, latitude) values (130804, 3, '130804', '鹰手营子矿区', 130800, 'y', null, 117.661154, 40.546956);
insert into bas_area (id, area_level, area_code, area_name, parent_id, letter, baidu_id, longitude, latitude) values (130821, 3, '130821', '承德县', 130800, 'c', null, 118.172496, 40.768637);
insert into bas_area (id, area_level, area_code, area_name, parent_id, letter, baidu_id, longitude, latitude) values (130822, 3, '130822', '兴隆县', 130800, 'x', null, 117.507098, 40.418525);
insert into bas_area (id, area_level, area_code, area_name, parent_id, letter, baidu_id, longitude, latitude) values (130823, 3, '130823', '平泉县', 130800, 'p', null, 118.690238, 41.00561);
insert into bas_area (id, area_level, area_code, area_name, parent_id, letter, baidu_id, longitude, latitude) values (130824, 3, '130824', '滦平县', 130800, 'l', null, 117.337124, 40.936644);
insert into bas_area (id, area_level, area_code, area_name, parent_id, letter, baidu_id, longitude, latitude) values (130825, 3, '130825', '隆化县', 130800, 'l', null, 117.736343, 41.316667);
insert into bas_area (id, area_level, area_code, area_name, parent_id, letter, baidu_id, longitude, latitude) values (130826, 3, '130826', '丰宁满族自治县', 130800, 'f', null, 116.65121, 41.209903);
insert into bas_area (id, area_level, area_code, area_name, parent_id, letter, baidu_id, longitude, latitude) values (130827, 3, '130827', '宽城满族自治县', 130800, 'k', null, 118.488642, 40.607981);
insert into bas_area (id, area_level, area_code, area_name, parent_id, letter, baidu_id, longitude, latitude) values (130828, 3, '130828', '围场满族蒙古族自治县', 130800, 'w', null, 117.764086, 41.949404);
insert into bas_area (id, area_level, area_code, area_name, parent_id, letter, baidu_id, longitude, latitude) values (130900, 2, '130900', '沧州市', 130000, 'c', 149, 116.857461, 38.310582);
insert into bas_area (id, area_level, area_code, area_name, parent_id, letter, baidu_id, longitude, latitude) values (130902, 3, '130902', '新华区', 130900, 'x', null, 116.873049, 38.308273);
insert into bas_area (id, area_level, area_code, area_name, parent_id, letter, baidu_id, longitude, latitude) values (130903, 3, '130903', '运河区', 130900, 'y', null, 116.840063, 38.307405);
insert into bas_area (id, area_level, area_code, area_name, parent_id, letter, baidu_id, longitude, latitude) values (130921, 3, '130921', '沧县', 130900, 'c', null, 117.007478, 38.219856);
insert into bas_area (id, area_level, area_code, area_name, parent_id, letter, baidu_id, longitude, latitude) values (130922, 3, '130922', '青县', 130900, 'q', null, 116.838384, 38.569646);
insert into bas_area (id, area_level, area_code, area_name, parent_id, letter, baidu_id, longitude, latitude) values (130923, 3, '130923', '东光县', 130900, 'd', null, 116.542062, 37.88655);
insert into bas_area (id, area_level, area_code, area_name, parent_id, letter, baidu_id, longitude, latitude) values (130924, 3, '130924', '海兴县', 130900, 'h', null, 117.496606, 38.141582);
insert into bas_area (id, area_level, area_code, area_name, parent_id, letter, baidu_id, longitude, latitude) values (130925, 3, '130925', '盐山县', 130900, 'y', null, 117.229814, 38.056141);
insert into bas_area (id, area_level, area_code, area_name, parent_id, letter, baidu_id, longitude, latitude) values (130926, 3, '130926', '肃宁县', 130900, 's', null, 115.835856, 38.427102);
insert into bas_area (id, area_level, area_code, area_name, parent_id, letter, baidu_id, longitude, latitude) values (130927, 3, '130927', '南皮县', 130900, 'n', null, 116.709171, 38.042439);
insert into bas_area (id, area_level, area_code, area_name, parent_id, letter, baidu_id, longitude, latitude) values (130928, 3, '130928', '吴桥县', 130900, 'w', null, 116.391512, 37.628182);
insert into bas_area (id, area_level, area_code, area_name, parent_id, letter, baidu_id, longitude, latitude) values (130929, 3, '130929', '献县', 130900, 'x', null, 116.123844, 38.189661);
insert into bas_area (id, area_level, area_code, area_name, parent_id, letter, baidu_id, longitude, latitude) values (130930, 3, '130930', '孟村回族自治县', 130900, 'm', null, 117.105104, 38.057953);
insert into bas_area (id, area_level, area_code, area_name, parent_id, letter, baidu_id, longitude, latitude) values (130981, 3, '130981', '泊头市', 130900, 'b', null, 116.570163, 38.073479);
insert into bas_area (id, area_level, area_code, area_name, parent_id, letter, baidu_id, longitude, latitude) values (130982, 3, '130982', '任丘市', 130900, 'r', null, 116.106764, 38.706513);
insert into bas_area (id, area_level, area_code, area_name, parent_id, letter, baidu_id, longitude, latitude) values (130983, 3, '130983', '黄骅市', 130900, 'h', null, 117.343803, 38.369238);
insert into bas_area (id, area_level, area_code, area_name, parent_id, letter, baidu_id, longitude, latitude) values (130984, 3, '130984', '河间市', 130900, 'h', null, 116.089452, 38.44149);
insert into bas_area (id, area_level, area_code, area_name, parent_id, letter, baidu_id, longitude, latitude) values (131000, 2, '131000', '廊坊市', 130000, 'l', 191, 116.704441, 39.523927);
insert into bas_area (id, area_level, area_code, area_name, parent_id, letter, baidu_id, longitude, latitude) values (131002, 3, '131002', '安次区', 131000, 'a', null, 116.694544, 39.502569);
insert into bas_area (id, area_level, area_code, area_name, parent_id, letter, baidu_id, longitude, latitude) values (131003, 3, '131003', '广阳区', 131000, 'g', null, 116.713708, 39.521931);
insert into bas_area (id, area_level, area_code, area_name, parent_id, letter, baidu_id, longitude, latitude) values (131022, 3, '131022', '固安县', 131000, 'g', null, 116.299894, 39.436468);
insert into bas_area (id, area_level, area_code, area_name, parent_id, letter, baidu_id, longitude, latitude) values (131023, 3, '131023', '永清县', 131000, 'y', null, 116.498089, 39.319717);
insert into bas_area (id, area_level, area_code, area_name, parent_id, letter, baidu_id, longitude, latitude) values (131024, 3, '131024', '香河县', 131000, 'x', null, 117.007161, 39.757212);
insert into bas_area (id, area_level, area_code, area_name, parent_id, letter, baidu_id, longitude, latitude) values (131025, 3, '131025', '大城县', 131000, 'd', null, 116.640735, 38.699215);
insert into bas_area (id, area_level, area_code, area_name, parent_id, letter, baidu_id, longitude, latitude) values (131026, 3, '131026', '文安县', 131000, 'w', null, 116.460107, 38.866801);
insert into bas_area (id, area_level, area_code, area_name, parent_id, letter, baidu_id, longitude, latitude) values (131028, 3, '131028', '大厂回族自治县', 131000, 'd', null, 116.986501, 39.889266);
insert into bas_area (id, area_level, area_code, area_name, parent_id, letter, baidu_id, longitude, latitude) values (131081, 3, '131081', '霸州市', 131000, 'b', null, 116.392021, 39.117331);
insert into bas_area (id, area_level, area_code, area_name, parent_id, letter, baidu_id, longitude, latitude) values (131082, 3, '131082', '三河市', 131000, 's', null, 117.077018, 39.982778);
insert into bas_area (id, area_level, area_code, area_name, parent_id, letter, baidu_id, longitude, latitude) values (131100, 2, '131100', '衡水市', 130000, 'h', 208, 115.665993, 37.735097);
insert into bas_area (id, area_level, area_code, area_name, parent_id, letter, baidu_id, longitude, latitude) values (131102, 3, '131102', '桃城区', 131100, 't', null, 115.694945, 37.732237);
insert into bas_area (id, area_level, area_code, area_name, parent_id, letter, baidu_id, longitude, latitude) values (131103, 3, '131103', '冀州区', 131100, 'j', null, 115.470292, 37.556069);
insert into bas_area (id, area_level, area_code, area_name, parent_id, letter, baidu_id, longitude, latitude) values (131121, 3, '131121', '枣强县', 131100, 'z', null, 115.726499, 37.511512);
insert into bas_area (id, area_level, area_code, area_name, parent_id, letter, baidu_id, longitude, latitude) values (131122, 3, '131122', '武邑县', 131100, 'w', null, 115.892415, 37.803774);
insert into bas_area (id, area_level, area_code, area_name, parent_id, letter, baidu_id, longitude, latitude) values (131123, 3, '131123', '武强县', 131100, 'w', null, 115.970236, 38.03698);
insert into bas_area (id, area_level, area_code, area_name, parent_id, letter, baidu_id, longitude, latitude) values (131124, 3, '131124', '饶阳县', 131100, 'r', null, 115.726577, 38.232671);
insert into bas_area (id, area_level, area_code, area_name, parent_id, letter, baidu_id, longitude, latitude) values (131125, 3, '131125', '安平县', 131100, 'a', null, 115.519627, 38.233511);
insert into bas_area (id, area_level, area_code, area_name, parent_id, letter, baidu_id, longitude, latitude) values (131126, 3, '131126', '故城县', 131100, 'g', null, 115.966747, 37.350981);
insert into bas_area (id, area_level, area_code, area_name, parent_id, letter, baidu_id, longitude, latitude) values (131127, 3, '131127', '景县', 131100, 'j', null, 116.258446, 37.686622);
insert into bas_area (id, area_level, area_code, area_name, parent_id, letter, baidu_id, longitude, latitude) values (131128, 3, '131128', '阜城县', 131100, 'f', null, 116.164727, 37.869945);
insert into bas_area (id, area_level, area_code, area_name, parent_id, letter, baidu_id, longitude, latitude) values (131182, 3, '131182', '深州市', 131100, 's', null, 115.554596, 38.00347);
insert into bas_area (id, area_level, area_code, area_name, parent_id, letter, baidu_id, longitude, latitude) values (139001, 2, '139001', '定州市', 130000, 'd', null, 115.057406, 38.465839);
insert into bas_area (id, area_level, area_code, area_name, parent_id, letter, baidu_id, longitude, latitude) values (139002, 2, '139002', '辛集市', 130000, 'x', null, 115.298749, 37.924121);
insert into bas_area (id, area_level, area_code, area_name, parent_id, letter, baidu_id, longitude, latitude) values (140000, 1, '140000', '山西省', null, 's', null, 112.549248, 37.857014);
insert into bas_area (id, area_level, area_code, area_name, parent_id, letter, baidu_id, longitude, latitude) values (140100, 2, '140100', '太原市', 140000, 't', 176, 112.549248, 37.857014);
insert into bas_area (id, area_level, area_code, area_name, parent_id, letter, baidu_id, longitude, latitude) values (140105, 3, '140105', '小店区', 140100, 'x', null, 112.564273, 37.817974);
insert into bas_area (id, area_level, area_code, area_name, parent_id, letter, baidu_id, longitude, latitude) values (140106, 3, '140106', '迎泽区', 140100, 'y', null, 112.558851, 37.855804);
insert into bas_area (id, area_level, area_code, area_name, parent_id, letter, baidu_id, longitude, latitude) values (140107, 3, '140107', '杏花岭区', 140100, 'x', null, 112.560743, 37.879291);
insert into bas_area (id, area_level, area_code, area_name, parent_id, letter, baidu_id, longitude, latitude) values (140108, 3, '140108', '尖草坪区', 140100, 'j', null, 112.487122, 37.939893);
insert into bas_area (id, area_level, area_code, area_name, parent_id, letter, baidu_id, longitude, latitude) values (140109, 3, '140109', '万柏林区', 140100, 'w', null, 112.522258, 37.862653);
insert into bas_area (id, area_level, area_code, area_name, parent_id, letter, baidu_id, longitude, latitude) values (140110, 3, '140110', '晋源区', 140100, 'j', null, 112.477849, 37.715619);
insert into bas_area (id, area_level, area_code, area_name, parent_id, letter, baidu_id, longitude, latitude) values (140121, 3, '140121', '清徐县', 140100, 'q', null, 112.357961, 37.60729);
insert into bas_area (id, area_level, area_code, area_name, parent_id, letter, baidu_id, longitude, latitude) values (140122, 3, '140122', '阳曲县', 140100, 'y', null, 112.673818, 38.058797);
insert into bas_area (id, area_level, area_code, area_name, parent_id, letter, baidu_id, longitude, latitude) values (140123, 3, '140123', '娄烦县', 140100, 'l', null, 111.793798, 38.066035);
insert into bas_area (id, area_level, area_code, area_name, parent_id, letter, baidu_id, longitude, latitude) values (140181, 3, '140181', '古交市', 140100, 'g', null, 112.174353, 37.908534);
insert into bas_area (id, area_level, area_code, area_name, parent_id, letter, baidu_id, longitude, latitude) values (140200, 2, '140200', '大同市', 140000, 'd', 355, 113.295259, 40.09031);
insert into bas_area (id, area_level, area_code, area_name, parent_id, letter, baidu_id, longitude, latitude) values (140202, 3, '140202', '城区', 140200, 'c', null, 113.301438, 40.090511);
insert into bas_area (id, area_level, area_code, area_name, parent_id, letter, baidu_id, longitude, latitude) values (140203, 3, '140203', '矿区', 140200, 'k', null, 113.168656, 40.03626);
insert into bas_area (id, area_level, area_code, area_name, parent_id, letter, baidu_id, longitude, latitude) values (140211, 3, '140211', '南郊区', 140200, 'n', null, 113.16892, 40.01802);
insert into bas_area (id, area_level, area_code, area_name, parent_id, letter, baidu_id, longitude, latitude) values (140212, 3, '140212', '新荣区', 140200, 'x', null, 113.141044, 40.258269);
insert into bas_area (id, area_level, area_code, area_name, parent_id, letter, baidu_id, longitude, latitude) values (140221, 3, '140221', '阳高县', 140200, 'y', null, 113.749871, 40.364927);
insert into bas_area (id, area_level, area_code, area_name, parent_id, letter, baidu_id, longitude, latitude) values (140222, 3, '140222', '天镇县', 140200, 't', null, 114.09112, 40.421336);
insert into bas_area (id, area_level, area_code, area_name, parent_id, letter, baidu_id, longitude, latitude) values (140223, 3, '140223', '广灵县', 140200, 'g', null, 114.279252, 39.763051);
insert into bas_area (id, area_level, area_code, area_name, parent_id, letter, baidu_id, longitude, latitude) values (140224, 3, '140224', '灵丘县', 140200, 'l', null, 114.23576, 39.438867);
insert into bas_area (id, area_level, area_code, area_name, parent_id, letter, baidu_id, longitude, latitude) values (140225, 3, '140225', '浑源县', 140200, 'h', null, 113.698091, 39.699099);
insert into bas_area (id, area_level, area_code, area_name, parent_id, letter, baidu_id, longitude, latitude) values (140226, 3, '140226', '左云县', 140200, 'z', null, 112.70641, 40.012873);
insert into bas_area (id, area_level, area_code, area_name, parent_id, letter, baidu_id, longitude, latitude) values (140227, 3, '140227', '大同县', 140200, 'd', null, 113.611306, 40.039345);
insert into bas_area (id, area_level, area_code, area_name, parent_id, letter, baidu_id, longitude, latitude) values (140300, 2, '140300', '阳泉市', 140000, 'y', 357, 113.583285, 37.861188);
insert into bas_area (id, area_level, area_code, area_name, parent_id, letter, baidu_id, longitude, latitude) values (140302, 3, '140302', '城区', 140300, 'c', null, 113.586513, 37.860938);
insert into bas_area (id, area_level, area_code, area_name, parent_id, letter, baidu_id, longitude, latitude) values (140303, 3, '140303', '矿区', 140300, 'k', null, 113.559066, 37.870085);
insert into bas_area (id, area_level, area_code, area_name, parent_id, letter, baidu_id, longitude, latitude) values (140311, 3, '140311', '郊区', 140300, 'j', null, 113.58664, 37.94096);
insert into bas_area (id, area_level, area_code, area_name, parent_id, letter, baidu_id, longitude, latitude) values (140321, 3, '140321', '平定县', 140300, 'p', null, 113.631049, 37.800289);
insert into bas_area (id, area_level, area_code, area_name, parent_id, letter, baidu_id, longitude, latitude) values (140322, 3, '140322', '盂县', 140300, 'y', null, 113.41223, 38.086131);
insert into bas_area (id, area_level, area_code, area_name, parent_id, letter, baidu_id, longitude, latitude) values (140400, 2, '140400', '长治市', 140000, 'z', 356, 113.113556, 36.191112);
insert into bas_area (id, area_level, area_code, area_name, parent_id, letter, baidu_id, longitude, latitude) values (140402, 3, '140402', '城区', 140400, 'c', null, 113.114107, 36.187896);
insert into bas_area (id, area_level, area_code, area_name, parent_id, letter, baidu_id, longitude, latitude) values (140411, 3, '140411', '郊区', 140400, 'j', null, 113.101211, 36.218388);
insert into bas_area (id, area_level, area_code, area_name, parent_id, letter, baidu_id, longitude, latitude) values (140421, 3, '140421', '长治县', 140400, 'z', null, 113.056679, 36.052438);
insert into bas_area (id, area_level, area_code, area_name, parent_id, letter, baidu_id, longitude, latitude) values (140423, 3, '140423', '襄垣县', 140400, 'x', null, 113.050094, 36.532854);
insert into bas_area (id, area_level, area_code, area_name, parent_id, letter, baidu_id, longitude, latitude) values (140424, 3, '140424', '屯留县', 140400, 't', null, 112.892741, 36.314072);
insert into bas_area (id, area_level, area_code, area_name, parent_id, letter, baidu_id, longitude, latitude) values (140425, 3, '140425', '平顺县', 140400, 'p', null, 113.438791, 36.200202);
insert into bas_area (id, area_level, area_code, area_name, parent_id, letter, baidu_id, longitude, latitude) values (140426, 3, '140426', '黎城县', 140400, 'l', null, 113.387366, 36.502971);
insert into bas_area (id, area_level, area_code, area_name, parent_id, letter, baidu_id, longitude, latitude) values (140427, 3, '140427', '壶关县', 140400, 'h', null, 113.206138, 36.110938);
insert into bas_area (id, area_level, area_code, area_name, parent_id, letter, baidu_id, longitude, latitude) values (140428, 3, '140428', '长子县', 140400, 'z', null, 112.884656, 36.119484);
insert into bas_area (id, area_level, area_code, area_name, parent_id, letter, baidu_id, longitude, latitude) values (140429, 3, '140429', '武乡县', 140400, 'w', null, 112.8653, 36.834315);
insert into bas_area (id, area_level, area_code, area_name, parent_id, letter, baidu_id, longitude, latitude) values (140430, 3, '140430', '沁县', 140400, 'q', null, 112.70138, 36.757123);
insert into bas_area (id, area_level, area_code, area_name, parent_id, letter, baidu_id, longitude, latitude) values (140431, 3, '140431', '沁源县', 140400, 'q', null, 112.340878, 36.500777);
insert into bas_area (id, area_level, area_code, area_name, parent_id, letter, baidu_id, longitude, latitude) values (140481, 3, '140481', '潞城市', 140400, 'l', null, 113.223245, 36.332233);
insert into bas_area (id, area_level, area_code, area_name, parent_id, letter, baidu_id, longitude, latitude) values (140500, 2, '140500', '晋城市', 140000, 'j', 290, 112.851274, 35.497553);
insert into bas_area (id, area_level, area_code, area_name, parent_id, letter, baidu_id, longitude, latitude) values (140502, 3, '140502', '城区', 140500, 'c', null, 112.853106, 35.496641);
insert into bas_area (id, area_level, area_code, area_name, parent_id, letter, baidu_id, longitude, latitude) values (140521, 3, '140521', '沁水县', 140500, 'q', null, 112.187213, 35.689472);
insert into bas_area (id, area_level, area_code, area_name, parent_id, letter, baidu_id, longitude, latitude) values (140522, 3, '140522', '阳城县', 140500, 'y', null, 112.422014, 35.482177);
insert into bas_area (id, area_level, area_code, area_name, parent_id, letter, baidu_id, longitude, latitude) values (140524, 3, '140524', '陵川县', 140500, 'l', null, 113.278877, 35.775614);
insert into bas_area (id, area_level, area_code, area_name, parent_id, letter, baidu_id, longitude, latitude) values (140525, 3, '140525', '泽州县', 140500, 'z', null, 112.899137, 35.617221);
insert into bas_area (id, area_level, area_code, area_name, parent_id, letter, baidu_id, longitude, latitude) values (140581, 3, '140581', '高平市', 140500, 'g', null, 112.930691, 35.791355);
insert into bas_area (id, area_level, area_code, area_name, parent_id, letter, baidu_id, longitude, latitude) values (140600, 2, '140600', '朔州市', 140000, 's', 237, 112.433387, 39.331261);
insert into bas_area (id, area_level, area_code, area_name, parent_id, letter, baidu_id, longitude, latitude) values (140602, 3, '140602', '朔城区', 140600, 's', null, 112.428676, 39.324525);
insert into bas_area (id, area_level, area_code, area_name, parent_id, letter, baidu_id, longitude, latitude) values (140603, 3, '140603', '平鲁区', 140600, 'p', null, 112.295227, 39.515603);
insert into bas_area (id, area_level, area_code, area_name, parent_id, letter, baidu_id, longitude, latitude) values (140621, 3, '140621', '山阴县', 140600, 's', null, 112.816396, 39.52677);
insert into bas_area (id, area_level, area_code, area_name, parent_id, letter, baidu_id, longitude, latitude) values (140622, 3, '140622', '应县', 140600, 'y', null, 113.187505, 39.559187);
insert into bas_area (id, area_level, area_code, area_name, parent_id, letter, baidu_id, longitude, latitude) values (140623, 3, '140623', '右玉县', 140600, 'y', null, 112.465588, 39.988812);
insert into bas_area (id, area_level, area_code, area_name, parent_id, letter, baidu_id, longitude, latitude) values (140624, 3, '140624', '怀仁县', 140600, 'h', null, 113.100512, 39.82079);
insert into bas_area (id, area_level, area_code, area_name, parent_id, letter, baidu_id, longitude, latitude) values (140700, 2, '140700', '晋中市', 140000, 'j', 238, 112.736465, 37.696495);
insert into bas_area (id, area_level, area_code, area_name, parent_id, letter, baidu_id, longitude, latitude) values (140702, 3, '140702', '榆次区', 140700, 'y', null, 112.740056, 37.6976);
insert into bas_area (id, area_level, area_code, area_name, parent_id, letter, baidu_id, longitude, latitude) values (140721, 3, '140721', '榆社县', 140700, 'y', null, 112.973521, 37.069019);
insert into bas_area (id, area_level, area_code, area_name, parent_id, letter, baidu_id, longitude, latitude) values (140722, 3, '140722', '左权县', 140700, 'z', null, 113.377834, 37.079672);
insert into bas_area (id, area_level, area_code, area_name, parent_id, letter, baidu_id, longitude, latitude) values (140723, 3, '140723', '和顺县', 140700, 'h', null, 113.572919, 37.327027);
insert into bas_area (id, area_level, area_code, area_name, parent_id, letter, baidu_id, longitude, latitude) values (140724, 3, '140724', '昔阳县', 140700, 'x', null, 113.706166, 37.60437);
insert into bas_area (id, area_level, area_code, area_name, parent_id, letter, baidu_id, longitude, latitude) values (140725, 3, '140725', '寿阳县', 140700, 's', null, 113.177708, 37.891136);
insert into bas_area (id, area_level, area_code, area_name, parent_id, letter, baidu_id, longitude, latitude) values (140726, 3, '140726', '太谷县', 140700, 't', null, 112.554103, 37.424595);
insert into bas_area (id, area_level, area_code, area_name, parent_id, letter, baidu_id, longitude, latitude) values (140727, 3, '140727', '祁县', 140700, 'q', null, 112.330532, 37.358739);
insert into bas_area (id, area_level, area_code, area_name, parent_id, letter, baidu_id, longitude, latitude) values (140728, 3, '140728', '平遥县', 140700, 'p', null, 112.174059, 37.195474);
insert into bas_area (id, area_level, area_code, area_name, parent_id, letter, baidu_id, longitude, latitude) values (140729, 3, '140729', '灵石县', 140700, 'l', null, 111.772759, 36.847469);
insert into bas_area (id, area_level, area_code, area_name, parent_id, letter, baidu_id, longitude, latitude) values (140781, 3, '140781', '介休市', 140700, 'j', null, 111.913857, 37.027616);
insert into bas_area (id, area_level, area_code, area_name, parent_id, letter, baidu_id, longitude, latitude) values (140800, 2, '140800', '运城市', 140000, 'y', 328, 111.003957, 35.022778);
insert into bas_area (id, area_level, area_code, area_name, parent_id, letter, baidu_id, longitude, latitude) values (140802, 3, '140802', '盐湖区', 140800, 'y', null, 111.000627, 35.025643);
insert into bas_area (id, area_level, area_code, area_name, parent_id, letter, baidu_id, longitude, latitude) values (140821, 3, '140821', '临猗县', 140800, 'l', null, 110.77493, 35.141883);
insert into bas_area (id, area_level, area_code, area_name, parent_id, letter, baidu_id, longitude, latitude) values (140822, 3, '140822', '万荣县', 140800, 'w', null, 110.843561, 35.417042);
insert into bas_area (id, area_level, area_code, area_name, parent_id, letter, baidu_id, longitude, latitude) values (140823, 3, '140823', '闻喜县', 140800, 'w', null, 111.220306, 35.353839);
insert into bas_area (id, area_level, area_code, area_name, parent_id, letter, baidu_id, longitude, latitude) values (140824, 3, '140824', '稷山县', 140800, 'j', null, 110.978996, 35.600412);
insert into bas_area (id, area_level, area_code, area_name, parent_id, letter, baidu_id, longitude, latitude) values (140825, 3, '140825', '新绛县', 140800, 'x', null, 111.225205, 35.613697);
insert into bas_area (id, area_level, area_code, area_name, parent_id, letter, baidu_id, longitude, latitude) values (140826, 3, '140826', '绛县', 140800, 'j', null, 111.576182, 35.49045);
insert into bas_area (id, area_level, area_code, area_name, parent_id, letter, baidu_id, longitude, latitude) values (140827, 3, '140827', '垣曲县', 140800, 'y', null, 111.67099, 35.298293);
insert into bas_area (id, area_level, area_code, area_name, parent_id, letter, baidu_id, longitude, latitude) values (140828, 3, '140828', '夏县', 140800, 'x', null, 111.223174, 35.140441);
insert into bas_area (id, area_level, area_code, area_name, parent_id, letter, baidu_id, longitude, latitude) values (140829, 3, '140829', '平陆县', 140800, 'p', null, 111.212377, 34.837256);
insert into bas_area (id, area_level, area_code, area_name, parent_id, letter, baidu_id, longitude, latitude) values (140830, 3, '140830', '芮城县', 140800, 'r', null, 110.69114, 34.694769);
insert into bas_area (id, area_level, area_code, area_name, parent_id, letter, baidu_id, longitude, latitude) values (140881, 3, '140881', '永济市', 140800, 'y', null, 110.447984, 34.865125);
insert into bas_area (id, area_level, area_code, area_name, parent_id, letter, baidu_id, longitude, latitude) values (140882, 3, '140882', '河津市', 140800, 'h', null, 110.710268, 35.59715);
insert into bas_area (id, area_level, area_code, area_name, parent_id, letter, baidu_id, longitude, latitude) values (140900, 2, '140900', '忻州市', 140000, 'x', 367, 112.733538, 38.41769);
insert into bas_area (id, area_level, area_code, area_name, parent_id, letter, baidu_id, longitude, latitude) values (140902, 3, '140902', '忻府区', 140900, 'x', null, 112.734112, 38.417743);
insert into bas_area (id, area_level, area_code, area_name, parent_id, letter, baidu_id, longitude, latitude) values (140921, 3, '140921', '定襄县', 140900, 'd', null, 112.963231, 38.484948);
insert into bas_area (id, area_level, area_code, area_name, parent_id, letter, baidu_id, longitude, latitude) values (140922, 3, '140922', '五台县', 140900, 'w', null, 113.259012, 38.725711);
insert into bas_area (id, area_level, area_code, area_name, parent_id, letter, baidu_id, longitude, latitude) values (140923, 3, '140923', '代县', 140900, 'd', null, 112.962519, 39.065138);
insert into bas_area (id, area_level, area_code, area_name, parent_id, letter, baidu_id, longitude, latitude) values (140924, 3, '140924', '繁峙县', 140900, 'f', null, 113.267707, 39.188104);
insert into bas_area (id, area_level, area_code, area_name, parent_id, letter, baidu_id, longitude, latitude) values (140925, 3, '140925', '宁武县', 140900, 'n', null, 112.307936, 39.001718);
insert into bas_area (id, area_level, area_code, area_name, parent_id, letter, baidu_id, longitude, latitude) values (140926, 3, '140926', '静乐县', 140900, 'j', null, 111.940231, 38.355947);
insert into bas_area (id, area_level, area_code, area_name, parent_id, letter, baidu_id, longitude, latitude) values (140927, 3, '140927', '神池县', 140900, 's', null, 112.200438, 39.088467);
insert into bas_area (id, area_level, area_code, area_name, parent_id, letter, baidu_id, longitude, latitude) values (140928, 3, '140928', '五寨县', 140900, 'w', null, 111.841015, 38.912761);
insert into bas_area (id, area_level, area_code, area_name, parent_id, letter, baidu_id, longitude, latitude) values (140929, 3, '140929', '岢岚县', 140900, 'k', null, 111.56981, 38.705625);
insert into bas_area (id, area_level, area_code, area_name, parent_id, letter, baidu_id, longitude, latitude) values (140930, 3, '140930', '河曲县', 140900, 'h', null, 111.146609, 39.381895);
insert into bas_area (id, area_level, area_code, area_name, parent_id, letter, baidu_id, longitude, latitude) values (140931, 3, '140931', '保德县', 140900, 'b', null, 111.085688, 39.022576);
insert into bas_area (id, area_level, area_code, area_name, parent_id, letter, baidu_id, longitude, latitude) values (140932, 3, '140932', '偏关县', 140900, 'p', null, 111.500477, 39.442153);
insert into bas_area (id, area_level, area_code, area_name, parent_id, letter, baidu_id, longitude, latitude) values (140981, 3, '140981', '原平市', 140900, 'y', null, 112.713132, 38.729186);
insert into bas_area (id, area_level, area_code, area_name, parent_id, letter, baidu_id, longitude, latitude) values (141000, 2, '141000', '临汾市', 140000, 'l', 368, 111.517973, 36.08415);
insert into bas_area (id, area_level, area_code, area_name, parent_id, letter, baidu_id, longitude, latitude) values (141002, 3, '141002', '尧都区', 141000, 'y', null, 111.522945, 36.080366);
insert into bas_area (id, area_level, area_code, area_name, parent_id, letter, baidu_id, longitude, latitude) values (141021, 3, '141021', '曲沃县', 141000, 'q', null, 111.475529, 35.641387);
insert into bas_area (id, area_level, area_code, area_name, parent_id, letter, baidu_id, longitude, latitude) values (141022, 3, '141022', '翼城县', 141000, 'y', null, 111.713508, 35.738621);
insert into bas_area (id, area_level, area_code, area_name, parent_id, letter, baidu_id, longitude, latitude) values (141023, 3, '141023', '襄汾县', 141000, 'x', null, 111.442932, 35.876139);
insert into bas_area (id, area_level, area_code, area_name, parent_id, letter, baidu_id, longitude, latitude) values (141024, 3, '141024', '洪洞县', 141000, 'h', null, 111.673692, 36.255742);
insert into bas_area (id, area_level, area_code, area_name, parent_id, letter, baidu_id, longitude, latitude) values (141025, 3, '141025', '古县', 141000, 'g', null, 111.920207, 36.26855);
insert into bas_area (id, area_level, area_code, area_name, parent_id, letter, baidu_id, longitude, latitude) values (141026, 3, '141026', '安泽县', 141000, 'a', null, 112.251372, 36.146032);
insert into bas_area (id, area_level, area_code, area_name, parent_id, letter, baidu_id, longitude, latitude) values (141027, 3, '141027', '浮山县', 141000, 'f', null, 111.850039, 35.971359);
insert into bas_area (id, area_level, area_code, area_name, parent_id, letter, baidu_id, longitude, latitude) values (141028, 3, '141028', '吉县', 141000, 'j', null, 110.682853, 36.099355);
insert into bas_area (id, area_level, area_code, area_name, parent_id, letter, baidu_id, longitude, latitude) values (141029, 3, '141029', '乡宁县', 141000, 'x', null, 110.857365, 35.975402);
insert into bas_area (id, area_level, area_code, area_name, parent_id, letter, baidu_id, longitude, latitude) values (141030, 3, '141030', '大宁县', 141000, 'd', null, 110.751283, 36.46383);
insert into bas_area (id, area_level, area_code, area_name, parent_id, letter, baidu_id, longitude, latitude) values (141031, 3, '141031', '隰县', 141000, 'x', null, 110.935809, 36.692675);
insert into bas_area (id, area_level, area_code, area_name, parent_id, letter, baidu_id, longitude, latitude) values (141032, 3, '141032', '永和县', 141000, 'y', null, 110.631276, 36.760614);
insert into bas_area (id, area_level, area_code, area_name, parent_id, letter, baidu_id, longitude, latitude) values (141033, 3, '141033', '蒲县', 141000, 'p', null, 111.09733, 36.411682);
insert into bas_area (id, area_level, area_code, area_name, parent_id, letter, baidu_id, longitude, latitude) values (141034, 3, '141034', '汾西县', 141000, 'f', null, 111.563021, 36.653368);
insert into bas_area (id, area_level, area_code, area_name, parent_id, letter, baidu_id, longitude, latitude) values (141081, 3, '141081', '侯马市', 141000, 'h', null, 111.371272, 35.620302);
insert into bas_area (id, area_level, area_code, area_name, parent_id, letter, baidu_id, longitude, latitude) values (141082, 3, '141082', '霍州市', 141000, 'h', null, 111.723103, 36.57202);
insert into bas_area (id, area_level, area_code, area_name, parent_id, letter, baidu_id, longitude, latitude) values (141100, 2, '141100', '吕梁市', 140000, 'l', 327, 111.134335, 37.524366);
insert into bas_area (id, area_level, area_code, area_name, parent_id, letter, baidu_id, longitude, latitude) values (141102, 3, '141102', '离石区', 141100, 'l', null, 111.134462, 37.524037);
insert into bas_area (id, area_level, area_code, area_name, parent_id, letter, baidu_id, longitude, latitude) values (141121, 3, '141121', '文水县', 141100, 'w', null, 112.032595, 37.436314);
insert into bas_area (id, area_level, area_code, area_name, parent_id, letter, baidu_id, longitude, latitude) values (141122, 3, '141122', '交城县', 141100, 'j', null, 112.159154, 37.555155);
insert into bas_area (id, area_level, area_code, area_name, parent_id, letter, baidu_id, longitude, latitude) values (141123, 3, '141123', '兴县', 141100, 'x', null, 111.124816, 38.464136);
insert into bas_area (id, area_level, area_code, area_name, parent_id, letter, baidu_id, longitude, latitude) values (141124, 3, '141124', '临县', 141100, 'l', null, 110.995963, 37.960806);
insert into bas_area (id, area_level, area_code, area_name, parent_id, letter, baidu_id, longitude, latitude) values (141125, 3, '141125', '柳林县', 141100, 'l', null, 110.89613, 37.431664);
insert into bas_area (id, area_level, area_code, area_name, parent_id, letter, baidu_id, longitude, latitude) values (141126, 3, '141126', '石楼县', 141100, 's', null, 110.837119, 36.999426);
insert into bas_area (id, area_level, area_code, area_name, parent_id, letter, baidu_id, longitude, latitude) values (141127, 3, '141127', '岚县', 141100, 'l', null, 111.671555, 38.278654);
insert into bas_area (id, area_level, area_code, area_name, parent_id, letter, baidu_id, longitude, latitude) values (141128, 3, '141128', '方山县', 141100, 'f', null, 111.238885, 37.892632);
insert into bas_area (id, area_level, area_code, area_name, parent_id, letter, baidu_id, longitude, latitude) values (141129, 3, '141129', '中阳县', 141100, 'z', null, 111.193319, 37.342054);
insert into bas_area (id, area_level, area_code, area_name, parent_id, letter, baidu_id, longitude, latitude) values (141130, 3, '141130', '交口县', 141100, 'j', null, 111.183188, 36.983068);
insert into bas_area (id, area_level, area_code, area_name, parent_id, letter, baidu_id, longitude, latitude) values (141181, 3, '141181', '孝义市', 141100, 'x', null, 111.781568, 37.144474);
insert into bas_area (id, area_level, area_code, area_name, parent_id, letter, baidu_id, longitude, latitude) values (141182, 3, '141182', '汾阳市', 141100, 'f', null, 111.785273, 37.267742);
insert into bas_area (id, area_level, area_code, area_name, parent_id, letter, baidu_id, longitude, latitude) values (150000, 1, '150000', '内蒙古自治区', null, 'n', null, 111.670801, 40.818311);
insert into bas_area (id, area_level, area_code, area_name, parent_id, letter, baidu_id, longitude, latitude) values (150100, 2, '150100', '呼和浩特市', 150000, 'h', 321, 111.670801, 40.818311);
insert into bas_area (id, area_level, area_code, area_name, parent_id, letter, baidu_id, longitude, latitude) values (150102, 3, '150102', '新城区', 150100, 'x', null, 111.685964, 40.826225);
insert into bas_area (id, area_level, area_code, area_name, parent_id, letter, baidu_id, longitude, latitude) values (150103, 3, '150103', '回民区', 150100, 'h', null, 111.662162, 40.815149);
insert into bas_area (id, area_level, area_code, area_name, parent_id, letter, baidu_id, longitude, latitude) values (150104, 3, '150104', '玉泉区', 150100, 'y', null, 111.66543, 40.799421);
insert into bas_area (id, area_level, area_code, area_name, parent_id, letter, baidu_id, longitude, latitude) values (150105, 3, '150105', '赛罕区', 150100, 's', null, 111.698463, 40.807834);
insert into bas_area (id, area_level, area_code, area_name, parent_id, letter, baidu_id, longitude, latitude) values (150121, 3, '150121', '土默特左旗', 150100, 't', null, 111.133615, 40.720416);
insert into bas_area (id, area_level, area_code, area_name, parent_id, letter, baidu_id, longitude, latitude) values (150122, 3, '150122', '托克托县', 150100, 't', null, 111.197317, 40.276729);
insert into bas_area (id, area_level, area_code, area_name, parent_id, letter, baidu_id, longitude, latitude) values (150123, 3, '150123', '和林格尔县', 150100, 'h', null, 111.824143, 40.380288);
insert into bas_area (id, area_level, area_code, area_name, parent_id, letter, baidu_id, longitude, latitude) values (150124, 3, '150124', '清水河县', 150100, 'q', null, 111.67222, 39.912479);
insert into bas_area (id, area_level, area_code, area_name, parent_id, letter, baidu_id, longitude, latitude) values (150125, 3, '150125', '武川县', 150100, 'w', null, 111.456563, 41.094483);
insert into bas_area (id, area_level, area_code, area_name, parent_id, letter, baidu_id, longitude, latitude) values (150200, 2, '150200', '包头市', 150000, 'b', 229, 109.840405, 40.658168);
insert into bas_area (id, area_level, area_code, area_name, parent_id, letter, baidu_id, longitude, latitude) values (150202, 3, '150202', '东河区', 150200, 'd', null, 110.026895, 40.587056);
insert into bas_area (id, area_level, area_code, area_name, parent_id, letter, baidu_id, longitude, latitude) values (150203, 3, '150203', '昆都仑区', 150200, 'k', null, 109.822932, 40.661345);
insert into bas_area (id, area_level, area_code, area_name, parent_id, letter, baidu_id, longitude, latitude) values (150204, 3, '150204', '青山区', 150200, 'q', null, 109.880049, 40.668558);
insert into bas_area (id, area_level, area_code, area_name, parent_id, letter, baidu_id, longitude, latitude) values (150205, 3, '150205', '石拐区', 150200, 's', null, 110.272565, 40.672094);
insert into bas_area (id, area_level, area_code, area_name, parent_id, letter, baidu_id, longitude, latitude) values (150206, 3, '150206', '白云鄂博矿区', 150200, 'b', null, 109.97016, 41.769246);
insert into bas_area (id, area_level, area_code, area_name, parent_id, letter, baidu_id, longitude, latitude) values (150207, 3, '150207', '九原区', 150200, 'j', null, 109.968122, 40.600581);
insert into bas_area (id, area_level, area_code, area_name, parent_id, letter, baidu_id, longitude, latitude) values (150221, 3, '150221', '土默特右旗', 150200, 't', null, 110.526766, 40.566434);
insert into bas_area (id, area_level, area_code, area_name, parent_id, letter, baidu_id, longitude, latitude) values (150222, 3, '150222', '固阳县', 150200, 'g', null, 110.063421, 41.030004);
insert into bas_area (id, area_level, area_code, area_name, parent_id, letter, baidu_id, longitude, latitude) values (150223, 3, '150223', '达尔罕茂明安联合旗', 150200, 'd', null, 110.438452, 41.702836);
insert into bas_area (id, area_level, area_code, area_name, parent_id, letter, baidu_id, longitude, latitude) values (150300, 2, '150300', '乌海市', 150000, 'w', 123, 106.825563, 39.673734);
insert into bas_area (id, area_level, area_code, area_name, parent_id, letter, baidu_id, longitude, latitude) values (150302, 3, '150302', '海勃湾区', 150300, 'h', null, 106.817762, 39.673527);
insert into bas_area (id, area_level, area_code, area_name, parent_id, letter, baidu_id, longitude, latitude) values (150303, 3, '150303', '海南区', 150300, 'h', null, 106.884789, 39.44153);
insert into bas_area (id, area_level, area_code, area_name, parent_id, letter, baidu_id, longitude, latitude) values (150304, 3, '150304', '乌达区', 150300, 'w', null, 106.722711, 39.502288);
insert into bas_area (id, area_level, area_code, area_name, parent_id, letter, baidu_id, longitude, latitude) values (150400, 2, '150400', '赤峰市', 150000, 'c', 297, 118.956806, 42.275317);
insert into bas_area (id, area_level, area_code, area_name, parent_id, letter, baidu_id, longitude, latitude) values (150402, 3, '150402', '红山区', 150400, 'h', null, 118.961087, 42.269732);
insert into bas_area (id, area_level, area_code, area_name, parent_id, letter, baidu_id, longitude, latitude) values (150403, 3, '150403', '元宝山区', 150400, 'y', null, 119.289877, 42.041168);
insert into bas_area (id, area_level, area_code, area_name, parent_id, letter, baidu_id, longitude, latitude) values (150404, 3, '150404', '松山区', 150400, 's', null, 118.938958, 42.281046);
insert into bas_area (id, area_level, area_code, area_name, parent_id, letter, baidu_id, longitude, latitude) values (150421, 3, '150421', '阿鲁科尔沁旗', 150400, 'a', null, 120.094969, 43.87877);
insert into bas_area (id, area_level, area_code, area_name, parent_id, letter, baidu_id, longitude, latitude) values (150422, 3, '150422', '巴林左旗', 150400, 'b', null, 119.391737, 43.980715);
insert into bas_area (id, area_level, area_code, area_name, parent_id, letter, baidu_id, longitude, latitude) values (150423, 3, '150423', '巴林右旗', 150400, 'b', null, 118.678347, 43.528963);
insert into bas_area (id, area_level, area_code, area_name, parent_id, letter, baidu_id, longitude, latitude) values (150424, 3, '150424', '林西县', 150400, 'l', null, 118.05775, 43.605326);
insert into bas_area (id, area_level, area_code, area_name, parent_id, letter, baidu_id, longitude, latitude) values (150425, 3, '150425', '克什克腾旗', 150400, 'k', null, 117.542465, 43.256233);
insert into bas_area (id, area_level, area_code, area_name, parent_id, letter, baidu_id, longitude, latitude) values (150426, 3, '150426', '翁牛特旗', 150400, 'w', null, 119.022619, 42.937128);
insert into bas_area (id, area_level, area_code, area_name, parent_id, letter, baidu_id, longitude, latitude) values (150428, 3, '150428', '喀喇沁旗', 150400, 'k', null, 118.708572, 41.92778);
insert into bas_area (id, area_level, area_code, area_name, parent_id, letter, baidu_id, longitude, latitude) values (150429, 3, '150429', '宁城县', 150400, 'n', null, 119.339242, 41.598692);
insert into bas_area (id, area_level, area_code, area_name, parent_id, letter, baidu_id, longitude, latitude) values (150430, 3, '150430', '敖汉旗', 150400, 'a', null, 119.906486, 42.287012);
insert into bas_area (id, area_level, area_code, area_name, parent_id, letter, baidu_id, longitude, latitude) values (150500, 2, '150500', '通辽市', 150000, 't', 64, 122.263119, 43.617429);
insert into bas_area (id, area_level, area_code, area_name, parent_id, letter, baidu_id, longitude, latitude) values (150502, 3, '150502', '科尔沁区', 150500, 'k', null, 122.264042, 43.617422);
insert into bas_area (id, area_level, area_code, area_name, parent_id, letter, baidu_id, longitude, latitude) values (150521, 3, '150521', '科尔沁左翼中旗', 150500, 'k', null, 123.313873, 44.127166);
insert into bas_area (id, area_level, area_code, area_name, parent_id, letter, baidu_id, longitude, latitude) values (150522, 3, '150522', '科尔沁左翼后旗', 150500, 'k', null, 122.355155, 42.954564);
insert into bas_area (id, area_level, area_code, area_name, parent_id, letter, baidu_id, longitude, latitude) values (150523, 3, '150523', '开鲁县', 150500, 'k', null, 121.308797, 43.602432);
insert into bas_area (id, area_level, area_code, area_name, parent_id, letter, baidu_id, longitude, latitude) values (150524, 3, '150524', '库伦旗', 150500, 'k', null, 121.774886, 42.734692);
insert into bas_area (id, area_level, area_code, area_name, parent_id, letter, baidu_id, longitude, latitude) values (150525, 3, '150525', '奈曼旗', 150500, 'n', null, 120.662543, 42.84685);
insert into bas_area (id, area_level, area_code, area_name, parent_id, letter, baidu_id, longitude, latitude) values (150526, 3, '150526', '扎鲁特旗', 150500, 'z', null, 120.905275, 44.555294);
insert into bas_area (id, area_level, area_code, area_name, parent_id, letter, baidu_id, longitude, latitude) values (150581, 3, '150581', '霍林郭勒市', 150500, 'h', null, 119.657862, 45.532361);
insert into bas_area (id, area_level, area_code, area_name, parent_id, letter, baidu_id, longitude, latitude) values (150600, 2, '150600', '鄂尔多斯市', 150000, 'e', 283, 109.99029, 39.817179);
insert into bas_area (id, area_level, area_code, area_name, parent_id, letter, baidu_id, longitude, latitude) values (150602, 3, '150602', '东胜区', 150600, 'd', null, 109.98945, 39.81788);
insert into bas_area (id, area_level, area_code, area_name, parent_id, letter, baidu_id, longitude, latitude) values (150603, 3, '150603', '康巴什区', 150600, 'k', null, 100.245133, 25.603984);
insert into bas_area (id, area_level, area_code, area_name, parent_id, letter, baidu_id, longitude, latitude) values (150621, 3, '150621', '达拉特旗', 150600, 'd', null, 110.040281, 40.404076);
insert into bas_area (id, area_level, area_code, area_name, parent_id, letter, baidu_id, longitude, latitude) values (150622, 3, '150622', '准格尔旗', 150600, 'z', null, 111.238332, 39.865221);
insert into bas_area (id, area_level, area_code, area_name, parent_id, letter, baidu_id, longitude, latitude) values (150623, 3, '150623', '鄂托克前旗', 150600, 'e', null, 107.48172, 38.183257);
insert into bas_area (id, area_level, area_code, area_name, parent_id, letter, baidu_id, longitude, latitude) values (150624, 3, '150624', '鄂托克旗', 150600, 'e', null, 107.982604, 39.095752);
insert into bas_area (id, area_level, area_code, area_name, parent_id, letter, baidu_id, longitude, latitude) values (150625, 3, '150625', '杭锦旗', 150600, 'h', null, 108.736324, 39.831789);
insert into bas_area (id, area_level, area_code, area_name, parent_id, letter, baidu_id, longitude, latitude) values (150626, 3, '150626', '乌审旗', 150600, 'w', null, 108.842454, 38.596611);
insert into bas_area (id, area_level, area_code, area_name, parent_id, letter, baidu_id, longitude, latitude) values (150627, 3, '150627', '伊金霍洛旗', 150600, 'y', null, 109.787402, 39.604312);
insert into bas_area (id, area_level, area_code, area_name, parent_id, letter, baidu_id, longitude, latitude) values (150700, 2, '150700', '呼伦贝尔市', 150000, 'h', 61, 119.758168, 49.215333);
insert into bas_area (id, area_level, area_code, area_name, parent_id, letter, baidu_id, longitude, latitude) values (150702, 3, '150702', '海拉尔区', 150700, 'h', null, 119.764923, 49.213889);
insert into bas_area (id, area_level, area_code, area_name, parent_id, letter, baidu_id, longitude, latitude) values (150703, 3, '150703', '扎赉诺尔区', 150700, 'z', null, 117.716373, 49.456567);
insert into bas_area (id, area_level, area_code, area_name, parent_id, letter, baidu_id, longitude, latitude) values (150721, 3, '150721', '阿荣旗', 150700, 'a', null, 123.464615, 48.130503);
insert into bas_area (id, area_level, area_code, area_name, parent_id, letter, baidu_id, longitude, latitude) values (150722, 3, '150722', '莫力达瓦达斡尔族自治旗', 150700, 'm', null, 124.507401, 48.478385);
insert into bas_area (id, area_level, area_code, area_name, parent_id, letter, baidu_id, longitude, latitude) values (150723, 3, '150723', '鄂伦春自治旗', 150700, 'e', null, 123.725684, 50.590177);
insert into bas_area (id, area_level, area_code, area_name, parent_id, letter, baidu_id, longitude, latitude) values (150724, 3, '150724', '鄂温克族自治旗', 150700, 'e', null, 119.754041, 49.143293);
insert into bas_area (id, area_level, area_code, area_name, parent_id, letter, baidu_id, longitude, latitude) values (150725, 3, '150725', '陈巴尔虎旗', 150700, 'c', null, 119.437609, 49.328422);
insert into bas_area (id, area_level, area_code, area_name, parent_id, letter, baidu_id, longitude, latitude) values (150726, 3, '150726', '新巴尔虎左旗', 150700, 'x', null, 118.267454, 48.216571);
insert into bas_area (id, area_level, area_code, area_name, parent_id, letter, baidu_id, longitude, latitude) values (150727, 3, '150727', '新巴尔虎右旗', 150700, 'x', null, 116.825991, 48.669134);
insert into bas_area (id, area_level, area_code, area_name, parent_id, letter, baidu_id, longitude, latitude) values (150781, 3, '150781', '满洲里市', 150700, 'm', null, 117.455561, 49.590788);
insert into bas_area (id, area_level, area_code, area_name, parent_id, letter, baidu_id, longitude, latitude) values (150782, 3, '150782', '牙克石市', 150700, 'y', null, 120.729005, 49.287024);
insert into bas_area (id, area_level, area_code, area_name, parent_id, letter, baidu_id, longitude, latitude) values (150783, 3, '150783', '扎兰屯市', 150700, 'z', null, 122.744401, 48.007412);
insert into bas_area (id, area_level, area_code, area_name, parent_id, letter, baidu_id, longitude, latitude) values (150784, 3, '150784', '额尔古纳市', 150700, 'e', null, 120.178636, 50.2439);
insert into bas_area (id, area_level, area_code, area_name, parent_id, letter, baidu_id, longitude, latitude) values (150785, 3, '150785', '根河市', 150700, 'g', null, 121.532724, 50.780454);
insert into bas_area (id, area_level, area_code, area_name, parent_id, letter, baidu_id, longitude, latitude) values (150800, 2, '150800', '巴彦淖尔市', 150000, 'b', 169, 107.416959, 40.757402);
insert into bas_area (id, area_level, area_code, area_name, parent_id, letter, baidu_id, longitude, latitude) values (150802, 3, '150802', '临河区', 150800, 'l', null, 107.417018, 40.757092);
insert into bas_area (id, area_level, area_code, area_name, parent_id, letter, baidu_id, longitude, latitude) values (150821, 3, '150821', '五原县', 150800, 'w', null, 108.270658, 41.097639);
insert into bas_area (id, area_level, area_code, area_name, parent_id, letter, baidu_id, longitude, latitude) values (150822, 3, '150822', '磴口县', 150800, 'd', null, 107.006056, 40.330479);
insert into bas_area (id, area_level, area_code, area_name, parent_id, letter, baidu_id, longitude, latitude) values (150823, 3, '150823', '乌拉特前旗', 150800, 'w', null, 108.656816, 40.725209);
insert into bas_area (id, area_level, area_code, area_name, parent_id, letter, baidu_id, longitude, latitude) values (150824, 3, '150824', '乌拉特中旗', 150800, 'w', null, 108.515255, 41.57254);
insert into bas_area (id, area_level, area_code, area_name, parent_id, letter, baidu_id, longitude, latitude) values (150825, 3, '150825', '乌拉特后旗', 150800, 'w', null, 107.074941, 41.084307);
insert into bas_area (id, area_level, area_code, area_name, parent_id, letter, baidu_id, longitude, latitude) values (150826, 3, '150826', '杭锦后旗', 150800, 'h', null, 107.147682, 40.888797);
insert into bas_area (id, area_level, area_code, area_name, parent_id, letter, baidu_id, longitude, latitude) values (150900, 2, '150900', '乌兰察布市', 150000, 'w', 168, 113.114543, 41.034126);
insert into bas_area (id, area_level, area_code, area_name, parent_id, letter, baidu_id, longitude, latitude) values (150902, 3, '150902', '集宁区', 150900, 'j', null, 113.116453, 41.034134);
insert into bas_area (id, area_level, area_code, area_name, parent_id, letter, baidu_id, longitude, latitude) values (150921, 3, '150921', '卓资县', 150900, 'z', null, 112.577702, 40.89576);
insert into bas_area (id, area_level, area_code, area_name, parent_id, letter, baidu_id, longitude, latitude) values (150922, 3, '150922', '化德县', 150900, 'h', null, 114.01008, 41.899335);
insert into bas_area (id, area_level, area_code, area_name, parent_id, letter, baidu_id, longitude, latitude) values (150923, 3, '150923', '商都县', 150900, 's', null, 113.560643, 41.560163);
insert into bas_area (id, area_level, area_code, area_name, parent_id, letter, baidu_id, longitude, latitude) values (150924, 3, '150924', '兴和县', 150900, 'x', null, 113.834009, 40.872437);
insert into bas_area (id, area_level, area_code, area_name, parent_id, letter, baidu_id, longitude, latitude) values (150925, 3, '150925', '凉城县', 150900, 'l', null, 112.500911, 40.531627);
insert into bas_area (id, area_level, area_code, area_name, parent_id, letter, baidu_id, longitude, latitude) values (150926, 3, '150926', '察哈尔右翼前旗', 150900, 'c', null, 113.211958, 40.786859);
insert into bas_area (id, area_level, area_code, area_name, parent_id, letter, baidu_id, longitude, latitude) values (150927, 3, '150927', '察哈尔右翼中旗', 150900, 'c', null, 112.633563, 41.274212);
insert into bas_area (id, area_level, area_code, area_name, parent_id, letter, baidu_id, longitude, latitude) values (150928, 3, '150928', '察哈尔右翼后旗', 150900, 'c', null, 113.1906, 41.447213);
insert into bas_area (id, area_level, area_code, area_name, parent_id, letter, baidu_id, longitude, latitude) values (150929, 3, '150929', '四子王旗', 150900, 's', null, 111.70123, 41.528114);
insert into bas_area (id, area_level, area_code, area_name, parent_id, letter, baidu_id, longitude, latitude) values (150981, 3, '150981', '丰镇市', 150900, 'f', null, 113.163462, 40.437534);
insert into bas_area (id, area_level, area_code, area_name, parent_id, letter, baidu_id, longitude, latitude) values (152200, 2, '152200', '兴安盟', 150000, 'x', 62, 122.070317, 46.076268);
insert into bas_area (id, area_level, area_code, area_name, parent_id, letter, baidu_id, longitude, latitude) values (152201, 3, '152201', '乌兰浩特市', 152200, 'w', null, 122.068975, 46.077238);
insert into bas_area (id, area_level, area_code, area_name, parent_id, letter, baidu_id, longitude, latitude) values (152202, 3, '152202', '阿尔山市', 152200, 'a', null, 119.943656, 47.177);
insert into bas_area (id, area_level, area_code, area_name, parent_id, letter, baidu_id, longitude, latitude) values (152221, 3, '152221', '科尔沁右翼前旗', 152200, 'k', null, 121.957544, 46.076497);
insert into bas_area (id, area_level, area_code, area_name, parent_id, letter, baidu_id, longitude, latitude) values (152222, 3, '152222', '科尔沁右翼中旗', 152200, 'k', null, 121.472818, 45.059645);
insert into bas_area (id, area_level, area_code, area_name, parent_id, letter, baidu_id, longitude, latitude) values (152223, 3, '152223', '扎赉特旗', 152200, 'z', null, 122.909332, 46.725136);
insert into bas_area (id, area_level, area_code, area_name, parent_id, letter, baidu_id, longitude, latitude) values (152224, 3, '152224', '突泉县', 152200, 't', null, 121.564856, 45.380986);
insert into bas_area (id, area_level, area_code, area_name, parent_id, letter, baidu_id, longitude, latitude) values (152500, 2, '152500', '锡林郭勒盟', 150000, 'x', 63, 116.090996, 43.944018);
insert into bas_area (id, area_level, area_code, area_name, parent_id, letter, baidu_id, longitude, latitude) values (152501, 3, '152501', '二连浩特市', 152500, 'e', null, 111.97981, 43.652895);
insert into bas_area (id, area_level, area_code, area_name, parent_id, letter, baidu_id, longitude, latitude) values (152502, 3, '152502', '锡林浩特市', 152500, 'x', null, 116.091903, 43.944301);
insert into bas_area (id, area_level, area_code, area_name, parent_id, letter, baidu_id, longitude, latitude) values (152522, 3, '152522', '阿巴嘎旗', 152500, 'a', null, 114.970618, 44.022728);
insert into bas_area (id, area_level, area_code, area_name, parent_id, letter, baidu_id, longitude, latitude) values (152523, 3, '152523', '苏尼特左旗', 152500, 's', null, 113.653412, 43.854108);
insert into bas_area (id, area_level, area_code, area_name, parent_id, letter, baidu_id, longitude, latitude) values (152524, 3, '152524', '苏尼特右旗', 152500, 's', null, 112.65539, 42.746662);
insert into bas_area (id, area_level, area_code, area_name, parent_id, letter, baidu_id, longitude, latitude) values (152525, 3, '152525', '东乌珠穆沁旗', 152500, 'd', null, 116.980022, 45.510307);
insert into bas_area (id, area_level, area_code, area_name, parent_id, letter, baidu_id, longitude, latitude) values (152526, 3, '152526', '西乌珠穆沁旗', 152500, 'x', null, 117.615249, 44.586147);
insert into bas_area (id, area_level, area_code, area_name, parent_id, letter, baidu_id, longitude, latitude) values (152527, 3, '152527', '太仆寺旗', 152500, 't', null, 115.28728, 41.895199);
insert into bas_area (id, area_level, area_code, area_name, parent_id, letter, baidu_id, longitude, latitude) values (152528, 3, '152528', '镶黄旗', 152500, 'x', null, 113.843869, 42.239229);
insert into bas_area (id, area_level, area_code, area_name, parent_id, letter, baidu_id, longitude, latitude) values (152529, 3, '152529', '正镶白旗', 152500, 'z', null, 115.031423, 42.286807);
insert into bas_area (id, area_level, area_code, area_name, parent_id, letter, baidu_id, longitude, latitude) values (152530, 3, '152530', '正蓝旗', 152500, 'z', null, 116.003311, 42.245895);
insert into bas_area (id, area_level, area_code, area_name, parent_id, letter, baidu_id, longitude, latitude) values (152531, 3, '152531', '多伦县', 152500, 'd', null, 116.477288, 42.197962);
insert into bas_area (id, area_level, area_code, area_name, parent_id, letter, baidu_id, longitude, latitude) values (152900, 2, '152900', '阿拉善盟', 150000, 'a', 230, 105.706422, 38.844814);
insert into bas_area (id, area_level, area_code, area_name, parent_id, letter, baidu_id, longitude, latitude) values (152921, 3, '152921', '阿拉善左旗', 152900, 'a', null, 105.70192, 38.847241);
insert into bas_area (id, area_level, area_code, area_name, parent_id, letter, baidu_id, longitude, latitude) values (152922, 3, '152922', '阿拉善右旗', 152900, 'a', null, 101.671984, 39.21159);
insert into bas_area (id, area_level, area_code, area_name, parent_id, letter, baidu_id, longitude, latitude) values (152923, 3, '152923', '额济纳旗', 152900, 'e', null, 101.06944, 41.958813);
insert into bas_area (id, area_level, area_code, area_name, parent_id, letter, baidu_id, longitude, latitude) values (210000, 1, '210000', '辽宁省', null, 'l', null, 123.429096, 41.796767);
insert into bas_area (id, area_level, area_code, area_name, parent_id, letter, baidu_id, longitude, latitude) values (210100, 2, '210100', '沈阳市', 210000, 's', 58, 123.429096, 41.796767);
insert into bas_area (id, area_level, area_code, area_name, parent_id, letter, baidu_id, longitude, latitude) values (210102, 3, '210102', '和平区', 210100, 'h', null, 123.406664, 41.788074);
insert into bas_area (id, area_level, area_code, area_name, parent_id, letter, baidu_id, longitude, latitude) values (210103, 3, '210103', '沈河区', 210100, 's', null, 123.445696, 41.795591);
insert into bas_area (id, area_level, area_code, area_name, parent_id, letter, baidu_id, longitude, latitude) values (210104, 3, '210104', '大东区', 210100, 'd', null, 123.469956, 41.808503);
insert into bas_area (id, area_level, area_code, area_name, parent_id, letter, baidu_id, longitude, latitude) values (210105, 3, '210105', '皇姑区', 210100, 'h', null, 123.405677, 41.822336);
insert into bas_area (id, area_level, area_code, area_name, parent_id, letter, baidu_id, longitude, latitude) values (210106, 3, '210106', '铁西区', 210100, 't', null, 123.350664, 41.787808);
insert into bas_area (id, area_level, area_code, area_name, parent_id, letter, baidu_id, longitude, latitude) values (210111, 3, '210111', '苏家屯区', 210100, 's', null, 123.341604, 41.665904);
insert into bas_area (id, area_level, area_code, area_name, parent_id, letter, baidu_id, longitude, latitude) values (210112, 3, '210112', '浑南区', 210100, 'h', null, 123.458981, 41.741946);
insert into bas_area (id, area_level, area_code, area_name, parent_id, letter, baidu_id, longitude, latitude) values (210113, 3, '210113', '沈北新区', 210100, 's', null, 123.521471, 42.052312);
insert into bas_area (id, area_level, area_code, area_name, parent_id, letter, baidu_id, longitude, latitude) values (210114, 3, '210114', '于洪区', 210100, 'y', null, 123.310829, 41.795833);
insert into bas_area (id, area_level, area_code, area_name, parent_id, letter, baidu_id, longitude, latitude) values (210115, 3, '210115', '辽中区', 210100, 'l', null, 122.778871, 41.56686);
insert into bas_area (id, area_level, area_code, area_name, parent_id, letter, baidu_id, longitude, latitude) values (210123, 3, '210123', '康平县', 210100, 'k', null, 123.352703, 42.741533);
insert into bas_area (id, area_level, area_code, area_name, parent_id, letter, baidu_id, longitude, latitude) values (210124, 3, '210124', '法库县', 210100, 'f', null, 123.416722, 42.507045);
insert into bas_area (id, area_level, area_code, area_name, parent_id, letter, baidu_id, longitude, latitude) values (210181, 3, '210181', '新民市', 210100, 'x', null, 122.828868, 41.996508);
insert into bas_area (id, area_level, area_code, area_name, parent_id, letter, baidu_id, longitude, latitude) values (210200, 2, '210200', '大连市', 210000, 'd', 167, 121.618622, 38.91459);
insert into bas_area (id, area_level, area_code, area_name, parent_id, letter, baidu_id, longitude, latitude) values (210202, 3, '210202', '中山区', 210200, 'z', null, 121.64376, 38.921553);
insert into bas_area (id, area_level, area_code, area_name, parent_id, letter, baidu_id, longitude, latitude) values (210203, 3, '210203', '西岗区', 210200, 'x', null, 121.616112, 38.914266);
insert into bas_area (id, area_level, area_code, area_name, parent_id, letter, baidu_id, longitude, latitude) values (210204, 3, '210204', '沙河口区', 210200, 's', null, 121.593702, 38.912859);
insert into bas_area (id, area_level, area_code, area_name, parent_id, letter, baidu_id, longitude, latitude) values (210211, 3, '210211', '甘井子区', 210200, 'g', null, 121.582614, 38.975148);
insert into bas_area (id, area_level, area_code, area_name, parent_id, letter, baidu_id, longitude, latitude) values (210212, 3, '210212', '旅顺口区', 210200, 'l', null, 121.26713, 38.812043);
insert into bas_area (id, area_level, area_code, area_name, parent_id, letter, baidu_id, longitude, latitude) values (210213, 3, '210213', '金州区', 210200, 'j', null, 121.789413, 39.052745);
insert into bas_area (id, area_level, area_code, area_name, parent_id, letter, baidu_id, longitude, latitude) values (210214, 3, '210214', '普兰店区', 210200, 'p', null, 122.274256, 39.620006);
insert into bas_area (id, area_level, area_code, area_name, parent_id, letter, baidu_id, longitude, latitude) values (210224, 3, '210224', '长海县', 210200, 'z', null, 122.587824, 39.272399);
insert into bas_area (id, area_level, area_code, area_name, parent_id, letter, baidu_id, longitude, latitude) values (210281, 3, '210281', '瓦房店市', 210200, 'w', null, 122.002656, 39.63065);
insert into bas_area (id, area_level, area_code, area_name, parent_id, letter, baidu_id, longitude, latitude) values (210283, 3, '210283', '庄河市', 210200, 'z', null, 122.970612, 39.69829);
insert into bas_area (id, area_level, area_code, area_name, parent_id, letter, baidu_id, longitude, latitude) values (210300, 2, '210300', '鞍山市', 210000, 'a', 320, 122.995632, 41.110626);
insert into bas_area (id, area_level, area_code, area_name, parent_id, letter, baidu_id, longitude, latitude) values (210302, 3, '210302', '铁东区', 210300, 't', null, 122.994475, 41.110344);
insert into bas_area (id, area_level, area_code, area_name, parent_id, letter, baidu_id, longitude, latitude) values (210303, 3, '210303', '铁西区', 210300, 't', null, 122.971834, 41.11069);
insert into bas_area (id, area_level, area_code, area_name, parent_id, letter, baidu_id, longitude, latitude) values (210304, 3, '210304', '立山区', 210300, 'l', null, 123.024806, 41.150622);
insert into bas_area (id, area_level, area_code, area_name, parent_id, letter, baidu_id, longitude, latitude) values (210311, 3, '210311', '千山区', 210300, 'q', null, 122.949298, 41.068909);
insert into bas_area (id, area_level, area_code, area_name, parent_id, letter, baidu_id, longitude, latitude) values (210321, 3, '210321', '台安县', 210300, 't', null, 122.429736, 41.38686);
insert into bas_area (id, area_level, area_code, area_name, parent_id, letter, baidu_id, longitude, latitude) values (210323, 3, '210323', '岫岩满族自治县', 210300, 'x', null, 123.28833, 40.281509);
insert into bas_area (id, area_level, area_code, area_name, parent_id, letter, baidu_id, longitude, latitude) values (210381, 3, '210381', '海城市', 210300, 'h', null, 122.752199, 40.852533);
insert into bas_area (id, area_level, area_code, area_name, parent_id, letter, baidu_id, longitude, latitude) values (210400, 2, '210400', '抚顺市', 210000, 'f', 184, 123.921109, 41.875956);
insert into bas_area (id, area_level, area_code, area_name, parent_id, letter, baidu_id, longitude, latitude) values (210402, 3, '210402', '新抚区', 210400, 'x', null, 123.902858, 41.86082);
insert into bas_area (id, area_level, area_code, area_name, parent_id, letter, baidu_id, longitude, latitude) values (210403, 3, '210403', '东洲区', 210400, 'd', null, 124.047219, 41.866829);
insert into bas_area (id, area_level, area_code, area_name, parent_id, letter, baidu_id, longitude, latitude) values (210404, 3, '210404', '望花区', 210400, 'w', null, 123.801509, 41.851803);
insert into bas_area (id, area_level, area_code, area_name, parent_id, letter, baidu_id, longitude, latitude) values (210411, 3, '210411', '顺城区', 210400, 's', null, 123.917165, 41.881132);
insert into bas_area (id, area_level, area_code, area_name, parent_id, letter, baidu_id, longitude, latitude) values (210421, 3, '210421', '抚顺县', 210400, 'f', null, 124.097979, 41.922644);
insert into bas_area (id, area_level, area_code, area_name, parent_id, letter, baidu_id, longitude, latitude) values (210422, 3, '210422', '新宾满族自治县', 210400, 'x', null, 125.037547, 41.732456);
insert into bas_area (id, area_level, area_code, area_name, parent_id, letter, baidu_id, longitude, latitude) values (210423, 3, '210423', '清原满族自治县', 210400, 'q', null, 124.927192, 42.10135);
insert into bas_area (id, area_level, area_code, area_name, parent_id, letter, baidu_id, longitude, latitude) values (210500, 2, '210500', '本溪市', 210000, 'b', 227, 123.770519, 41.297909);
insert into bas_area (id, area_level, area_code, area_name, parent_id, letter, baidu_id, longitude, latitude) values (210502, 3, '210502', '平山区', 210500, 'p', null, 123.761231, 41.291581);
insert into bas_area (id, area_level, area_code, area_name, parent_id, letter, baidu_id, longitude, latitude) values (210503, 3, '210503', '溪湖区', 210500, 'x', null, 123.765226, 41.330056);
insert into bas_area (id, area_level, area_code, area_name, parent_id, letter, baidu_id, longitude, latitude) values (210504, 3, '210504', '明山区', 210500, 'm', null, 123.763288, 41.302429);
insert into bas_area (id, area_level, area_code, area_name, parent_id, letter, baidu_id, longitude, latitude) values (210505, 3, '210505', '南芬区', 210500, 'n', null, 123.748381, 41.104093);
insert into bas_area (id, area_level, area_code, area_name, parent_id, letter, baidu_id, longitude, latitude) values (210521, 3, '210521', '本溪满族自治县', 210500, 'b', null, 124.126156, 41.300344);
insert into bas_area (id, area_level, area_code, area_name, parent_id, letter, baidu_id, longitude, latitude) values (210522, 3, '210522', '桓仁满族自治县', 210500, 'h', null, 125.359195, 41.268997);
insert into bas_area (id, area_level, area_code, area_name, parent_id, letter, baidu_id, longitude, latitude) values (210600, 2, '210600', '丹东市', 210000, 'd', 282, 124.383044, 40.124296);
insert into bas_area (id, area_level, area_code, area_name, parent_id, letter, baidu_id, longitude, latitude) values (210602, 3, '210602', '元宝区', 210600, 'y', null, 124.397814, 40.136483);
insert into bas_area (id, area_level, area_code, area_name, parent_id, letter, baidu_id, longitude, latitude) values (210603, 3, '210603', '振兴区', 210600, 'z', null, 124.361153, 40.102801);
insert into bas_area (id, area_level, area_code, area_name, parent_id, letter, baidu_id, longitude, latitude) values (210604, 3, '210604', '振安区', 210600, 'z', null, 124.427709, 40.158557);
insert into bas_area (id, area_level, area_code, area_name, parent_id, letter, baidu_id, longitude, latitude) values (210624, 3, '210624', '宽甸满族自治县', 210600, 'k', null, 124.784867, 40.730412);
insert into bas_area (id, area_level, area_code, area_name, parent_id, letter, baidu_id, longitude, latitude) values (210681, 3, '210681', '东港市', 210600, 'd', null, 124.149437, 39.883467);
insert into bas_area (id, area_level, area_code, area_name, parent_id, letter, baidu_id, longitude, latitude) values (210682, 3, '210682', '凤城市', 210600, 'f', null, 124.071067, 40.457567);
insert into bas_area (id, area_level, area_code, area_name, parent_id, letter, baidu_id, longitude, latitude) values (210700, 2, '210700', '锦州市', 210000, 'j', 166, 121.135742, 41.119269);
insert into bas_area (id, area_level, area_code, area_name, parent_id, letter, baidu_id, longitude, latitude) values (210702, 3, '210702', '古塔区', 210700, 'g', null, 121.130085, 41.115719);
insert into bas_area (id, area_level, area_code, area_name, parent_id, letter, baidu_id, longitude, latitude) values (210703, 3, '210703', '凌河区', 210700, 'l', null, 121.151304, 41.114662);
insert into bas_area (id, area_level, area_code, area_name, parent_id, letter, baidu_id, longitude, latitude) values (210711, 3, '210711', '太和区', 210700, 't', null, 121.107297, 41.105378);
insert into bas_area (id, area_level, area_code, area_name, parent_id, letter, baidu_id, longitude, latitude) values (210726, 3, '210726', '黑山县', 210700, 'h', null, 122.117915, 41.691804);
insert into bas_area (id, area_level, area_code, area_name, parent_id, letter, baidu_id, longitude, latitude) values (210727, 3, '210727', '义县', 210700, 'y', null, 121.242831, 41.537224);
insert into bas_area (id, area_level, area_code, area_name, parent_id, letter, baidu_id, longitude, latitude) values (210781, 3, '210781', '凌海市', 210700, 'l', null, 121.364236, 41.171738);
insert into bas_area (id, area_level, area_code, area_name, parent_id, letter, baidu_id, longitude, latitude) values (210782, 3, '210782', '北镇市', 210700, 'b', null, 121.795962, 41.598764);
insert into bas_area (id, area_level, area_code, area_name, parent_id, letter, baidu_id, longitude, latitude) values (210800, 2, '210800', '营口市', 210000, 'y', 281, 122.235151, 40.667432);
insert into bas_area (id, area_level, area_code, area_name, parent_id, letter, baidu_id, longitude, latitude) values (210802, 3, '210802', '站前区', 210800, 'z', null, 122.253235, 40.669949);
insert into bas_area (id, area_level, area_code, area_name, parent_id, letter, baidu_id, longitude, latitude) values (210803, 3, '210803', '西市区', 210800, 'x', null, 122.210067, 40.663086);
insert into bas_area (id, area_level, area_code, area_name, parent_id, letter, baidu_id, longitude, latitude) values (210804, 3, '210804', '鲅鱼圈区', 210800, 'b', null, 122.127242, 40.263646);
insert into bas_area (id, area_level, area_code, area_name, parent_id, letter, baidu_id, longitude, latitude) values (210811, 3, '210811', '老边区', 210800, 'l', null, 122.382584, 40.682723);
insert into bas_area (id, area_level, area_code, area_name, parent_id, letter, baidu_id, longitude, latitude) values (210881, 3, '210881', '盖州市', 210800, 'g', null, 122.355534, 40.405234);
insert into bas_area (id, area_level, area_code, area_name, parent_id, letter, baidu_id, longitude, latitude) values (210882, 3, '210882', '大石桥市', 210800, 'd', null, 122.505894, 40.633973);
insert into bas_area (id, area_level, area_code, area_name, parent_id, letter, baidu_id, longitude, latitude) values (210900, 2, '210900', '阜新市', 210000, 'f', 59, 121.648962, 42.011796);
insert into bas_area (id, area_level, area_code, area_name, parent_id, letter, baidu_id, longitude, latitude) values (210902, 3, '210902', '海州区', 210900, 'h', null, 121.657639, 42.011162);
insert into bas_area (id, area_level, area_code, area_name, parent_id, letter, baidu_id, longitude, latitude) values (210903, 3, '210903', '新邱区', 210900, 'x', null, 121.790541, 42.086603);
insert into bas_area (id, area_level, area_code, area_name, parent_id, letter, baidu_id, longitude, latitude) values (210904, 3, '210904', '太平区', 210900, 't', null, 121.677575, 42.011145);
insert into bas_area (id, area_level, area_code, area_name, parent_id, letter, baidu_id, longitude, latitude) values (210905, 3, '210905', '清河门区', 210900, 'q', null, 121.42018, 41.780477);
insert into bas_area (id, area_level, area_code, area_name, parent_id, letter, baidu_id, longitude, latitude) values (210911, 3, '210911', '细河区', 210900, 'x', null, 121.654791, 42.019218);
insert into bas_area (id, area_level, area_code, area_name, parent_id, letter, baidu_id, longitude, latitude) values (210921, 3, '210921', '阜新蒙古族自治县', 210900, 'f', null, 121.743125, 42.058607);
insert into bas_area (id, area_level, area_code, area_name, parent_id, letter, baidu_id, longitude, latitude) values (210922, 3, '210922', '彰武县', 210900, 'z', null, 122.537444, 42.384823);
insert into bas_area (id, area_level, area_code, area_name, parent_id, letter, baidu_id, longitude, latitude) values (211000, 2, '211000', '辽阳市', 210000, 'l', 351, 123.18152, 41.269402);
insert into bas_area (id, area_level, area_code, area_name, parent_id, letter, baidu_id, longitude, latitude) values (211002, 3, '211002', '白塔区', 211000, 'b', null, 123.172611, 41.26745);
insert into bas_area (id, area_level, area_code, area_name, parent_id, letter, baidu_id, longitude, latitude) values (211003, 3, '211003', '文圣区', 211000, 'w', null, 123.188227, 41.266765);
insert into bas_area (id, area_level, area_code, area_name, parent_id, letter, baidu_id, longitude, latitude) values (211004, 3, '211004', '宏伟区', 211000, 'h', null, 123.200461, 41.205747);
insert into bas_area (id, area_level, area_code, area_name, parent_id, letter, baidu_id, longitude, latitude) values (211005, 3, '211005', '弓长岭区', 211000, 'g', null, 123.431633, 41.157831);
insert into bas_area (id, area_level, area_code, area_name, parent_id, letter, baidu_id, longitude, latitude) values (211011, 3, '211011', '太子河区', 211000, 't', null, 123.185336, 41.251682);
insert into bas_area (id, area_level, area_code, area_name, parent_id, letter, baidu_id, longitude, latitude) values (211021, 3, '211021', '辽阳县', 211000, 'l', null, 123.079674, 41.216479);
insert into bas_area (id, area_level, area_code, area_name, parent_id, letter, baidu_id, longitude, latitude) values (211081, 3, '211081', '灯塔市', 211000, 'd', null, 123.325864, 41.427836);
insert into bas_area (id, area_level, area_code, area_name, parent_id, letter, baidu_id, longitude, latitude) values (211100, 2, '211100', '盘锦市', 210000, 'p', 228, 122.06957, 41.124484);
insert into bas_area (id, area_level, area_code, area_name, parent_id, letter, baidu_id, longitude, latitude) values (211102, 3, '211102', '双台子区', 211100, 's', null, 122.055733, 41.190365);
insert into bas_area (id, area_level, area_code, area_name, parent_id, letter, baidu_id, longitude, latitude) values (211103, 3, '211103', '兴隆台区', 211100, 'x', null, 122.071624, 41.122423);
insert into bas_area (id, area_level, area_code, area_name, parent_id, letter, baidu_id, longitude, latitude) values (211104, 3, '211104', '大洼区', 211100, 'd', null, 122.093754, 40.964907);
insert into bas_area (id, area_level, area_code, area_name, parent_id, letter, baidu_id, longitude, latitude) values (211122, 3, '211122', '盘山县', 211100, 'p', null, 121.98528, 41.240701);
insert into bas_area (id, area_level, area_code, area_name, parent_id, letter, baidu_id, longitude, latitude) values (211200, 2, '211200', '铁岭市', 210000, 't', 60, 123.844279, 42.290585);
insert into bas_area (id, area_level, area_code, area_name, parent_id, letter, baidu_id, longitude, latitude) values (211202, 3, '211202', '银州区', 211200, 'y', null, 123.844877, 42.292278);
insert into bas_area (id, area_level, area_code, area_name, parent_id, letter, baidu_id, longitude, latitude) values (211204, 3, '211204', '清河区', 211200, 'q', null, 124.14896, 42.542978);
insert into bas_area (id, area_level, area_code, area_name, parent_id, letter, baidu_id, longitude, latitude) values (211221, 3, '211221', '铁岭县', 211200, 't', null, 123.725669, 42.223316);
insert into bas_area (id, area_level, area_code, area_name, parent_id, letter, baidu_id, longitude, latitude) values (211223, 3, '211223', '西丰县', 211200, 'x', null, 124.72332, 42.738091);
insert into bas_area (id, area_level, area_code, area_name, parent_id, letter, baidu_id, longitude, latitude) values (211224, 3, '211224', '昌图县', 211200, 'c', null, 124.11017, 42.784441);
insert into bas_area (id, area_level, area_code, area_name, parent_id, letter, baidu_id, longitude, latitude) values (211281, 3, '211281', '调兵山市', 211200, 'd', null, 123.545366, 42.450734);
insert into bas_area (id, area_level, area_code, area_name, parent_id, letter, baidu_id, longitude, latitude) values (211282, 3, '211282', '开原市', 211200, 'k', null, 124.045551, 42.542141);
insert into bas_area (id, area_level, area_code, area_name, parent_id, letter, baidu_id, longitude, latitude) values (211300, 2, '211300', '朝阳市', 210000, 'c', 280, 120.451176, 41.576758);
insert into bas_area (id, area_level, area_code, area_name, parent_id, letter, baidu_id, longitude, latitude) values (211302, 3, '211302', '双塔区', 211300, 's', null, 120.44877, 41.579389);
insert into bas_area (id, area_level, area_code, area_name, parent_id, letter, baidu_id, longitude, latitude) values (211303, 3, '211303', '龙城区', 211300, 'l', null, 120.413376, 41.576749);
insert into bas_area (id, area_level, area_code, area_name, parent_id, letter, baidu_id, longitude, latitude) values (211321, 3, '211321', '朝阳县', 211300, 'c', null, 120.404217, 41.526342);
insert into bas_area (id, area_level, area_code, area_name, parent_id, letter, baidu_id, longitude, latitude) values (211322, 3, '211322', '建平县', 211300, 'j', null, 119.642363, 41.402576);
insert into bas_area (id, area_level, area_code, area_name, parent_id, letter, baidu_id, longitude, latitude) values (211324, 3, '211324', '喀喇沁左翼蒙古族自治县', 211300, 'k', null, 119.744883, 41.125428);
insert into bas_area (id, area_level, area_code, area_name, parent_id, letter, baidu_id, longitude, latitude) values (211381, 3, '211381', '北票市', 211300, 'b', null, 120.766951, 41.803286);
insert into bas_area (id, area_level, area_code, area_name, parent_id, letter, baidu_id, longitude, latitude) values (211382, 3, '211382', '凌源市', 211300, 'l', null, 119.404789, 41.243086);
insert into bas_area (id, area_level, area_code, area_name, parent_id, letter, baidu_id, longitude, latitude) values (211400, 2, '211400', '葫芦岛市', 210000, 'h', 319, 120.856394, 40.755572);
insert into bas_area (id, area_level, area_code, area_name, parent_id, letter, baidu_id, longitude, latitude) values (211402, 3, '211402', '连山区', 211400, 'l', null, 120.85937, 40.755143);
insert into bas_area (id, area_level, area_code, area_name, parent_id, letter, baidu_id, longitude, latitude) values (211403, 3, '211403', '龙港区', 211400, 'l', null, 120.838569, 40.709991);
insert into bas_area (id, area_level, area_code, area_name, parent_id, letter, baidu_id, longitude, latitude) values (211404, 3, '211404', '南票区', 211400, 'n', null, 120.752314, 41.098813);
insert into bas_area (id, area_level, area_code, area_name, parent_id, letter, baidu_id, longitude, latitude) values (211421, 3, '211421', '绥中县', 211400, 's', null, 120.342112, 40.328407);
insert into bas_area (id, area_level, area_code, area_name, parent_id, letter, baidu_id, longitude, latitude) values (211422, 3, '211422', '建昌县', 211400, 'j', null, 119.807776, 40.812871);
insert into bas_area (id, area_level, area_code, area_name, parent_id, letter, baidu_id, longitude, latitude) values (211481, 3, '211481', '兴城市', 211400, 'x', null, 120.729365, 40.619413);
insert into bas_area (id, area_level, area_code, area_name, parent_id, letter, baidu_id, longitude, latitude) values (220000, 1, '220000', '吉林省', null, 'j', null, 125.3245, 43.886841);
insert into bas_area (id, area_level, area_code, area_name, parent_id, letter, baidu_id, longitude, latitude) values (220100, 2, '220100', '长春市', 220000, 'z', 53, 125.3245, 43.886841);
insert into bas_area (id, area_level, area_code, area_name, parent_id, letter, baidu_id, longitude, latitude) values (220102, 3, '220102', '南关区', 220100, 'n', null, 125.337237, 43.890235);
insert into bas_area (id, area_level, area_code, area_name, parent_id, letter, baidu_id, longitude, latitude) values (220103, 3, '220103', '宽城区', 220100, 'k', null, 125.342828, 43.903823);
insert into bas_area (id, area_level, area_code, area_name, parent_id, letter, baidu_id, longitude, latitude) values (220104, 3, '220104', '朝阳区', 220100, 'c', null, 125.318042, 43.86491);
insert into bas_area (id, area_level, area_code, area_name, parent_id, letter, baidu_id, longitude, latitude) values (220105, 3, '220105', '二道区', 220100, 'e', null, 125.384727, 43.870824);
insert into bas_area (id, area_level, area_code, area_name, parent_id, letter, baidu_id, longitude, latitude) values (220106, 3, '220106', '绿园区', 220100, 'l', null, 125.272467, 43.892177);
insert into bas_area (id, area_level, area_code, area_name, parent_id, letter, baidu_id, longitude, latitude) values (220112, 3, '220112', '双阳区', 220100, 's', null, 125.659018, 43.525168);
insert into bas_area (id, area_level, area_code, area_name, parent_id, letter, baidu_id, longitude, latitude) values (220113, 3, '220113', '九台区', 220100, 'j', null, 125.855387, 44.142498);
insert into bas_area (id, area_level, area_code, area_name, parent_id, letter, baidu_id, longitude, latitude) values (220122, 3, '220122', '农安县', 220100, 'n', null, 125.175287, 44.431258);
insert into bas_area (id, area_level, area_code, area_name, parent_id, letter, baidu_id, longitude, latitude) values (220182, 3, '220182', '榆树市', 220100, 'y', null, 126.550107, 44.827642);
insert into bas_area (id, area_level, area_code, area_name, parent_id, letter, baidu_id, longitude, latitude) values (220183, 3, '220183', '德惠市', 220100, 'd', null, 125.703327, 44.533909);
insert into bas_area (id, area_level, area_code, area_name, parent_id, letter, baidu_id, longitude, latitude) values (220200, 2, '220200', '吉林市', 220000, 'j', 55, 126.55302, 43.843577);
insert into bas_area (id, area_level, area_code, area_name, parent_id, letter, baidu_id, longitude, latitude) values (220202, 3, '220202', '昌邑区', 220200, 'c', null, 126.570766, 43.851118);
insert into bas_area (id, area_level, area_code, area_name, parent_id, letter, baidu_id, longitude, latitude) values (220203, 3, '220203', '龙潭区', 220200, 'l', null, 126.561429, 43.909755);
insert into bas_area (id, area_level, area_code, area_name, parent_id, letter, baidu_id, longitude, latitude) values (220204, 3, '220204', '船营区', 220200, 'c', null, 126.55239, 43.843804);
insert into bas_area (id, area_level, area_code, area_name, parent_id, letter, baidu_id, longitude, latitude) values (220211, 3, '220211', '丰满区', 220200, 'f', null, 126.560759, 43.816594);
insert into bas_area (id, area_level, area_code, area_name, parent_id, letter, baidu_id, longitude, latitude) values (220221, 3, '220221', '永吉县', 220200, 'y', null, 126.501622, 43.667416);
insert into bas_area (id, area_level, area_code, area_name, parent_id, letter, baidu_id, longitude, latitude) values (220281, 3, '220281', '蛟河市', 220200, 'j', null, 127.342739, 43.720579);
insert into bas_area (id, area_level, area_code, area_name, parent_id, letter, baidu_id, longitude, latitude) values (220282, 3, '220282', '桦甸市', 220200, 'h', null, 126.745445, 42.972093);
insert into bas_area (id, area_level, area_code, area_name, parent_id, letter, baidu_id, longitude, latitude) values (220283, 3, '220283', '舒兰市', 220200, 's', null, 126.947813, 44.410906);
insert into bas_area (id, area_level, area_code, area_name, parent_id, letter, baidu_id, longitude, latitude) values (220284, 3, '220284', '磐石市', 220200, 'p', null, 126.059929, 42.942476);
insert into bas_area (id, area_level, area_code, area_name, parent_id, letter, baidu_id, longitude, latitude) values (220300, 2, '220300', '四平市', 220000, 's', 56, 124.370785, 43.170344);
insert into bas_area (id, area_level, area_code, area_name, parent_id, letter, baidu_id, longitude, latitude) values (220302, 3, '220302', '铁西区', 220300, 't', null, 124.360894, 43.176263);
insert into bas_area (id, area_level, area_code, area_name, parent_id, letter, baidu_id, longitude, latitude) values (220303, 3, '220303', '铁东区', 220300, 't', null, 124.388464, 43.16726);
insert into bas_area (id, area_level, area_code, area_name, parent_id, letter, baidu_id, longitude, latitude) values (220322, 3, '220322', '梨树县', 220300, 'l', null, 124.335802, 43.30831);
insert into bas_area (id, area_level, area_code, area_name, parent_id, letter, baidu_id, longitude, latitude) values (220323, 3, '220323', '伊通满族自治县', 220300, 'y', null, 125.303124, 43.345464);
insert into bas_area (id, area_level, area_code, area_name, parent_id, letter, baidu_id, longitude, latitude) values (220381, 3, '220381', '公主岭市', 220300, 'g', null, 124.817588, 43.509474);
insert into bas_area (id, area_level, area_code, area_name, parent_id, letter, baidu_id, longitude, latitude) values (220382, 3, '220382', '双辽市', 220300, 's', null, 123.505283, 43.518275);
insert into bas_area (id, area_level, area_code, area_name, parent_id, letter, baidu_id, longitude, latitude) values (220400, 2, '220400', '辽源市', 220000, 'l', 183, 125.145349, 42.902692);
insert into bas_area (id, area_level, area_code, area_name, parent_id, letter, baidu_id, longitude, latitude) values (220402, 3, '220402', '龙山区', 220400, 'l', null, 125.145164, 42.902702);
insert into bas_area (id, area_level, area_code, area_name, parent_id, letter, baidu_id, longitude, latitude) values (220403, 3, '220403', '西安区', 220400, 'x', null, 125.151424, 42.920415);
insert into bas_area (id, area_level, area_code, area_name, parent_id, letter, baidu_id, longitude, latitude) values (220421, 3, '220421', '东丰县', 220400, 'd', null, 125.529623, 42.675228);
insert into bas_area (id, area_level, area_code, area_name, parent_id, letter, baidu_id, longitude, latitude) values (220422, 3, '220422', '东辽县', 220400, 'd', null, 124.991995, 42.927724);
insert into bas_area (id, area_level, area_code, area_name, parent_id, letter, baidu_id, longitude, latitude) values (220500, 2, '220500', '通化市', 220000, 't', 165, 125.936501, 41.721177);
insert into bas_area (id, area_level, area_code, area_name, parent_id, letter, baidu_id, longitude, latitude) values (220502, 3, '220502', '东昌区', 220500, 'd', null, 125.936716, 41.721233);
insert into bas_area (id, area_level, area_code, area_name, parent_id, letter, baidu_id, longitude, latitude) values (220503, 3, '220503', '二道江区', 220500, 'e', null, 126.045987, 41.777564);
insert into bas_area (id, area_level, area_code, area_name, parent_id, letter, baidu_id, longitude, latitude) values (220521, 3, '220521', '通化县', 220500, 't', null, 125.753121, 41.677918);
insert into bas_area (id, area_level, area_code, area_name, parent_id, letter, baidu_id, longitude, latitude) values (220523, 3, '220523', '辉南县', 220500, 'h', null, 126.042821, 42.683459);
insert into bas_area (id, area_level, area_code, area_name, parent_id, letter, baidu_id, longitude, latitude) values (220524, 3, '220524', '柳河县', 220500, 'l', null, 125.740536, 42.281484);
insert into bas_area (id, area_level, area_code, area_name, parent_id, letter, baidu_id, longitude, latitude) values (220581, 3, '220581', '梅河口市', 220500, 'm', null, 125.687336, 42.530002);
insert into bas_area (id, area_level, area_code, area_name, parent_id, letter, baidu_id, longitude, latitude) values (220582, 3, '220582', '集安市', 220500, 'j', null, 126.186204, 41.126276);
insert into bas_area (id, area_level, area_code, area_name, parent_id, letter, baidu_id, longitude, latitude) values (220600, 2, '220600', '白山市', 220000, 'b', 57, 126.427839, 41.942505);
insert into bas_area (id, area_level, area_code, area_name, parent_id, letter, baidu_id, longitude, latitude) values (220602, 3, '220602', '浑江区', 220600, 'h', null, 126.428035, 41.943065);
insert into bas_area (id, area_level, area_code, area_name, parent_id, letter, baidu_id, longitude, latitude) values (220605, 3, '220605', '江源区', 220600, 'j', null, 126.584229, 42.048109);
insert into bas_area (id, area_level, area_code, area_name, parent_id, letter, baidu_id, longitude, latitude) values (220621, 3, '220621', '抚松县', 220600, 'f', null, 127.273796, 42.332643);
insert into bas_area (id, area_level, area_code, area_name, parent_id, letter, baidu_id, longitude, latitude) values (220622, 3, '220622', '靖宇县', 220600, 'j', null, 126.808386, 42.389689);
insert into bas_area (id, area_level, area_code, area_name, parent_id, letter, baidu_id, longitude, latitude) values (220623, 3, '220623', '长白朝鲜族自治县', 220600, 'z', null, 128.203384, 41.419361);
insert into bas_area (id, area_level, area_code, area_name, parent_id, letter, baidu_id, longitude, latitude) values (220681, 3, '220681', '临江市', 220600, 'l', null, 126.919296, 41.810689);
insert into bas_area (id, area_level, area_code, area_name, parent_id, letter, baidu_id, longitude, latitude) values (220700, 2, '220700', '松原市', 220000, 's', 52, 124.823608, 45.118243);
insert into bas_area (id, area_level, area_code, area_name, parent_id, letter, baidu_id, longitude, latitude) values (220702, 3, '220702', '宁江区', 220700, 'n', null, 124.827851, 45.176498);
insert into bas_area (id, area_level, area_code, area_name, parent_id, letter, baidu_id, longitude, latitude) values (220721, 3, '220721', '前郭尔罗斯蒙古族自治县', 220700, 'q', null, 124.826808, 45.116288);
insert into bas_area (id, area_level, area_code, area_name, parent_id, letter, baidu_id, longitude, latitude) values (220722, 3, '220722', '长岭县', 220700, 'z', null, 123.985184, 44.276579);
insert into bas_area (id, area_level, area_code, area_name, parent_id, letter, baidu_id, longitude, latitude) values (220723, 3, '220723', '乾安县', 220700, 'q', null, 124.024361, 45.006846);
insert into bas_area (id, area_level, area_code, area_name, parent_id, letter, baidu_id, longitude, latitude) values (220781, 3, '220781', '扶余市', 220700, 'f', null, 126.042758, 44.986199);
insert into bas_area (id, area_level, area_code, area_name, parent_id, letter, baidu_id, longitude, latitude) values (220800, 2, '220800', '白城市', 220000, 'b', 51, 122.841114, 45.619026);
insert into bas_area (id, area_level, area_code, area_name, parent_id, letter, baidu_id, longitude, latitude) values (220802, 3, '220802', '洮北区', 220800, 't', null, 122.842499, 45.619253);
insert into bas_area (id, area_level, area_code, area_name, parent_id, letter, baidu_id, longitude, latitude) values (220821, 3, '220821', '镇赉县', 220800, 'z', null, 123.202246, 45.846089);
insert into bas_area (id, area_level, area_code, area_name, parent_id, letter, baidu_id, longitude, latitude) values (220822, 3, '220822', '通榆县', 220800, 't', null, 123.088543, 44.80915);
insert into bas_area (id, area_level, area_code, area_name, parent_id, letter, baidu_id, longitude, latitude) values (220881, 3, '220881', '洮南市', 220800, 't', null, 122.783779, 45.339113);
insert into bas_area (id, area_level, area_code, area_name, parent_id, letter, baidu_id, longitude, latitude) values (220882, 3, '220882', '大安市', 220800, 'd', null, 124.291512, 45.507648);
insert into bas_area (id, area_level, area_code, area_name, parent_id, letter, baidu_id, longitude, latitude) values (222400, 2, '222400', '延边朝鲜族自治州', 220000, 'y', 54, 129.513228, 42.904823);
insert into bas_area (id, area_level, area_code, area_name, parent_id, letter, baidu_id, longitude, latitude) values (222401, 3, '222401', '延吉市', 222400, 'y', null, 129.51579, 42.906964);
insert into bas_area (id, area_level, area_code, area_name, parent_id, letter, baidu_id, longitude, latitude) values (222402, 3, '222402', '图们市', 222400, 't', null, 129.846701, 42.966621);
insert into bas_area (id, area_level, area_code, area_name, parent_id, letter, baidu_id, longitude, latitude) values (222403, 3, '222403', '敦化市', 222400, 'd', null, 128.22986, 43.366921);
insert into bas_area (id, area_level, area_code, area_name, parent_id, letter, baidu_id, longitude, latitude) values (222404, 3, '222404', '珲春市', 222400, 'h', null, 130.365787, 42.871057);
insert into bas_area (id, area_level, area_code, area_name, parent_id, letter, baidu_id, longitude, latitude) values (222405, 3, '222405', '龙井市', 222400, 'l', null, 129.425747, 42.771029);
insert into bas_area (id, area_level, area_code, area_name, parent_id, letter, baidu_id, longitude, latitude) values (222406, 3, '222406', '和龙市', 222400, 'h', null, 129.008748, 42.547004);
insert into bas_area (id, area_level, area_code, area_name, parent_id, letter, baidu_id, longitude, latitude) values (222424, 3, '222424', '汪清县', 222400, 'w', null, 129.766161, 43.315426);
insert into bas_area (id, area_level, area_code, area_name, parent_id, letter, baidu_id, longitude, latitude) values (222426, 3, '222426', '安图县', 222400, 'a', null, 128.901865, 43.110994);
insert into bas_area (id, area_level, area_code, area_name, parent_id, letter, baidu_id, longitude, latitude) values (230000, 1, '230000', '黑龙江省', null, 'h', null, 126.642464, 45.756967);
insert into bas_area (id, area_level, area_code, area_name, parent_id, letter, baidu_id, longitude, latitude) values (230100, 2, '230100', '哈尔滨市', 230000, 'h', 48, 126.642464, 45.756967);
insert into bas_area (id, area_level, area_code, area_name, parent_id, letter, baidu_id, longitude, latitude) values (230102, 3, '230102', '道里区', 230100, 'd', null, 126.612532, 45.762035);
insert into bas_area (id, area_level, area_code, area_name, parent_id, letter, baidu_id, longitude, latitude) values (230103, 3, '230103', '南岗区', 230100, 'n', null, 126.652098, 45.755971);
insert into bas_area (id, area_level, area_code, area_name, parent_id, letter, baidu_id, longitude, latitude) values (230104, 3, '230104', '道外区', 230100, 'd', null, 126.648838, 45.78454);
insert into bas_area (id, area_level, area_code, area_name, parent_id, letter, baidu_id, longitude, latitude) values (230108, 3, '230108', '平房区', 230100, 'p', null, 126.629257, 45.605567);
insert into bas_area (id, area_level, area_code, area_name, parent_id, letter, baidu_id, longitude, latitude) values (230109, 3, '230109', '松北区', 230100, 's', null, 126.563066, 45.814656);
insert into bas_area (id, area_level, area_code, area_name, parent_id, letter, baidu_id, longitude, latitude) values (230110, 3, '230110', '香坊区', 230100, 'x', null, 126.667049, 45.713067);
insert into bas_area (id, area_level, area_code, area_name, parent_id, letter, baidu_id, longitude, latitude) values (230111, 3, '230111', '呼兰区', 230100, 'h', null, 126.603302, 45.98423);
insert into bas_area (id, area_level, area_code, area_name, parent_id, letter, baidu_id, longitude, latitude) values (230112, 3, '230112', '阿城区', 230100, 'a', null, 126.972726, 45.538372);
insert into bas_area (id, area_level, area_code, area_name, parent_id, letter, baidu_id, longitude, latitude) values (230113, 3, '230113', '双城区', 230100, 's', null, 126.188926, 45.408171);
insert into bas_area (id, area_level, area_code, area_name, parent_id, letter, baidu_id, longitude, latitude) values (230123, 3, '230123', '依兰县', 230100, 'y', null, 129.565594, 46.315105);
insert into bas_area (id, area_level, area_code, area_name, parent_id, letter, baidu_id, longitude, latitude) values (230124, 3, '230124', '方正县', 230100, 'f', null, 128.836131, 45.839536);
insert into bas_area (id, area_level, area_code, area_name, parent_id, letter, baidu_id, longitude, latitude) values (230125, 3, '230125', '宾县', 230100, 'b', null, 127.48594, 45.759369);
insert into bas_area (id, area_level, area_code, area_name, parent_id, letter, baidu_id, longitude, latitude) values (230126, 3, '230126', '巴彦县', 230100, 'b', null, 127.403602, 46.081889);
insert into bas_area (id, area_level, area_code, area_name, parent_id, letter, baidu_id, longitude, latitude) values (230127, 3, '230127', '木兰县', 230100, 'm', null, 128.042675, 45.949826);
insert into bas_area (id, area_level, area_code, area_name, parent_id, letter, baidu_id, longitude, latitude) values (230128, 3, '230128', '通河县', 230100, 't', null, 128.747786, 45.977618);
insert into bas_area (id, area_level, area_code, area_name, parent_id, letter, baidu_id, longitude, latitude) values (230129, 3, '230129', '延寿县', 230100, 'y', null, 128.331886, 45.455648);
insert into bas_area (id, area_level, area_code, area_name, parent_id, letter, baidu_id, longitude, latitude) values (230183, 3, '230183', '尚志市', 230100, 's', null, 127.968539, 45.214953);
insert into bas_area (id, area_level, area_code, area_name, parent_id, letter, baidu_id, longitude, latitude) values (230184, 3, '230184', '五常市', 230100, 'w', null, 127.15759, 44.919418);
insert into bas_area (id, area_level, area_code, area_name, parent_id, letter, baidu_id, longitude, latitude) values (230200, 2, '230200', '齐齐哈尔市', 230000, 'q', 41, 123.95792, 47.342081);
insert into bas_area (id, area_level, area_code, area_name, parent_id, letter, baidu_id, longitude, latitude) values (230202, 3, '230202', '龙沙区', 230200, 'l', null, 123.957338, 47.341736);
insert into bas_area (id, area_level, area_code, area_name, parent_id, letter, baidu_id, longitude, latitude) values (230203, 3, '230203', '建华区', 230200, 'j', null, 123.955888, 47.354494);
insert into bas_area (id, area_level, area_code, area_name, parent_id, letter, baidu_id, longitude, latitude) values (230204, 3, '230204', '铁锋区', 230200, 't', null, 123.973555, 47.339499);
insert into bas_area (id, area_level, area_code, area_name, parent_id, letter, baidu_id, longitude, latitude) values (230205, 3, '230205', '昂昂溪区', 230200, 'a', null, 123.813181, 47.156867);
insert into bas_area (id, area_level, area_code, area_name, parent_id, letter, baidu_id, longitude, latitude) values (230206, 3, '230206', '富拉尔基区', 230200, 'f', null, 123.638873, 47.20697);
insert into bas_area (id, area_level, area_code, area_name, parent_id, letter, baidu_id, longitude, latitude) values (230207, 3, '230207', '碾子山区', 230200, 'n', null, 122.887972, 47.51401);
insert into bas_area (id, area_level, area_code, area_name, parent_id, letter, baidu_id, longitude, latitude) values (230208, 3, '230208', '梅里斯达斡尔族区', 230200, 'm', null, 123.754599, 47.311113);
insert into bas_area (id, area_level, area_code, area_name, parent_id, letter, baidu_id, longitude, latitude) values (230221, 3, '230221', '龙江县', 230200, 'l', null, 123.187225, 47.336388);
insert into bas_area (id, area_level, area_code, area_name, parent_id, letter, baidu_id, longitude, latitude) values (230223, 3, '230223', '依安县', 230200, 'y', null, 125.307561, 47.890098);
insert into bas_area (id, area_level, area_code, area_name, parent_id, letter, baidu_id, longitude, latitude) values (230224, 3, '230224', '泰来县', 230200, 't', null, 123.41953, 46.39233);
insert into bas_area (id, area_level, area_code, area_name, parent_id, letter, baidu_id, longitude, latitude) values (230225, 3, '230225', '甘南县', 230200, 'g', null, 123.506034, 47.917838);
insert into bas_area (id, area_level, area_code, area_name, parent_id, letter, baidu_id, longitude, latitude) values (230227, 3, '230227', '富裕县', 230200, 'f', null, 124.469106, 47.797172);
insert into bas_area (id, area_level, area_code, area_name, parent_id, letter, baidu_id, longitude, latitude) values (230229, 3, '230229', '克山县', 230200, 'k', null, 125.874355, 48.034342);
insert into bas_area (id, area_level, area_code, area_name, parent_id, letter, baidu_id, longitude, latitude) values (230230, 3, '230230', '克东县', 230200, 'k', null, 126.249094, 48.03732);
insert into bas_area (id, area_level, area_code, area_name, parent_id, letter, baidu_id, longitude, latitude) values (230231, 3, '230231', '拜泉县', 230200, 'b', null, 126.091911, 47.607363);
insert into bas_area (id, area_level, area_code, area_name, parent_id, letter, baidu_id, longitude, latitude) values (230281, 3, '230281', '讷河市', 230200, 'n', null, 124.882172, 48.481133);
insert into bas_area (id, area_level, area_code, area_name, parent_id, letter, baidu_id, longitude, latitude) values (230300, 2, '230300', '鸡西市', 230000, 'j', 46, 130.975966, 45.300046);
insert into bas_area (id, area_level, area_code, area_name, parent_id, letter, baidu_id, longitude, latitude) values (230302, 3, '230302', '鸡冠区', 230300, 'j', null, 130.974374, 45.30034);
insert into bas_area (id, area_level, area_code, area_name, parent_id, letter, baidu_id, longitude, latitude) values (230303, 3, '230303', '恒山区', 230300, 'h', null, 130.910636, 45.213242);
insert into bas_area (id, area_level, area_code, area_name, parent_id, letter, baidu_id, longitude, latitude) values (230304, 3, '230304', '滴道区', 230300, 'd', null, 130.846823, 45.348812);
insert into bas_area (id, area_level, area_code, area_name, parent_id, letter, baidu_id, longitude, latitude) values (230305, 3, '230305', '梨树区', 230300, 'l', null, 130.697781, 45.092195);
insert into bas_area (id, area_level, area_code, area_name, parent_id, letter, baidu_id, longitude, latitude) values (230306, 3, '230306', '城子河区', 230300, 'c', null, 131.010501, 45.338248);
insert into bas_area (id, area_level, area_code, area_name, parent_id, letter, baidu_id, longitude, latitude) values (230307, 3, '230307', '麻山区', 230300, 'm', null, 130.481126, 45.209607);
insert into bas_area (id, area_level, area_code, area_name, parent_id, letter, baidu_id, longitude, latitude) values (230321, 3, '230321', '鸡东县', 230300, 'j', null, 131.148907, 45.250892);
insert into bas_area (id, area_level, area_code, area_name, parent_id, letter, baidu_id, longitude, latitude) values (230381, 3, '230381', '虎林市', 230300, 'h', null, 132.973881, 45.767985);
insert into bas_area (id, area_level, area_code, area_name, parent_id, letter, baidu_id, longitude, latitude) values (230382, 3, '230382', '密山市', 230300, 'm', null, 131.874137, 45.54725);
insert into bas_area (id, area_level, area_code, area_name, parent_id, letter, baidu_id, longitude, latitude) values (230400, 2, '230400', '鹤岗市', 230000, 'h', 43, 130.277487, 47.332085);
insert into bas_area (id, area_level, area_code, area_name, parent_id, letter, baidu_id, longitude, latitude) values (230402, 3, '230402', '向阳区', 230400, 'x', null, 130.292478, 47.345372);
insert into bas_area (id, area_level, area_code, area_name, parent_id, letter, baidu_id, longitude, latitude) values (230403, 3, '230403', '工农区', 230400, 'g', null, 130.276652, 47.331678);
insert into bas_area (id, area_level, area_code, area_name, parent_id, letter, baidu_id, longitude, latitude) values (230404, 3, '230404', '南山区', 230400, 'n', null, 130.275533, 47.31324);
insert into bas_area (id, area_level, area_code, area_name, parent_id, letter, baidu_id, longitude, latitude) values (230405, 3, '230405', '兴安区', 230400, 'x', null, 130.236169, 47.252911);
insert into bas_area (id, area_level, area_code, area_name, parent_id, letter, baidu_id, longitude, latitude) values (230406, 3, '230406', '东山区', 230400, 'd', null, 130.31714, 47.337385);
insert into bas_area (id, area_level, area_code, area_name, parent_id, letter, baidu_id, longitude, latitude) values (230407, 3, '230407', '兴山区', 230400, 'x', null, 130.30534, 47.35997);
insert into bas_area (id, area_level, area_code, area_name, parent_id, letter, baidu_id, longitude, latitude) values (230421, 3, '230421', '萝北县', 230400, 'l', null, 130.829087, 47.577577);
insert into bas_area (id, area_level, area_code, area_name, parent_id, letter, baidu_id, longitude, latitude) values (230422, 3, '230422', '绥滨县', 230400, 's', null, 131.860526, 47.289892);
insert into bas_area (id, area_level, area_code, area_name, parent_id, letter, baidu_id, longitude, latitude) values (230500, 2, '230500', '双鸭山市', 230000, 's', 45, 131.157304, 46.643442);
insert into bas_area (id, area_level, area_code, area_name, parent_id, letter, baidu_id, longitude, latitude) values (230502, 3, '230502', '尖山区', 230500, 'j', null, 131.15896, 46.642961);
insert into bas_area (id, area_level, area_code, area_name, parent_id, letter, baidu_id, longitude, latitude) values (230503, 3, '230503', '岭东区', 230500, 'l', null, 131.163675, 46.591076);
insert into bas_area (id, area_level, area_code, area_name, parent_id, letter, baidu_id, longitude, latitude) values (230505, 3, '230505', '四方台区', 230500, 's', null, 131.333181, 46.594347);
insert into bas_area (id, area_level, area_code, area_name, parent_id, letter, baidu_id, longitude, latitude) values (230506, 3, '230506', '宝山区', 230500, 'b', null, 131.404294, 46.573366);
insert into bas_area (id, area_level, area_code, area_name, parent_id, letter, baidu_id, longitude, latitude) values (230521, 3, '230521', '集贤县', 230500, 'j', null, 131.13933, 46.72898);
insert into bas_area (id, area_level, area_code, area_name, parent_id, letter, baidu_id, longitude, latitude) values (230522, 3, '230522', '友谊县', 230500, 'y', null, 131.810622, 46.775159);
insert into bas_area (id, area_level, area_code, area_name, parent_id, letter, baidu_id, longitude, latitude) values (230523, 3, '230523', '宝清县', 230500, 'b', null, 132.206415, 46.328781);
insert into bas_area (id, area_level, area_code, area_name, parent_id, letter, baidu_id, longitude, latitude) values (230524, 3, '230524', '饶河县', 230500, 'r', null, 134.021162, 46.801288);
insert into bas_area (id, area_level, area_code, area_name, parent_id, letter, baidu_id, longitude, latitude) values (230600, 2, '230600', '大庆市', 230000, 'd', 50, 125.11272, 46.590734);
insert into bas_area (id, area_level, area_code, area_name, parent_id, letter, baidu_id, longitude, latitude) values (230602, 3, '230602', '萨尔图区', 230600, 's', null, 125.114643, 46.596356);
insert into bas_area (id, area_level, area_code, area_name, parent_id, letter, baidu_id, longitude, latitude) values (230603, 3, '230603', '龙凤区', 230600, 'l', null, 125.145794, 46.573948);
insert into bas_area (id, area_level, area_code, area_name, parent_id, letter, baidu_id, longitude, latitude) values (230604, 3, '230604', '让胡路区', 230600, 'r', null, 124.868341, 46.653254);
insert into bas_area (id, area_level, area_code, area_name, parent_id, letter, baidu_id, longitude, latitude) values (230605, 3, '230605', '红岗区', 230600, 'h', null, 124.889528, 46.403049);
insert into bas_area (id, area_level, area_code, area_name, parent_id, letter, baidu_id, longitude, latitude) values (230606, 3, '230606', '大同区', 230600, 'd', null, 124.818509, 46.034304);
insert into bas_area (id, area_level, area_code, area_name, parent_id, letter, baidu_id, longitude, latitude) values (230621, 3, '230621', '肇州县', 230600, 'z', null, 125.273254, 45.708685);
insert into bas_area (id, area_level, area_code, area_name, parent_id, letter, baidu_id, longitude, latitude) values (230622, 3, '230622', '肇源县', 230600, 'z', null, 125.081974, 45.518832);
insert into bas_area (id, area_level, area_code, area_name, parent_id, letter, baidu_id, longitude, latitude) values (230623, 3, '230623', '林甸县', 230600, 'l', null, 124.877742, 47.186411);
insert into bas_area (id, area_level, area_code, area_name, parent_id, letter, baidu_id, longitude, latitude) values (230624, 3, '230624', '杜尔伯特蒙古族自治县', 230600, 'd', null, 124.446259, 46.865973);
insert into bas_area (id, area_level, area_code, area_name, parent_id, letter, baidu_id, longitude, latitude) values (230700, 2, '230700', '伊春市', 230000, 'y', 40, 128.899396, 47.724775);
insert into bas_area (id, area_level, area_code, area_name, parent_id, letter, baidu_id, longitude, latitude) values (230702, 3, '230702', '伊春区', 230700, 'y', null, 128.899284, 47.726851);
insert into bas_area (id, area_level, area_code, area_name, parent_id, letter, baidu_id, longitude, latitude) values (230703, 3, '230703', '南岔区', 230700, 'n', null, 129.28246, 47.137314);
insert into bas_area (id, area_level, area_code, area_name, parent_id, letter, baidu_id, longitude, latitude) values (230704, 3, '230704', '友好区', 230700, 'y', null, 128.838961, 47.854303);
insert into bas_area (id, area_level, area_code, area_name, parent_id, letter, baidu_id, longitude, latitude) values (230705, 3, '230705', '西林区', 230700, 'x', null, 129.311441, 47.479437);
insert into bas_area (id, area_level, area_code, area_name, parent_id, letter, baidu_id, longitude, latitude) values (230706, 3, '230706', '翠峦区', 230700, 'c', null, 128.671746, 47.726228);
insert into bas_area (id, area_level, area_code, area_name, parent_id, letter, baidu_id, longitude, latitude) values (230707, 3, '230707', '新青区', 230700, 'x', null, 129.52995, 48.288292);
insert into bas_area (id, area_level, area_code, area_name, parent_id, letter, baidu_id, longitude, latitude) values (230708, 3, '230708', '美溪区', 230700, 'm', null, 129.133411, 47.636102);
insert into bas_area (id, area_level, area_code, area_name, parent_id, letter, baidu_id, longitude, latitude) values (230709, 3, '230709', '金山屯区', 230700, 'j', null, 129.435944, 47.41295);
insert into bas_area (id, area_level, area_code, area_name, parent_id, letter, baidu_id, longitude, latitude) values (230710, 3, '230710', '五营区', 230700, 'w', null, 129.245028, 48.108204);
insert into bas_area (id, area_level, area_code, area_name, parent_id, letter, baidu_id, longitude, latitude) values (230711, 3, '230711', '乌马河区', 230700, 'w', null, 128.802941, 47.726961);
insert into bas_area (id, area_level, area_code, area_name, parent_id, letter, baidu_id, longitude, latitude) values (230712, 3, '230712', '汤旺河区', 230700, 't', null, 129.57224, 48.453651);
insert into bas_area (id, area_level, area_code, area_name, parent_id, letter, baidu_id, longitude, latitude) values (230713, 3, '230713', '带岭区', 230700, 'd', null, 129.021151, 47.027532);
insert into bas_area (id, area_level, area_code, area_name, parent_id, letter, baidu_id, longitude, latitude) values (230714, 3, '230714', '乌伊岭区', 230700, 'w', null, 129.437847, 48.59112);
insert into bas_area (id, area_level, area_code, area_name, parent_id, letter, baidu_id, longitude, latitude) values (230715, 3, '230715', '红星区', 230700, 'h', null, 129.388796, 48.238368);
insert into bas_area (id, area_level, area_code, area_name, parent_id, letter, baidu_id, longitude, latitude) values (230716, 3, '230716', '上甘岭区', 230700, 's', null, 129.02508, 47.974859);
insert into bas_area (id, area_level, area_code, area_name, parent_id, letter, baidu_id, longitude, latitude) values (230722, 3, '230722', '嘉荫县', 230700, 'j', null, 130.397684, 48.891378);
insert into bas_area (id, area_level, area_code, area_name, parent_id, letter, baidu_id, longitude, latitude) values (230781, 3, '230781', '铁力市', 230700, 't', null, 128.030561, 46.985772);
insert into bas_area (id, area_level, area_code, area_name, parent_id, letter, baidu_id, longitude, latitude) values (230800, 2, '230800', '佳木斯市', 230000, 'j', 42, 130.361634, 46.809606);
insert into bas_area (id, area_level, area_code, area_name, parent_id, letter, baidu_id, longitude, latitude) values (230803, 3, '230803', '向阳区', 230800, 'x', null, 130.361786, 46.809645);
insert into bas_area (id, area_level, area_code, area_name, parent_id, letter, baidu_id, longitude, latitude) values (230804, 3, '230804', '前进区', 230800, 'q', null, 130.377684, 46.812345);
insert into bas_area (id, area_level, area_code, area_name, parent_id, letter, baidu_id, longitude, latitude) values (230805, 3, '230805', '东风区', 230800, 'd', null, 130.403297, 46.822476);
insert into bas_area (id, area_level, area_code, area_name, parent_id, letter, baidu_id, longitude, latitude) values (230811, 3, '230811', '郊区', 230800, 'j', null, 130.351588, 46.80712);
insert into bas_area (id, area_level, area_code, area_name, parent_id, letter, baidu_id, longitude, latitude) values (230822, 3, '230822', '桦南县', 230800, 'h', null, 130.570112, 46.240118);
insert into bas_area (id, area_level, area_code, area_name, parent_id, letter, baidu_id, longitude, latitude) values (230826, 3, '230826', '桦川县', 230800, 'h', null, 130.723713, 47.023039);
insert into bas_area (id, area_level, area_code, area_name, parent_id, letter, baidu_id, longitude, latitude) values (230828, 3, '230828', '汤原县', 230800, 't', null, 129.904463, 46.730048);
insert into bas_area (id, area_level, area_code, area_name, parent_id, letter, baidu_id, longitude, latitude) values (230881, 3, '230881', '同江市', 230800, 't', null, 132.510119, 47.651131);
insert into bas_area (id, area_level, area_code, area_name, parent_id, letter, baidu_id, longitude, latitude) values (230882, 3, '230882', '富锦市', 230800, 'f', null, 132.037951, 47.250747);
insert into bas_area (id, area_level, area_code, area_name, parent_id, letter, baidu_id, longitude, latitude) values (230883, 3, '230883', '抚远市', 230800, 'f', null, 134.296044, 47.926105);
insert into bas_area (id, area_level, area_code, area_name, parent_id, letter, baidu_id, longitude, latitude) values (230900, 2, '230900', '七台河市', 230000, 'q', 47, 131.015584, 45.771266);
insert into bas_area (id, area_level, area_code, area_name, parent_id, letter, baidu_id, longitude, latitude) values (230902, 3, '230902', '新兴区', 230900, 'x', null, 130.889482, 45.794258);
insert into bas_area (id, area_level, area_code, area_name, parent_id, letter, baidu_id, longitude, latitude) values (230903, 3, '230903', '桃山区', 230900, 't', null, 131.015848, 45.771217);
insert into bas_area (id, area_level, area_code, area_name, parent_id, letter, baidu_id, longitude, latitude) values (230904, 3, '230904', '茄子河区', 230900, 'q', null, 131.071561, 45.776587);
insert into bas_area (id, area_level, area_code, area_name, parent_id, letter, baidu_id, longitude, latitude) values (230921, 3, '230921', '勃利县', 230900, 'b', null, 130.575025, 45.751573);
insert into bas_area (id, area_level, area_code, area_name, parent_id, letter, baidu_id, longitude, latitude) values (231000, 2, '231000', '牡丹江市', 230000, 'm', 49, 129.618602, 44.582962);
insert into bas_area (id, area_level, area_code, area_name, parent_id, letter, baidu_id, longitude, latitude) values (231002, 3, '231002', '东安区', 231000, 'd', null, 129.623292, 44.582399);
insert into bas_area (id, area_level, area_code, area_name, parent_id, letter, baidu_id, longitude, latitude) values (231003, 3, '231003', '阳明区', 231000, 'y', null, 129.634645, 44.596328);
insert into bas_area (id, area_level, area_code, area_name, parent_id, letter, baidu_id, longitude, latitude) values (231004, 3, '231004', '爱民区', 231000, 'a', null, 129.601232, 44.595443);
insert into bas_area (id, area_level, area_code, area_name, parent_id, letter, baidu_id, longitude, latitude) values (231005, 3, '231005', '西安区', 231000, 'x', null, 129.61311, 44.581032);
insert into bas_area (id, area_level, area_code, area_name, parent_id, letter, baidu_id, longitude, latitude) values (231025, 3, '231025', '林口县', 231000, 'l', null, 130.268402, 45.286645);
insert into bas_area (id, area_level, area_code, area_name, parent_id, letter, baidu_id, longitude, latitude) values (231081, 3, '231081', '绥芬河市', 231000, 's', null, 131.164856, 44.396864);
insert into bas_area (id, area_level, area_code, area_name, parent_id, letter, baidu_id, longitude, latitude) values (231083, 3, '231083', '海林市', 231000, 'h', null, 129.387902, 44.574149);
insert into bas_area (id, area_level, area_code, area_name, parent_id, letter, baidu_id, longitude, latitude) values (231084, 3, '231084', '宁安市', 231000, 'n', null, 129.470019, 44.346836);
insert into bas_area (id, area_level, area_code, area_name, parent_id, letter, baidu_id, longitude, latitude) values (231085, 3, '231085', '穆棱市', 231000, 'm', null, 130.527085, 44.91967);
insert into bas_area (id, area_level, area_code, area_name, parent_id, letter, baidu_id, longitude, latitude) values (231086, 3, '231086', '东宁市', 231000, 'd', null, 130.850389, 44.032435);
insert into bas_area (id, area_level, area_code, area_name, parent_id, letter, baidu_id, longitude, latitude) values (231100, 2, '231100', '黑河市', 230000, 'h', 39, 127.499023, 50.249585);
insert into bas_area (id, area_level, area_code, area_name, parent_id, letter, baidu_id, longitude, latitude) values (231102, 3, '231102', '爱辉区', 231100, 'a', null, 127.497639, 50.249027);
insert into bas_area (id, area_level, area_code, area_name, parent_id, letter, baidu_id, longitude, latitude) values (231121, 3, '231121', '嫩江县', 231100, 'n', null, 125.229904, 49.177461);
insert into bas_area (id, area_level, area_code, area_name, parent_id, letter, baidu_id, longitude, latitude) values (231123, 3, '231123', '逊克县', 231100, 'x', null, 128.476152, 49.582974);
insert into bas_area (id, area_level, area_code, area_name, parent_id, letter, baidu_id, longitude, latitude) values (231124, 3, '231124', '孙吴县', 231100, 's', null, 127.327315, 49.423941);
insert into bas_area (id, area_level, area_code, area_name, parent_id, letter, baidu_id, longitude, latitude) values (231181, 3, '231181', '北安市', 231100, 'b', null, 126.508737, 48.245437);
insert into bas_area (id, area_level, area_code, area_name, parent_id, letter, baidu_id, longitude, latitude) values (231182, 3, '231182', '五大连池市', 231100, 'w', null, 126.197694, 48.512688);
insert into bas_area (id, area_level, area_code, area_name, parent_id, letter, baidu_id, longitude, latitude) values (231200, 2, '231200', '绥化市', 230000, 's', 44, 126.99293, 46.637393);
insert into bas_area (id, area_level, area_code, area_name, parent_id, letter, baidu_id, longitude, latitude) values (231202, 3, '231202', '北林区', 231200, 'b', null, 126.990665, 46.634912);
insert into bas_area (id, area_level, area_code, area_name, parent_id, letter, baidu_id, longitude, latitude) values (231221, 3, '231221', '望奎县', 231200, 'w', null, 126.484191, 46.83352);
insert into bas_area (id, area_level, area_code, area_name, parent_id, letter, baidu_id, longitude, latitude) values (231222, 3, '231222', '兰西县', 231200, 'l', null, 126.289315, 46.259037);
insert into bas_area (id, area_level, area_code, area_name, parent_id, letter, baidu_id, longitude, latitude) values (231223, 3, '231223', '青冈县', 231200, 'q', null, 126.112268, 46.686596);
insert into bas_area (id, area_level, area_code, area_name, parent_id, letter, baidu_id, longitude, latitude) values (231224, 3, '231224', '庆安县', 231200, 'q', null, 127.510024, 46.879203);
insert into bas_area (id, area_level, area_code, area_name, parent_id, letter, baidu_id, longitude, latitude) values (231225, 3, '231225', '明水县', 231200, 'm', null, 125.907544, 47.183527);
insert into bas_area (id, area_level, area_code, area_name, parent_id, letter, baidu_id, longitude, latitude) values (231226, 3, '231226', '绥棱县', 231200, 's', null, 127.111121, 47.247195);
insert into bas_area (id, area_level, area_code, area_name, parent_id, letter, baidu_id, longitude, latitude) values (231281, 3, '231281', '安达市', 231200, 'a', null, 125.329926, 46.410614);
insert into bas_area (id, area_level, area_code, area_name, parent_id, letter, baidu_id, longitude, latitude) values (231282, 3, '231282', '肇东市', 231200, 'z', null, 125.991402, 46.069471);
insert into bas_area (id, area_level, area_code, area_name, parent_id, letter, baidu_id, longitude, latitude) values (231283, 3, '231283', '海伦市', 231200, 'h', null, 126.969383, 47.460428);
insert into bas_area (id, area_level, area_code, area_name, parent_id, letter, baidu_id, longitude, latitude) values (232700, 2, '232700', '大兴安岭地区', 230000, 'd', 38, 124.711526, 52.335262);
insert into bas_area (id, area_level, area_code, area_name, parent_id, letter, baidu_id, longitude, latitude) values (232721, 3, '232721', '呼玛县', 232700, 'h', null, 126.662105, 51.726998);
insert into bas_area (id, area_level, area_code, area_name, parent_id, letter, baidu_id, longitude, latitude) values (232722, 3, '232722', '塔河县', 232700, 't', null, 124.710516, 52.335229);
insert into bas_area (id, area_level, area_code, area_name, parent_id, letter, baidu_id, longitude, latitude) values (232723, 3, '232723', '漠河县', 232700, 'm', null, 122.536256, 52.972074);
insert into bas_area (id, area_level, area_code, area_name, parent_id, letter, baidu_id, longitude, latitude) values (310000, 1, '310000', '上海', null, 's', null, 121.472644, 31.231706);
insert into bas_area (id, area_level, area_code, area_name, parent_id, letter, baidu_id, longitude, latitude) values (310100, 2, '310100', '上海市', 310000, 's', 289, 121.472644, 31.231706);
insert into bas_area (id, area_level, area_code, area_name, parent_id, letter, baidu_id, longitude, latitude) values (310101, 3, '310101', '黄浦区', 310100, 'h', null, 121.490317, 31.222771);
insert into bas_area (id, area_level, area_code, area_name, parent_id, letter, baidu_id, longitude, latitude) values (310104, 3, '310104', '徐汇区', 310100, 'x', null, 121.43752, 31.179973);
insert into bas_area (id, area_level, area_code, area_name, parent_id, letter, baidu_id, longitude, latitude) values (310105, 3, '310105', '长宁区', 310100, 'z', null, 121.4222, 31.218123);
insert into bas_area (id, area_level, area_code, area_name, parent_id, letter, baidu_id, longitude, latitude) values (310106, 3, '310106', '静安区', 310100, 'j', null, 121.448224, 31.229003);
insert into bas_area (id, area_level, area_code, area_name, parent_id, letter, baidu_id, longitude, latitude) values (310107, 3, '310107', '普陀区', 310100, 'p', null, 121.392499, 31.241701);
insert into bas_area (id, area_level, area_code, area_name, parent_id, letter, baidu_id, longitude, latitude) values (310109, 3, '310109', '虹口区', 310100, 'h', null, 121.491832, 31.26097);
insert into bas_area (id, area_level, area_code, area_name, parent_id, letter, baidu_id, longitude, latitude) values (310110, 3, '310110', '杨浦区', 310100, 'y', null, 121.522797, 31.270755);
insert into bas_area (id, area_level, area_code, area_name, parent_id, letter, baidu_id, longitude, latitude) values (310112, 3, '310112', '闵行区', 310100, 'm', null, 121.375972, 31.111658);
insert into bas_area (id, area_level, area_code, area_name, parent_id, letter, baidu_id, longitude, latitude) values (310113, 3, '310113', '宝山区', 310100, 'b', null, 121.489934, 31.398896);
insert into bas_area (id, area_level, area_code, area_name, parent_id, letter, baidu_id, longitude, latitude) values (310114, 3, '310114', '嘉定区', 310100, 'j', null, 121.250333, 31.383524);
insert into bas_area (id, area_level, area_code, area_name, parent_id, letter, baidu_id, longitude, latitude) values (310115, 3, '310115', '浦东新区', 310100, 'p', null, 121.567706, 31.245944);
insert into bas_area (id, area_level, area_code, area_name, parent_id, letter, baidu_id, longitude, latitude) values (310116, 3, '310116', '金山区', 310100, 'j', null, 121.330736, 30.724697);
insert into bas_area (id, area_level, area_code, area_name, parent_id, letter, baidu_id, longitude, latitude) values (310117, 3, '310117', '松江区', 310100, 's', null, 121.223543, 31.03047);
insert into bas_area (id, area_level, area_code, area_name, parent_id, letter, baidu_id, longitude, latitude) values (310118, 3, '310118', '青浦区', 310100, 'q', null, 121.113021, 31.151209);
insert into bas_area (id, area_level, area_code, area_name, parent_id, letter, baidu_id, longitude, latitude) values (310120, 3, '310120', '奉贤区', 310100, 'f', null, 121.458472, 30.912345);
insert into bas_area (id, area_level, area_code, area_name, parent_id, letter, baidu_id, longitude, latitude) values (310151, 3, '310151', '崇明区', 310100, 'c', null, 121.535397, 31.633564);
insert into bas_area (id, area_level, area_code, area_name, parent_id, letter, baidu_id, longitude, latitude) values (320000, 1, '320000', '江苏省', null, 'j', null, 118.767413, 32.041544);
insert into bas_area (id, area_level, area_code, area_name, parent_id, letter, baidu_id, longitude, latitude) values (320100, 2, '320100', '南京市', 320000, 'n', 315, 118.767413, 32.041544);
insert into bas_area (id, area_level, area_code, area_name, parent_id, letter, baidu_id, longitude, latitude) values (320102, 3, '320102', '玄武区', 320100, 'x', null, 118.792199, 32.050678);
insert into bas_area (id, area_level, area_code, area_name, parent_id, letter, baidu_id, longitude, latitude) values (320104, 3, '320104', '秦淮区', 320100, 'q', null, 118.786088, 32.033818);
insert into bas_area (id, area_level, area_code, area_name, parent_id, letter, baidu_id, longitude, latitude) values (320105, 3, '320105', '建邺区', 320100, 'j', null, 118.732688, 32.004538);
insert into bas_area (id, area_level, area_code, area_name, parent_id, letter, baidu_id, longitude, latitude) values (320106, 3, '320106', '鼓楼区', 320100, 'g', null, 118.769739, 32.066966);
insert into bas_area (id, area_level, area_code, area_name, parent_id, letter, baidu_id, longitude, latitude) values (320111, 3, '320111', '浦口区', 320100, 'p', null, 118.625307, 32.05839);
insert into bas_area (id, area_level, area_code, area_name, parent_id, letter, baidu_id, longitude, latitude) values (320113, 3, '320113', '栖霞区', 320100, 'q', null, 118.808702, 32.102147);
insert into bas_area (id, area_level, area_code, area_name, parent_id, letter, baidu_id, longitude, latitude) values (320114, 3, '320114', '雨花台区', 320100, 'y', null, 118.77207, 31.995946);
insert into bas_area (id, area_level, area_code, area_name, parent_id, letter, baidu_id, longitude, latitude) values (320115, 3, '320115', '江宁区', 320100, 'j', null, 118.850621, 31.953418);
insert into bas_area (id, area_level, area_code, area_name, parent_id, letter, baidu_id, longitude, latitude) values (320116, 3, '320116', '六合区', 320100, 'l', null, 118.85065, 32.340655);
insert into bas_area (id, area_level, area_code, area_name, parent_id, letter, baidu_id, longitude, latitude) values (320117, 3, '320117', '溧水区', 320100, 'l', null, 119.028732, 31.653061);
insert into bas_area (id, area_level, area_code, area_name, parent_id, letter, baidu_id, longitude, latitude) values (320118, 3, '320118', '高淳区', 320100, 'g', null, 118.87589, 31.327132);
insert into bas_area (id, area_level, area_code, area_name, parent_id, letter, baidu_id, longitude, latitude) values (320200, 2, '320200', '无锡市', 320000, 'w', 317, 120.301663, 31.574729);
insert into bas_area (id, area_level, area_code, area_name, parent_id, letter, baidu_id, longitude, latitude) values (320205, 3, '320205', '锡山区', 320200, 'x', null, 120.357298, 31.585559);
insert into bas_area (id, area_level, area_code, area_name, parent_id, letter, baidu_id, longitude, latitude) values (320206, 3, '320206', '惠山区', 320200, 'h', null, 120.303543, 31.681019);
insert into bas_area (id, area_level, area_code, area_name, parent_id, letter, baidu_id, longitude, latitude) values (320211, 3, '320211', '滨湖区', 320200, 'b', null, 120.266053, 31.550228);
insert into bas_area (id, area_level, area_code, area_name, parent_id, letter, baidu_id, longitude, latitude) values (320213, 3, '320213', '梁溪区', 320200, 'l', null, 114.422419, 27.761709);
insert into bas_area (id, area_level, area_code, area_name, parent_id, letter, baidu_id, longitude, latitude) values (320214, 3, '320214', '新吴区', 320200, 'x', null, 120.36977, 31.501683);
insert into bas_area (id, area_level, area_code, area_name, parent_id, letter, baidu_id, longitude, latitude) values (320281, 3, '320281', '江阴市', 320200, 'j', null, 120.275891, 31.910984);
insert into bas_area (id, area_level, area_code, area_name, parent_id, letter, baidu_id, longitude, latitude) values (320282, 3, '320282', '宜兴市', 320200, 'y', null, 119.820538, 31.364384);
insert into bas_area (id, area_level, area_code, area_name, parent_id, letter, baidu_id, longitude, latitude) values (320300, 2, '320300', '徐州市', 320000, 'x', 316, 117.184811, 34.261792);
insert into bas_area (id, area_level, area_code, area_name, parent_id, letter, baidu_id, longitude, latitude) values (320302, 3, '320302', '鼓楼区', 320300, 'g', null, 117.192941, 34.269397);
insert into bas_area (id, area_level, area_code, area_name, parent_id, letter, baidu_id, longitude, latitude) values (320303, 3, '320303', '云龙区', 320300, 'y', null, 117.194589, 34.254805);
insert into bas_area (id, area_level, area_code, area_name, parent_id, letter, baidu_id, longitude, latitude) values (320305, 3, '320305', '贾汪区', 320300, 'j', null, 117.450212, 34.441642);
insert into bas_area (id, area_level, area_code, area_name, parent_id, letter, baidu_id, longitude, latitude) values (320311, 3, '320311', '泉山区', 320300, 'q', null, 117.182225, 34.262249);
insert into bas_area (id, area_level, area_code, area_name, parent_id, letter, baidu_id, longitude, latitude) values (320312, 3, '320312', '铜山区', 320300, 't', null, 117.183894, 34.19288);
insert into bas_area (id, area_level, area_code, area_name, parent_id, letter, baidu_id, longitude, latitude) values (320321, 3, '320321', '丰县', 320300, 'f', null, 116.592888, 34.696946);
insert into bas_area (id, area_level, area_code, area_name, parent_id, letter, baidu_id, longitude, latitude) values (320322, 3, '320322', '沛县', 320300, 'p', null, 116.937182, 34.729044);
insert into bas_area (id, area_level, area_code, area_name, parent_id, letter, baidu_id, longitude, latitude) values (320324, 3, '320324', '睢宁县', 320300, 's', null, 117.95066, 33.899222);
insert into bas_area (id, area_level, area_code, area_name, parent_id, letter, baidu_id, longitude, latitude) values (320381, 3, '320381', '新沂市', 320300, 'x', null, 118.345828, 34.368779);
insert into bas_area (id, area_level, area_code, area_name, parent_id, letter, baidu_id, longitude, latitude) values (320382, 3, '320382', '邳州市', 320300, 'p', null, 117.963923, 34.314708);
insert into bas_area (id, area_level, area_code, area_name, parent_id, letter, baidu_id, longitude, latitude) values (320400, 2, '320400', '常州市', 320000, 'c', 348, 119.946973, 31.772752);
insert into bas_area (id, area_level, area_code, area_name, parent_id, letter, baidu_id, longitude, latitude) values (320402, 3, '320402', '天宁区', 320400, 't', null, 119.963783, 31.779632);
insert into bas_area (id, area_level, area_code, area_name, parent_id, letter, baidu_id, longitude, latitude) values (320404, 3, '320404', '钟楼区', 320400, 'z', null, 119.948388, 31.78096);
insert into bas_area (id, area_level, area_code, area_name, parent_id, letter, baidu_id, longitude, latitude) values (320411, 3, '320411', '新北区', 320400, 'x', null, 119.974654, 31.824664);
insert into bas_area (id, area_level, area_code, area_name, parent_id, letter, baidu_id, longitude, latitude) values (320412, 3, '320412', '武进区', 320400, 'w', null, 119.958773, 31.718566);
insert into bas_area (id, area_level, area_code, area_name, parent_id, letter, baidu_id, longitude, latitude) values (320413, 3, '320413', '金坛区', 320400, 'j', null, 119.515038, 31.723054);
insert into bas_area (id, area_level, area_code, area_name, parent_id, letter, baidu_id, longitude, latitude) values (320481, 3, '320481', '溧阳市', 320400, 'l', null, 119.487816, 31.427081);
insert into bas_area (id, area_level, area_code, area_name, parent_id, letter, baidu_id, longitude, latitude) values (320500, 2, '320500', '苏州市', 320000, 's', 224, 120.619585, 31.299379);
insert into bas_area (id, area_level, area_code, area_name, parent_id, letter, baidu_id, longitude, latitude) values (320505, 3, '320505', '虎丘区', 320500, 'h', null, 120.566833, 31.294845);
insert into bas_area (id, area_level, area_code, area_name, parent_id, letter, baidu_id, longitude, latitude) values (320506, 3, '320506', '吴中区', 320500, 'w', null, 120.624621, 31.270839);
insert into bas_area (id, area_level, area_code, area_name, parent_id, letter, baidu_id, longitude, latitude) values (320507, 3, '320507', '相城区', 320500, 'x', null, 120.618956, 31.396684);
insert into bas_area (id, area_level, area_code, area_name, parent_id, letter, baidu_id, longitude, latitude) values (320508, 3, '320508', '姑苏区', 320500, 'g', null, 120.622249, 31.311414);
insert into bas_area (id, area_level, area_code, area_name, parent_id, letter, baidu_id, longitude, latitude) values (320509, 3, '320509', '吴江区', 320500, 'w', null, 120.641601, 31.160404);
insert into bas_area (id, area_level, area_code, area_name, parent_id, letter, baidu_id, longitude, latitude) values (320581, 3, '320581', '常熟市', 320500, 'c', null, 120.74852, 31.658156);
insert into bas_area (id, area_level, area_code, area_name, parent_id, letter, baidu_id, longitude, latitude) values (320582, 3, '320582', '张家港市', 320500, 'z', null, 120.543441, 31.865553);
insert into bas_area (id, area_level, area_code, area_name, parent_id, letter, baidu_id, longitude, latitude) values (320583, 3, '320583', '昆山市', 320500, 'k', null, 120.958137, 31.381925);
insert into bas_area (id, area_level, area_code, area_name, parent_id, letter, baidu_id, longitude, latitude) values (320585, 3, '320585', '太仓市', 320500, 't', null, 121.112275, 31.452568);
insert into bas_area (id, area_level, area_code, area_name, parent_id, letter, baidu_id, longitude, latitude) values (320600, 2, '320600', '南通市', 320000, 'n', 161, 120.864608, 32.016212);
insert into bas_area (id, area_level, area_code, area_name, parent_id, letter, baidu_id, longitude, latitude) values (320602, 3, '320602', '崇川区', 320600, 'c', null, 120.86635, 32.015278);
insert into bas_area (id, area_level, area_code, area_name, parent_id, letter, baidu_id, longitude, latitude) values (320611, 3, '320611', '港闸区', 320600, 'g', null, 120.8339, 32.040299);
insert into bas_area (id, area_level, area_code, area_name, parent_id, letter, baidu_id, longitude, latitude) values (320612, 3, '320612', '通州区', 320600, 't', null, 121.073171, 32.084287);
insert into bas_area (id, area_level, area_code, area_name, parent_id, letter, baidu_id, longitude, latitude) values (320621, 3, '320621', '海安县', 320600, 'h', null, 120.465995, 32.540289);
insert into bas_area (id, area_level, area_code, area_name, parent_id, letter, baidu_id, longitude, latitude) values (320623, 3, '320623', '如东县', 320600, 'r', null, 121.186088, 32.311832);
insert into bas_area (id, area_level, area_code, area_name, parent_id, letter, baidu_id, longitude, latitude) values (320681, 3, '320681', '启东市', 320600, 'q', null, 121.659724, 31.810158);
insert into bas_area (id, area_level, area_code, area_name, parent_id, letter, baidu_id, longitude, latitude) values (320682, 3, '320682', '如皋市', 320600, 'r', null, 120.566324, 32.391591);
insert into bas_area (id, area_level, area_code, area_name, parent_id, letter, baidu_id, longitude, latitude) values (320684, 3, '320684', '海门市', 320600, 'h', null, 121.176609, 31.893528);
insert into bas_area (id, area_level, area_code, area_name, parent_id, letter, baidu_id, longitude, latitude) values (320700, 2, '320700', '连云港市', 320000, 'l', 347, 119.178821, 34.600018);
insert into bas_area (id, area_level, area_code, area_name, parent_id, letter, baidu_id, longitude, latitude) values (320703, 3, '320703', '连云区', 320700, 'l', null, 119.366487, 34.739529);
insert into bas_area (id, area_level, area_code, area_name, parent_id, letter, baidu_id, longitude, latitude) values (320706, 3, '320706', '海州区', 320700, 'h', null, 119.179793, 34.601584);
insert into bas_area (id, area_level, area_code, area_name, parent_id, letter, baidu_id, longitude, latitude) values (320707, 3, '320707', '赣榆区', 320700, 'g', null, 119.170807, 34.83896);
insert into bas_area (id, area_level, area_code, area_name, parent_id, letter, baidu_id, longitude, latitude) values (320722, 3, '320722', '东海县', 320700, 'd', null, 118.766489, 34.522859);
insert into bas_area (id, area_level, area_code, area_name, parent_id, letter, baidu_id, longitude, latitude) values (320723, 3, '320723', '灌云县', 320700, 'g', null, 119.255741, 34.298436);
insert into bas_area (id, area_level, area_code, area_name, parent_id, letter, baidu_id, longitude, latitude) values (320724, 3, '320724', '灌南县', 320700, 'g', null, 119.352331, 34.092553);
insert into bas_area (id, area_level, area_code, area_name, parent_id, letter, baidu_id, longitude, latitude) values (320800, 2, '320800', '淮安市', 320000, 'h', 162, 119.021265, 33.597506);
insert into bas_area (id, area_level, area_code, area_name, parent_id, letter, baidu_id, longitude, latitude) values (320803, 3, '320803', '淮安区', 320800, 'h', null, 119.14634, 33.507499);
insert into bas_area (id, area_level, area_code, area_name, parent_id, letter, baidu_id, longitude, latitude) values (320804, 3, '320804', '淮阴区', 320800, 'h', null, 119.020817, 33.622452);
insert into bas_area (id, area_level, area_code, area_name, parent_id, letter, baidu_id, longitude, latitude) values (320812, 3, '320812', '清江浦区', 320800, 'q', null, 97.121281, 31.963514);
insert into bas_area (id, area_level, area_code, area_name, parent_id, letter, baidu_id, longitude, latitude) values (320813, 3, '320813', '洪泽区', 320800, 'h', null, 118.828199, 33.235206);
insert into bas_area (id, area_level, area_code, area_name, parent_id, letter, baidu_id, longitude, latitude) values (320826, 3, '320826', '涟水县', 320800, 'l', null, 119.266078, 33.771308);
insert into bas_area (id, area_level, area_code, area_name, parent_id, letter, baidu_id, longitude, latitude) values (320830, 3, '320830', '盱眙县', 320800, 'x', null, 118.493823, 33.00439);
insert into bas_area (id, area_level, area_code, area_name, parent_id, letter, baidu_id, longitude, latitude) values (320831, 3, '320831', '金湖县', 320800, 'j', null, 119.016936, 33.018162);
insert into bas_area (id, area_level, area_code, area_name, parent_id, letter, baidu_id, longitude, latitude) values (320900, 2, '320900', '盐城市', 320000, 'y', 223, 120.139998, 33.377631);
insert into bas_area (id, area_level, area_code, area_name, parent_id, letter, baidu_id, longitude, latitude) values (320902, 3, '320902', '亭湖区', 320900, 't', null, 120.136078, 33.383912);
insert into bas_area (id, area_level, area_code, area_name, parent_id, letter, baidu_id, longitude, latitude) values (320903, 3, '320903', '盐都区', 320900, 'y', null, 120.139753, 33.341288);
insert into bas_area (id, area_level, area_code, area_name, parent_id, letter, baidu_id, longitude, latitude) values (320904, 3, '320904', '大丰区', 320900, 'd', null, 120.546274, 33.190868);
insert into bas_area (id, area_level, area_code, area_name, parent_id, letter, baidu_id, longitude, latitude) values (320921, 3, '320921', '响水县', 320900, 'x', null, 119.579573, 34.19996);
insert into bas_area (id, area_level, area_code, area_name, parent_id, letter, baidu_id, longitude, latitude) values (320922, 3, '320922', '滨海县', 320900, 'b', null, 119.828434, 33.989888);
insert into bas_area (id, area_level, area_code, area_name, parent_id, letter, baidu_id, longitude, latitude) values (320923, 3, '320923', '阜宁县', 320900, 'f', null, 119.805338, 33.78573);
insert into bas_area (id, area_level, area_code, area_name, parent_id, letter, baidu_id, longitude, latitude) values (320924, 3, '320924', '射阳县', 320900, 's', null, 120.257444, 33.773779);
insert into bas_area (id, area_level, area_code, area_name, parent_id, letter, baidu_id, longitude, latitude) values (320925, 3, '320925', '建湖县', 320900, 'j', null, 119.793105, 33.472621);
insert into bas_area (id, area_level, area_code, area_name, parent_id, letter, baidu_id, longitude, latitude) values (320981, 3, '320981', '东台市', 320900, 'd', null, 120.314101, 32.853174);
insert into bas_area (id, area_level, area_code, area_name, parent_id, letter, baidu_id, longitude, latitude) values (321000, 2, '321000', '扬州市', 320000, 'y', 346, 119.421003, 32.393159);
insert into bas_area (id, area_level, area_code, area_name, parent_id, letter, baidu_id, longitude, latitude) values (321002, 3, '321002', '广陵区', 321000, 'g', null, 119.442267, 32.392154);
insert into bas_area (id, area_level, area_code, area_name, parent_id, letter, baidu_id, longitude, latitude) values (321003, 3, '321003', '邗江区', 321000, 'h', null, 119.397777, 32.377899);
insert into bas_area (id, area_level, area_code, area_name, parent_id, letter, baidu_id, longitude, latitude) values (321012, 3, '321012', '江都区', 321000, 'j', null, 119.567481, 32.426564);
insert into bas_area (id, area_level, area_code, area_name, parent_id, letter, baidu_id, longitude, latitude) values (321023, 3, '321023', '宝应县', 321000, 'b', null, 119.321284, 33.23694);
insert into bas_area (id, area_level, area_code, area_name, parent_id, letter, baidu_id, longitude, latitude) values (321081, 3, '321081', '仪征市', 321000, 'y', null, 119.182443, 32.271965);
insert into bas_area (id, area_level, area_code, area_name, parent_id, letter, baidu_id, longitude, latitude) values (321084, 3, '321084', '高邮市', 321000, 'g', null, 119.443842, 32.785164);
insert into bas_area (id, area_level, area_code, area_name, parent_id, letter, baidu_id, longitude, latitude) values (321100, 2, '321100', '镇江市', 320000, 'z', 160, 119.452753, 32.204402);
insert into bas_area (id, area_level, area_code, area_name, parent_id, letter, baidu_id, longitude, latitude) values (321102, 3, '321102', '京口区', 321100, 'j', null, 119.454571, 32.206191);
insert into bas_area (id, area_level, area_code, area_name, parent_id, letter, baidu_id, longitude, latitude) values (321111, 3, '321111', '润州区', 321100, 'r', null, 119.414877, 32.213501);
insert into bas_area (id, area_level, area_code, area_name, parent_id, letter, baidu_id, longitude, latitude) values (321112, 3, '321112', '丹徒区', 321100, 'd', null, 119.433883, 32.128972);
insert into bas_area (id, area_level, area_code, area_name, parent_id, letter, baidu_id, longitude, latitude) values (321181, 3, '321181', '丹阳市', 321100, 'd', null, 119.581911, 31.991459);
insert into bas_area (id, area_level, area_code, area_name, parent_id, letter, baidu_id, longitude, latitude) values (321182, 3, '321182', '扬中市', 321100, 'y', null, 119.828054, 32.237266);
insert into bas_area (id, area_level, area_code, area_name, parent_id, letter, baidu_id, longitude, latitude) values (321183, 3, '321183', '句容市', 321100, 'j', null, 119.167135, 31.947355);
insert into bas_area (id, area_level, area_code, area_name, parent_id, letter, baidu_id, longitude, latitude) values (321200, 2, '321200', '泰州市', 320000, 't', 276, 119.915176, 32.484882);
insert into bas_area (id, area_level, area_code, area_name, parent_id, letter, baidu_id, longitude, latitude) values (321202, 3, '321202', '海陵区', 321200, 'h', null, 119.920187, 32.488406);
insert into bas_area (id, area_level, area_code, area_name, parent_id, letter, baidu_id, longitude, latitude) values (321203, 3, '321203', '高港区', 321200, 'g', null, 119.88166, 32.315701);
insert into bas_area (id, area_level, area_code, area_name, parent_id, letter, baidu_id, longitude, latitude) values (321204, 3, '321204', '姜堰区', 321200, 'j', null, 120.148208, 32.508483);
insert into bas_area (id, area_level, area_code, area_name, parent_id, letter, baidu_id, longitude, latitude) values (321281, 3, '321281', '兴化市', 321200, 'x', null, 119.840162, 32.938065);
insert into bas_area (id, area_level, area_code, area_name, parent_id, letter, baidu_id, longitude, latitude) values (321282, 3, '321282', '靖江市', 321200, 'j', null, 120.26825, 32.018168);
insert into bas_area (id, area_level, area_code, area_name, parent_id, letter, baidu_id, longitude, latitude) values (321283, 3, '321283', '泰兴市', 321200, 't', null, 120.020228, 32.168784);
insert into bas_area (id, area_level, area_code, area_name, parent_id, letter, baidu_id, longitude, latitude) values (321300, 2, '321300', '宿迁市', 320000, 'x', 277, 118.275162, 33.963008);
insert into bas_area (id, area_level, area_code, area_name, parent_id, letter, baidu_id, longitude, latitude) values (321302, 3, '321302', '宿城区', 321300, 'x', null, 118.278984, 33.937726);
insert into bas_area (id, area_level, area_code, area_name, parent_id, letter, baidu_id, longitude, latitude) values (321311, 3, '321311', '宿豫区', 321300, 'x', null, 118.330012, 33.941071);
insert into bas_area (id, area_level, area_code, area_name, parent_id, letter, baidu_id, longitude, latitude) values (321322, 3, '321322', '沭阳县', 321300, 's', null, 118.775889, 34.129097);
insert into bas_area (id, area_level, area_code, area_name, parent_id, letter, baidu_id, longitude, latitude) values (321323, 3, '321323', '泗阳县', 321300, 's', null, 118.681284, 33.711433);
insert into bas_area (id, area_level, area_code, area_name, parent_id, letter, baidu_id, longitude, latitude) values (321324, 3, '321324', '泗洪县', 321300, 's', null, 118.211824, 33.456538);
insert into bas_area (id, area_level, area_code, area_name, parent_id, letter, baidu_id, longitude, latitude) values (330000, 1, '330000', '浙江省', null, 'z', null, 120.153576, 30.287459);
insert into bas_area (id, area_level, area_code, area_name, parent_id, letter, baidu_id, longitude, latitude) values (330100, 2, '330100', '杭州市', 330000, 'h', 179, 120.153576, 30.287459);
insert into bas_area (id, area_level, area_code, area_name, parent_id, letter, baidu_id, longitude, latitude) values (330102, 3, '330102', '上城区', 330100, 's', null, 120.171465, 30.250236);
insert into bas_area (id, area_level, area_code, area_name, parent_id, letter, baidu_id, longitude, latitude) values (330103, 3, '330103', '下城区', 330100, 'x', null, 120.172763, 30.276271);
insert into bas_area (id, area_level, area_code, area_name, parent_id, letter, baidu_id, longitude, latitude) values (330104, 3, '330104', '江干区', 330100, 'j', null, 120.202633, 30.266603);
insert into bas_area (id, area_level, area_code, area_name, parent_id, letter, baidu_id, longitude, latitude) values (330105, 3, '330105', '拱墅区', 330100, 'g', null, 120.150053, 30.314697);
insert into bas_area (id, area_level, area_code, area_name, parent_id, letter, baidu_id, longitude, latitude) values (330106, 3, '330106', '西湖区', 330100, 'x', null, 120.147376, 30.272934);
insert into bas_area (id, area_level, area_code, area_name, parent_id, letter, baidu_id, longitude, latitude) values (330108, 3, '330108', '滨江区', 330100, 'b', null, 120.21062, 30.206615);
insert into bas_area (id, area_level, area_code, area_name, parent_id, letter, baidu_id, longitude, latitude) values (330109, 3, '330109', '萧山区', 330100, 'x', null, 120.27069, 30.162932);
insert into bas_area (id, area_level, area_code, area_name, parent_id, letter, baidu_id, longitude, latitude) values (330110, 3, '330110', '余杭区', 330100, 'y', null, 120.301737, 30.421187);
insert into bas_area (id, area_level, area_code, area_name, parent_id, letter, baidu_id, longitude, latitude) values (330111, 3, '330111', '富阳区', 330100, 'f', null, 119.846691, 30.001094);
insert into bas_area (id, area_level, area_code, area_name, parent_id, letter, baidu_id, longitude, latitude) values (330122, 3, '330122', '桐庐县', 330100, 't', null, 119.685045, 29.797437);
insert into bas_area (id, area_level, area_code, area_name, parent_id, letter, baidu_id, longitude, latitude) values (330127, 3, '330127', '淳安县', 330100, 'c', null, 119.044276, 29.604177);
insert into bas_area (id, area_level, area_code, area_name, parent_id, letter, baidu_id, longitude, latitude) values (330182, 3, '330182', '建德市', 330100, 'j', null, 119.279089, 29.472284);
insert into bas_area (id, area_level, area_code, area_name, parent_id, letter, baidu_id, longitude, latitude) values (330185, 3, '330185', '临安市', 330100, 'l', null, 119.715101, 30.231153);
insert into bas_area (id, area_level, area_code, area_name, parent_id, letter, baidu_id, longitude, latitude) values (330200, 2, '330200', '宁波市', 330000, 'n', 180, 121.549792, 29.868388);
insert into bas_area (id, area_level, area_code, area_name, parent_id, letter, baidu_id, longitude, latitude) values (330203, 3, '330203', '海曙区', 330200, 'h', null, 121.539698, 29.874452);
insert into bas_area (id, area_level, area_code, area_name, parent_id, letter, baidu_id, longitude, latitude) values (330204, 3, '330204', '江东区', 330200, 'j', null, 121.572991, 29.866542);
insert into bas_area (id, area_level, area_code, area_name, parent_id, letter, baidu_id, longitude, latitude) values (330205, 3, '330205', '江北区', 330200, 'j', null, 121.559282, 29.888361);
insert into bas_area (id, area_level, area_code, area_name, parent_id, letter, baidu_id, longitude, latitude) values (330206, 3, '330206', '北仑区', 330200, 'b', null, 121.831303, 29.90944);
insert into bas_area (id, area_level, area_code, area_name, parent_id, letter, baidu_id, longitude, latitude) values (330211, 3, '330211', '镇海区', 330200, 'z', null, 121.713162, 29.952107);
insert into bas_area (id, area_level, area_code, area_name, parent_id, letter, baidu_id, longitude, latitude) values (330212, 3, '330212', '鄞州区', 330200, 'y', null, 121.558436, 29.831662);
insert into bas_area (id, area_level, area_code, area_name, parent_id, letter, baidu_id, longitude, latitude) values (330225, 3, '330225', '象山县', 330200, 'x', null, 121.877091, 29.470206);
insert into bas_area (id, area_level, area_code, area_name, parent_id, letter, baidu_id, longitude, latitude) values (330226, 3, '330226', '宁海县', 330200, 'n', null, 121.432606, 29.299836);
insert into bas_area (id, area_level, area_code, area_name, parent_id, letter, baidu_id, longitude, latitude) values (330281, 3, '330281', '余姚市', 330200, 'y', null, 121.156294, 30.045404);
insert into bas_area (id, area_level, area_code, area_name, parent_id, letter, baidu_id, longitude, latitude) values (330282, 3, '330282', '慈溪市', 330200, 'c', null, 121.248052, 30.177142);
insert into bas_area (id, area_level, area_code, area_name, parent_id, letter, baidu_id, longitude, latitude) values (330283, 3, '330283', '奉化市', 330200, 'f', null, 121.41089, 29.662348);
insert into bas_area (id, area_level, area_code, area_name, parent_id, letter, baidu_id, longitude, latitude) values (330300, 2, '330300', '温州市', 330000, 'w', 178, 120.672111, 28.000575);
insert into bas_area (id, area_level, area_code, area_name, parent_id, letter, baidu_id, longitude, latitude) values (330302, 3, '330302', '鹿城区', 330300, 'l', null, 120.674231, 28.003352);
insert into bas_area (id, area_level, area_code, area_name, parent_id, letter, baidu_id, longitude, latitude) values (330303, 3, '330303', '龙湾区', 330300, 'l', null, 120.763469, 27.970254);
insert into bas_area (id, area_level, area_code, area_name, parent_id, letter, baidu_id, longitude, latitude) values (330304, 3, '330304', '瓯海区', 330300, 'ō', null, 120.637145, 28.006444);
insert into bas_area (id, area_level, area_code, area_name, parent_id, letter, baidu_id, longitude, latitude) values (330305, 3, '330305', '洞头区', 330300, 'd', null, 121.125826, 27.903663);
insert into bas_area (id, area_level, area_code, area_name, parent_id, letter, baidu_id, longitude, latitude) values (330324, 3, '330324', '永嘉县', 330300, 'y', null, 120.690968, 28.153886);
insert into bas_area (id, area_level, area_code, area_name, parent_id, letter, baidu_id, longitude, latitude) values (330326, 3, '330326', '平阳县', 330300, 'p', null, 120.564387, 27.6693);
insert into bas_area (id, area_level, area_code, area_name, parent_id, letter, baidu_id, longitude, latitude) values (330327, 3, '330327', '苍南县', 330300, 'c', null, 120.406256, 27.507743);
insert into bas_area (id, area_level, area_code, area_name, parent_id, letter, baidu_id, longitude, latitude) values (330328, 3, '330328', '文成县', 330300, 'w', null, 120.09245, 27.789133);
insert into bas_area (id, area_level, area_code, area_name, parent_id, letter, baidu_id, longitude, latitude) values (330329, 3, '330329', '泰顺县', 330300, 't', null, 119.71624, 27.557309);
insert into bas_area (id, area_level, area_code, area_name, parent_id, letter, baidu_id, longitude, latitude) values (330381, 3, '330381', '瑞安市', 330300, 'r', null, 120.646171, 27.779321);
insert into bas_area (id, area_level, area_code, area_name, parent_id, letter, baidu_id, longitude, latitude) values (330382, 3, '330382', '乐清市', 330300, 'l', null, 120.967147, 28.116083);
insert into bas_area (id, area_level, area_code, area_name, parent_id, letter, baidu_id, longitude, latitude) values (330400, 2, '330400', '嘉兴市', 330000, 'j', 334, 120.750865, 30.762653);
insert into bas_area (id, area_level, area_code, area_name, parent_id, letter, baidu_id, longitude, latitude) values (330402, 3, '330402', '南湖区', 330400, 'n', null, 120.749953, 30.764652);
insert into bas_area (id, area_level, area_code, area_name, parent_id, letter, baidu_id, longitude, latitude) values (330411, 3, '330411', '秀洲区', 330400, 'x', null, 120.720431, 30.763323);
insert into bas_area (id, area_level, area_code, area_name, parent_id, letter, baidu_id, longitude, latitude) values (330421, 3, '330421', '嘉善县', 330400, 'j', null, 120.921871, 30.841352);
insert into bas_area (id, area_level, area_code, area_name, parent_id, letter, baidu_id, longitude, latitude) values (330424, 3, '330424', '海盐县', 330400, 'h', null, 120.942017, 30.522223);
insert into bas_area (id, area_level, area_code, area_name, parent_id, letter, baidu_id, longitude, latitude) values (330481, 3, '330481', '海宁市', 330400, 'h', null, 120.688821, 30.525544);
insert into bas_area (id, area_level, area_code, area_name, parent_id, letter, baidu_id, longitude, latitude) values (330482, 3, '330482', '平湖市', 330400, 'p', null, 121.014666, 30.698921);
insert into bas_area (id, area_level, area_code, area_name, parent_id, letter, baidu_id, longitude, latitude) values (330483, 3, '330483', '桐乡市', 330400, 't', null, 120.551085, 30.629065);
insert into bas_area (id, area_level, area_code, area_name, parent_id, letter, baidu_id, longitude, latitude) values (330500, 2, '330500', '湖州市', 330000, 'h', 294, 120.102398, 30.867198);
insert into bas_area (id, area_level, area_code, area_name, parent_id, letter, baidu_id, longitude, latitude) values (330502, 3, '330502', '吴兴区', 330500, 'w', null, 120.101416, 30.867252);
insert into bas_area (id, area_level, area_code, area_name, parent_id, letter, baidu_id, longitude, latitude) values (330503, 3, '330503', '南浔区', 330500, 'n', null, 120.417195, 30.872742);
insert into bas_area (id, area_level, area_code, area_name, parent_id, letter, baidu_id, longitude, latitude) values (330521, 3, '330521', '德清县', 330500, 'd', null, 119.967662, 30.534927);
insert into bas_area (id, area_level, area_code, area_name, parent_id, letter, baidu_id, longitude, latitude) values (330522, 3, '330522', '长兴县', 330500, 'z', null, 119.910122, 31.00475);
insert into bas_area (id, area_level, area_code, area_name, parent_id, letter, baidu_id, longitude, latitude) values (330523, 3, '330523', '安吉县', 330500, 'a', null, 119.687891, 30.631974);
insert into bas_area (id, area_level, area_code, area_name, parent_id, letter, baidu_id, longitude, latitude) values (330600, 2, '330600', '绍兴市', 330000, 's', 293, 120.582112, 29.997117);
insert into bas_area (id, area_level, area_code, area_name, parent_id, letter, baidu_id, longitude, latitude) values (330602, 3, '330602', '越城区', 330600, 'y', null, 120.585315, 29.996993);
insert into bas_area (id, area_level, area_code, area_name, parent_id, letter, baidu_id, longitude, latitude) values (330603, 3, '330603', '柯桥区', 330600, 'k', null, 120.454333, 30.072023);
insert into bas_area (id, area_level, area_code, area_name, parent_id, letter, baidu_id, longitude, latitude) values (330604, 3, '330604', '上虞区', 330600, 's', null, 120.870084, 30.032212);
insert into bas_area (id, area_level, area_code, area_name, parent_id, letter, baidu_id, longitude, latitude) values (330624, 3, '330624', '新昌县', 330600, 'x', null, 120.905665, 29.501205);
insert into bas_area (id, area_level, area_code, area_name, parent_id, letter, baidu_id, longitude, latitude) values (330681, 3, '330681', '诸暨市', 330600, 'z', null, 120.244326, 29.713662);
insert into bas_area (id, area_level, area_code, area_name, parent_id, letter, baidu_id, longitude, latitude) values (330683, 3, '330683', '嵊州市', 330600, 's', null, 120.82888, 29.586606);
insert into bas_area (id, area_level, area_code, area_name, parent_id, letter, baidu_id, longitude, latitude) values (330700, 2, '330700', '金华市', 330000, 'j', 333, 119.649506, 29.089524);
insert into bas_area (id, area_level, area_code, area_name, parent_id, letter, baidu_id, longitude, latitude) values (330702, 3, '330702', '婺城区', 330700, 'w', null, 119.652579, 29.082607);
insert into bas_area (id, area_level, area_code, area_name, parent_id, letter, baidu_id, longitude, latitude) values (330703, 3, '330703', '金东区', 330700, 'j', null, 119.681264, 29.095835);
insert into bas_area (id, area_level, area_code, area_name, parent_id, letter, baidu_id, longitude, latitude) values (330723, 3, '330723', '武义县', 330700, 'w', null, 119.819159, 28.896563);
insert into bas_area (id, area_level, area_code, area_name, parent_id, letter, baidu_id, longitude, latitude) values (330726, 3, '330726', '浦江县', 330700, 'p', null, 119.893363, 29.451254);
insert into bas_area (id, area_level, area_code, area_name, parent_id, letter, baidu_id, longitude, latitude) values (330727, 3, '330727', '磐安县', 330700, 'p', null, 120.44513, 29.052627);
insert into bas_area (id, area_level, area_code, area_name, parent_id, letter, baidu_id, longitude, latitude) values (330781, 3, '330781', '兰溪市', 330700, 'l', null, 119.460521, 29.210065);
insert into bas_area (id, area_level, area_code, area_name, parent_id, letter, baidu_id, longitude, latitude) values (330782, 3, '330782', '义乌市', 330700, 'y', null, 120.074911, 29.306863);
insert into bas_area (id, area_level, area_code, area_name, parent_id, letter, baidu_id, longitude, latitude) values (330783, 3, '330783', '东阳市', 330700, 'd', null, 120.23334, 29.262546);
insert into bas_area (id, area_level, area_code, area_name, parent_id, letter, baidu_id, longitude, latitude) values (330784, 3, '330784', '永康市', 330700, 'y', null, 120.036328, 28.895293);
insert into bas_area (id, area_level, area_code, area_name, parent_id, letter, baidu_id, longitude, latitude) values (330800, 2, '330800', '衢州市', 330000, 'q', 243, 118.87263, 28.941708);
insert into bas_area (id, area_level, area_code, area_name, parent_id, letter, baidu_id, longitude, latitude) values (330802, 3, '330802', '柯城区', 330800, 'k', null, 118.873041, 28.944539);
insert into bas_area (id, area_level, area_code, area_name, parent_id, letter, baidu_id, longitude, latitude) values (330803, 3, '330803', '衢江区', 330800, 'q', null, 118.957683, 28.973195);
insert into bas_area (id, area_level, area_code, area_name, parent_id, letter, baidu_id, longitude, latitude) values (330822, 3, '330822', '常山县', 330800, 'c', null, 118.521654, 28.900039);
insert into bas_area (id, area_level, area_code, area_name, parent_id, letter, baidu_id, longitude, latitude) values (330824, 3, '330824', '开化县', 330800, 'k', null, 118.414435, 29.136503);
insert into bas_area (id, area_level, area_code, area_name, parent_id, letter, baidu_id, longitude, latitude) values (330825, 3, '330825', '龙游县', 330800, 'l', null, 119.172525, 29.031364);
insert into bas_area (id, area_level, area_code, area_name, parent_id, letter, baidu_id, longitude, latitude) values (330881, 3, '330881', '江山市', 330800, 'j', null, 118.627879, 28.734674);
insert into bas_area (id, area_level, area_code, area_name, parent_id, letter, baidu_id, longitude, latitude) values (330900, 2, '330900', '舟山市', 330000, 'z', 245, 122.106863, 30.016028);
insert into bas_area (id, area_level, area_code, area_name, parent_id, letter, baidu_id, longitude, latitude) values (330902, 3, '330902', '定海区', 330900, 'd', null, 122.108496, 30.016423);
insert into bas_area (id, area_level, area_code, area_name, parent_id, letter, baidu_id, longitude, latitude) values (330903, 3, '330903', '普陀区', 330900, 'p', null, 122.301953, 29.945614);
insert into bas_area (id, area_level, area_code, area_name, parent_id, letter, baidu_id, longitude, latitude) values (330921, 3, '330921', '岱山县', 330900, 'd', null, 122.201132, 30.242865);
insert into bas_area (id, area_level, area_code, area_name, parent_id, letter, baidu_id, longitude, latitude) values (330922, 3, '330922', '嵊泗县', 330900, 's', null, 122.457809, 30.727166);
insert into bas_area (id, area_level, area_code, area_name, parent_id, letter, baidu_id, longitude, latitude) values (331000, 2, '331000', '台州市', 330000, 't', 244, 121.428599, 28.661378);
insert into bas_area (id, area_level, area_code, area_name, parent_id, letter, baidu_id, longitude, latitude) values (331002, 3, '331002', '椒江区', 331000, 'j', null, 121.431049, 28.67615);
insert into bas_area (id, area_level, area_code, area_name, parent_id, letter, baidu_id, longitude, latitude) values (331003, 3, '331003', '黄岩区', 331000, 'h', null, 121.262138, 28.64488);
insert into bas_area (id, area_level, area_code, area_name, parent_id, letter, baidu_id, longitude, latitude) values (331004, 3, '331004', '路桥区', 331000, 'l', null, 121.37292, 28.581799);
insert into bas_area (id, area_level, area_code, area_name, parent_id, letter, baidu_id, longitude, latitude) values (331021, 3, '331021', '玉环县', 331000, 'y', null, 121.232337, 28.12842);
insert into bas_area (id, area_level, area_code, area_name, parent_id, letter, baidu_id, longitude, latitude) values (331022, 3, '331022', '三门县', 331000, 's', null, 121.376429, 29.118955);
insert into bas_area (id, area_level, area_code, area_name, parent_id, letter, baidu_id, longitude, latitude) values (331023, 3, '331023', '天台县', 331000, 't', null, 121.031227, 29.141126);
insert into bas_area (id, area_level, area_code, area_name, parent_id, letter, baidu_id, longitude, latitude) values (331024, 3, '331024', '仙居县', 331000, 'x', null, 120.735074, 28.849213);
insert into bas_area (id, area_level, area_code, area_name, parent_id, letter, baidu_id, longitude, latitude) values (331081, 3, '331081', '温岭市', 331000, 'w', null, 121.373611, 28.368781);
insert into bas_area (id, area_level, area_code, area_name, parent_id, letter, baidu_id, longitude, latitude) values (331082, 3, '331082', '临海市', 331000, 'l', null, 121.131229, 28.845441);
insert into bas_area (id, area_level, area_code, area_name, parent_id, letter, baidu_id, longitude, latitude) values (331100, 2, '331100', '丽水市', 330000, 'l', 292, 119.921786, 28.451993);
insert into bas_area (id, area_level, area_code, area_name, parent_id, letter, baidu_id, longitude, latitude) values (331102, 3, '331102', '莲都区', 331100, 'l', null, 119.922293, 28.451103);
insert into bas_area (id, area_level, area_code, area_name, parent_id, letter, baidu_id, longitude, latitude) values (331121, 3, '331121', '青田县', 331100, 'q', null, 120.291939, 28.135247);
insert into bas_area (id, area_level, area_code, area_name, parent_id, letter, baidu_id, longitude, latitude) values (331122, 3, '331122', '缙云县', 331100, 'j', null, 120.078965, 28.654208);
insert into bas_area (id, area_level, area_code, area_name, parent_id, letter, baidu_id, longitude, latitude) values (331123, 3, '331123', '遂昌县', 331100, 's', null, 119.27589, 28.5924);
insert into bas_area (id, area_level, area_code, area_name, parent_id, letter, baidu_id, longitude, latitude) values (331124, 3, '331124', '松阳县', 331100, 's', null, 119.485292, 28.449937);
insert into bas_area (id, area_level, area_code, area_name, parent_id, letter, baidu_id, longitude, latitude) values (331125, 3, '331125', '云和县', 331100, 'y', null, 119.569458, 28.111077);
insert into bas_area (id, area_level, area_code, area_name, parent_id, letter, baidu_id, longitude, latitude) values (331126, 3, '331126', '庆元县', 331100, 'q', null, 119.067233, 27.618231);
insert into bas_area (id, area_level, area_code, area_name, parent_id, letter, baidu_id, longitude, latitude) values (331127, 3, '331127', '景宁畲族自治县', 331100, 'j', null, 119.634669, 27.977247);
insert into bas_area (id, area_level, area_code, area_name, parent_id, letter, baidu_id, longitude, latitude) values (331181, 3, '331181', '龙泉市', 331100, 'l', null, 119.132319, 28.069177);
insert into bas_area (id, area_level, area_code, area_name, parent_id, letter, baidu_id, longitude, latitude) values (340000, 1, '340000', '安徽省', null, 'a', null, 117.283042, 31.86119);
insert into bas_area (id, area_level, area_code, area_name, parent_id, letter, baidu_id, longitude, latitude) values (340100, 2, '340100', '合肥市', 340000, 'h', 127, 117.283042, 31.86119);
insert into bas_area (id, area_level, area_code, area_name, parent_id, letter, baidu_id, longitude, latitude) values (340102, 3, '340102', '瑶海区', 340100, 'y', null, 117.315358, 31.86961);
insert into bas_area (id, area_level, area_code, area_name, parent_id, letter, baidu_id, longitude, latitude) values (340103, 3, '340103', '庐阳区', 340100, 'l', null, 117.283776, 31.869011);
insert into bas_area (id, area_level, area_code, area_name, parent_id, letter, baidu_id, longitude, latitude) values (340104, 3, '340104', '蜀山区', 340100, 's', null, 117.262072, 31.855868);
insert into bas_area (id, area_level, area_code, area_name, parent_id, letter, baidu_id, longitude, latitude) values (340111, 3, '340111', '包河区', 340100, 'b', null, 117.285751, 31.82956);
insert into bas_area (id, area_level, area_code, area_name, parent_id, letter, baidu_id, longitude, latitude) values (340121, 3, '340121', '长丰县', 340100, 'z', null, 117.164699, 32.478548);
insert into bas_area (id, area_level, area_code, area_name, parent_id, letter, baidu_id, longitude, latitude) values (340122, 3, '340122', '肥东县', 340100, 'f', null, 117.463222, 31.883992);
insert into bas_area (id, area_level, area_code, area_name, parent_id, letter, baidu_id, longitude, latitude) values (340123, 3, '340123', '肥西县', 340100, 'f', null, 117.166118, 31.719646);
insert into bas_area (id, area_level, area_code, area_name, parent_id, letter, baidu_id, longitude, latitude) values (340124, 3, '340124', '庐江县', 340100, 'l', null, 117.289844, 31.251488);
insert into bas_area (id, area_level, area_code, area_name, parent_id, letter, baidu_id, longitude, latitude) values (340181, 3, '340181', '巢湖市', 340100, 'c', 251, 117.874155, 31.600518);
insert into bas_area (id, area_level, area_code, area_name, parent_id, letter, baidu_id, longitude, latitude) values (340200, 2, '340200', '芜湖市', 340000, 'w', 129, 118.376451, 31.326319);
insert into bas_area (id, area_level, area_code, area_name, parent_id, letter, baidu_id, longitude, latitude) values (340202, 3, '340202', '镜湖区', 340200, 'j', null, 118.376343, 31.32559);
insert into bas_area (id, area_level, area_code, area_name, parent_id, letter, baidu_id, longitude, latitude) values (340203, 3, '340203', '弋江区', 340200, 'y', null, 118.377476, 31.313394);
insert into bas_area (id, area_level, area_code, area_name, parent_id, letter, baidu_id, longitude, latitude) values (340207, 3, '340207', '鸠江区', 340200, 'j', null, 118.400174, 31.362716);
insert into bas_area (id, area_level, area_code, area_name, parent_id, letter, baidu_id, longitude, latitude) values (340208, 3, '340208', '三山区', 340200, 's', null, 118.233987, 31.225423);
insert into bas_area (id, area_level, area_code, area_name, parent_id, letter, baidu_id, longitude, latitude) values (340221, 3, '340221', '芜湖县', 340200, 'w', null, 118.572301, 31.145262);
insert into bas_area (id, area_level, area_code, area_name, parent_id, letter, baidu_id, longitude, latitude) values (340222, 3, '340222', '繁昌县', 340200, 'f', null, 118.201349, 31.080896);
insert into bas_area (id, area_level, area_code, area_name, parent_id, letter, baidu_id, longitude, latitude) values (340223, 3, '340223', '南陵县', 340200, 'n', null, 118.337104, 30.919638);
insert into bas_area (id, area_level, area_code, area_name, parent_id, letter, baidu_id, longitude, latitude) values (340225, 3, '340225', '无为县', 340200, 'w', null, 117.911432, 31.303075);
insert into bas_area (id, area_level, area_code, area_name, parent_id, letter, baidu_id, longitude, latitude) values (340300, 2, '340300', '蚌埠市', 340000, 'b', 126, 117.363228, 32.939667);
insert into bas_area (id, area_level, area_code, area_name, parent_id, letter, baidu_id, longitude, latitude) values (340302, 3, '340302', '龙子湖区', 340300, 'l', null, 117.382312, 32.950452);
insert into bas_area (id, area_level, area_code, area_name, parent_id, letter, baidu_id, longitude, latitude) values (340303, 3, '340303', '蚌山区', 340300, 'b', null, 117.355789, 32.938066);
insert into bas_area (id, area_level, area_code, area_name, parent_id, letter, baidu_id, longitude, latitude) values (340304, 3, '340304', '禹会区', 340300, 'y', null, 117.35259, 32.931933);
insert into bas_area (id, area_level, area_code, area_name, parent_id, letter, baidu_id, longitude, latitude) values (340311, 3, '340311', '淮上区', 340300, 'h', null, 117.34709, 32.963147);
insert into bas_area (id, area_level, area_code, area_name, parent_id, letter, baidu_id, longitude, latitude) values (340321, 3, '340321', '怀远县', 340300, 'h', null, 117.200171, 32.956934);
insert into bas_area (id, area_level, area_code, area_name, parent_id, letter, baidu_id, longitude, latitude) values (340322, 3, '340322', '五河县', 340300, 'w', null, 117.888809, 33.146202);
insert into bas_area (id, area_level, area_code, area_name, parent_id, letter, baidu_id, longitude, latitude) values (340323, 3, '340323', '固镇县', 340300, 'g', null, 117.315962, 33.318679);
insert into bas_area (id, area_level, area_code, area_name, parent_id, letter, baidu_id, longitude, latitude) values (340400, 2, '340400', '淮南市', 340000, 'h', 250, 117.018329, 32.647574);
insert into bas_area (id, area_level, area_code, area_name, parent_id, letter, baidu_id, longitude, latitude) values (340402, 3, '340402', '大通区', 340400, 'd', null, 117.052927, 32.632066);
insert into bas_area (id, area_level, area_code, area_name, parent_id, letter, baidu_id, longitude, latitude) values (340403, 3, '340403', '田家庵区', 340400, 't', null, 117.018318, 32.644342);
insert into bas_area (id, area_level, area_code, area_name, parent_id, letter, baidu_id, longitude, latitude) values (340404, 3, '340404', '谢家集区', 340400, 'x', null, 116.865354, 32.598289);
insert into bas_area (id, area_level, area_code, area_name, parent_id, letter, baidu_id, longitude, latitude) values (340405, 3, '340405', '八公山区', 340400, 'b', null, 116.841111, 32.628229);
insert into bas_area (id, area_level, area_code, area_name, parent_id, letter, baidu_id, longitude, latitude) values (340406, 3, '340406', '潘集区', 340400, 'p', null, 116.816879, 32.782117);
insert into bas_area (id, area_level, area_code, area_name, parent_id, letter, baidu_id, longitude, latitude) values (340421, 3, '340421', '凤台县', 340400, 'f', null, 116.722769, 32.705382);
insert into bas_area (id, area_level, area_code, area_name, parent_id, letter, baidu_id, longitude, latitude) values (340422, 3, '340422', '寿县', 340400, 's', null, 116.768938, 32.262396);
insert into bas_area (id, area_level, area_code, area_name, parent_id, letter, baidu_id, longitude, latitude) values (340500, 2, '340500', '马鞍山市', 340000, 'm', 358, 118.507906, 31.689362);
insert into bas_area (id, area_level, area_code, area_name, parent_id, letter, baidu_id, longitude, latitude) values (340503, 3, '340503', '花山区', 340500, 'h', null, 118.511308, 31.69902);
insert into bas_area (id, area_level, area_code, area_name, parent_id, letter, baidu_id, longitude, latitude) values (340504, 3, '340504', '雨山区', 340500, 'y', null, 118.493104, 31.685912);
insert into bas_area (id, area_level, area_code, area_name, parent_id, letter, baidu_id, longitude, latitude) values (340506, 3, '340506', '博望区', 340500, 'b', null, 118.843742, 31.562321);
insert into bas_area (id, area_level, area_code, area_name, parent_id, letter, baidu_id, longitude, latitude) values (340521, 3, '340521', '当涂县', 340500, 'd', null, 118.489873, 31.556167);
insert into bas_area (id, area_level, area_code, area_name, parent_id, letter, baidu_id, longitude, latitude) values (340522, 3, '340522', '含山县', 340500, 'h', null, 118.105545, 31.727758);
insert into bas_area (id, area_level, area_code, area_name, parent_id, letter, baidu_id, longitude, latitude) values (340523, 3, '340523', '和县', 340500, 'h', null, 118.362998, 31.716634);
insert into bas_area (id, area_level, area_code, area_name, parent_id, letter, baidu_id, longitude, latitude) values (340600, 2, '340600', '淮北市', 340000, 'h', 253, 116.794664, 33.971707);
insert into bas_area (id, area_level, area_code, area_name, parent_id, letter, baidu_id, longitude, latitude) values (340602, 3, '340602', '杜集区', 340600, 'd', null, 116.833925, 33.991218);
insert into bas_area (id, area_level, area_code, area_name, parent_id, letter, baidu_id, longitude, latitude) values (340603, 3, '340603', '相山区', 340600, 'x', null, 116.790775, 33.970916);
insert into bas_area (id, area_level, area_code, area_name, parent_id, letter, baidu_id, longitude, latitude) values (340604, 3, '340604', '烈山区', 340600, 'l', null, 116.809465, 33.889529);
insert into bas_area (id, area_level, area_code, area_name, parent_id, letter, baidu_id, longitude, latitude) values (340621, 3, '340621', '濉溪县', 340600, 's', null, 116.767435, 33.916407);
insert into bas_area (id, area_level, area_code, area_name, parent_id, letter, baidu_id, longitude, latitude) values (340700, 2, '340700', '铜陵市', 340000, 't', 337, 117.816576, 30.929935);
insert into bas_area (id, area_level, area_code, area_name, parent_id, letter, baidu_id, longitude, latitude) values (340705, 3, '340705', '铜官区', 340700, 't', null, 117.815061, 30.93492);
insert into bas_area (id, area_level, area_code, area_name, parent_id, letter, baidu_id, longitude, latitude) values (340706, 3, '340706', '义安区', 340700, 'y', null, 113.120884, 23.692724);
insert into bas_area (id, area_level, area_code, area_name, parent_id, letter, baidu_id, longitude, latitude) values (340711, 3, '340711', '郊区', 340700, 'j', null, 117.80707, 30.908927);
insert into bas_area (id, area_level, area_code, area_name, parent_id, letter, baidu_id, longitude, latitude) values (340722, 3, '340722', '枞阳县', 340700, 'z', null, 117.385734, 30.860298);
insert into bas_area (id, area_level, area_code, area_name, parent_id, letter, baidu_id, longitude, latitude) values (340800, 2, '340800', '安庆市', 340000, 'a', 130, 117.043551, 30.50883);
insert into bas_area (id, area_level, area_code, area_name, parent_id, letter, baidu_id, longitude, latitude) values (340802, 3, '340802', '迎江区', 340800, 'y', null, 117.044965, 30.506375);
insert into bas_area (id, area_level, area_code, area_name, parent_id, letter, baidu_id, longitude, latitude) values (340803, 3, '340803', '大观区', 340800, 'd', null, 117.034512, 30.505632);
insert into bas_area (id, area_level, area_code, area_name, parent_id, letter, baidu_id, longitude, latitude) values (340811, 3, '340811', '宜秀区', 340800, 'y', null, 117.070003, 30.541323);
insert into bas_area (id, area_level, area_code, area_name, parent_id, letter, baidu_id, longitude, latitude) values (340822, 3, '340822', '怀宁县', 340800, 'h', null, 116.828664, 30.734994);
insert into bas_area (id, area_level, area_code, area_name, parent_id, letter, baidu_id, longitude, latitude) values (340824, 3, '340824', '潜山县', 340800, 'q', null, 116.573666, 30.638222);
insert into bas_area (id, area_level, area_code, area_name, parent_id, letter, baidu_id, longitude, latitude) values (340825, 3, '340825', '太湖县', 340800, 't', null, 116.305225, 30.451869);
insert into bas_area (id, area_level, area_code, area_name, parent_id, letter, baidu_id, longitude, latitude) values (340826, 3, '340826', '宿松县', 340800, 'x', null, 116.120204, 30.158327);
insert into bas_area (id, area_level, area_code, area_name, parent_id, letter, baidu_id, longitude, latitude) values (340827, 3, '340827', '望江县', 340800, 'w', null, 116.690927, 30.12491);
insert into bas_area (id, area_level, area_code, area_name, parent_id, letter, baidu_id, longitude, latitude) values (340828, 3, '340828', '岳西县', 340800, 'y', null, 116.360482, 30.848502);
insert into bas_area (id, area_level, area_code, area_name, parent_id, letter, baidu_id, longitude, latitude) values (340881, 3, '340881', '桐城市', 340800, 't', null, 116.959656, 31.050576);
insert into bas_area (id, area_level, area_code, area_name, parent_id, letter, baidu_id, longitude, latitude) values (341000, 2, '341000', '黄山市', 340000, 'h', 252, 118.317325, 29.709239);
insert into bas_area (id, area_level, area_code, area_name, parent_id, letter, baidu_id, longitude, latitude) values (341002, 3, '341002', '屯溪区', 341000, 't', null, 118.317354, 29.709186);
insert into bas_area (id, area_level, area_code, area_name, parent_id, letter, baidu_id, longitude, latitude) values (341003, 3, '341003', '黄山区', 341000, 'h', null, 118.136639, 30.294517);
insert into bas_area (id, area_level, area_code, area_name, parent_id, letter, baidu_id, longitude, latitude) values (341004, 3, '341004', '徽州区', 341000, 'h', null, 118.339743, 29.825201);
insert into bas_area (id, area_level, area_code, area_name, parent_id, letter, baidu_id, longitude, latitude) values (341021, 3, '341021', '歙县', 341000, 'x', null, 118.428025, 29.867748);
insert into bas_area (id, area_level, area_code, area_name, parent_id, letter, baidu_id, longitude, latitude) values (341022, 3, '341022', '休宁县', 341000, 'x', null, 118.188531, 29.788878);
insert into bas_area (id, area_level, area_code, area_name, parent_id, letter, baidu_id, longitude, latitude) values (341023, 3, '341023', '黟县', 341000, 'y', null, 117.942911, 29.923812);
insert into bas_area (id, area_level, area_code, area_name, parent_id, letter, baidu_id, longitude, latitude) values (341024, 3, '341024', '祁门县', 341000, 'q', null, 117.717237, 29.853472);
insert into bas_area (id, area_level, area_code, area_name, parent_id, letter, baidu_id, longitude, latitude) values (341100, 2, '341100', '滁州市', 340000, 'c', 189, 118.316264, 32.303627);
insert into bas_area (id, area_level, area_code, area_name, parent_id, letter, baidu_id, longitude, latitude) values (341102, 3, '341102', '琅琊区', 341100, 'l', null, 118.316475, 32.303797);
insert into bas_area (id, area_level, area_code, area_name, parent_id, letter, baidu_id, longitude, latitude) values (341103, 3, '341103', '南谯区', 341100, 'n', null, 118.296955, 32.329841);
insert into bas_area (id, area_level, area_code, area_name, parent_id, letter, baidu_id, longitude, latitude) values (341122, 3, '341122', '来安县', 341100, 'l', null, 118.433293, 32.450231);
insert into bas_area (id, area_level, area_code, area_name, parent_id, letter, baidu_id, longitude, latitude) values (341124, 3, '341124', '全椒县', 341100, 'q', null, 118.268576, 32.09385);
insert into bas_area (id, area_level, area_code, area_name, parent_id, letter, baidu_id, longitude, latitude) values (341125, 3, '341125', '定远县', 341100, 'd', null, 117.683713, 32.527105);
insert into bas_area (id, area_level, area_code, area_name, parent_id, letter, baidu_id, longitude, latitude) values (341126, 3, '341126', '凤阳县', 341100, 'f', null, 117.562461, 32.867146);
insert into bas_area (id, area_level, area_code, area_name, parent_id, letter, baidu_id, longitude, latitude) values (341181, 3, '341181', '天长市', 341100, 't', null, 119.011212, 32.6815);
insert into bas_area (id, area_level, area_code, area_name, parent_id, letter, baidu_id, longitude, latitude) values (341182, 3, '341182', '明光市', 341100, 'm', null, 117.998048, 32.781206);
insert into bas_area (id, area_level, area_code, area_name, parent_id, letter, baidu_id, longitude, latitude) values (341200, 2, '341200', '阜阳市', 340000, 'f', 128, 115.819729, 32.896969);
insert into bas_area (id, area_level, area_code, area_name, parent_id, letter, baidu_id, longitude, latitude) values (341202, 3, '341202', '颍州区', 341200, 'y', null, 115.813914, 32.891238);
insert into bas_area (id, area_level, area_code, area_name, parent_id, letter, baidu_id, longitude, latitude) values (341203, 3, '341203', '颍东区', 341200, 'y', null, 115.858747, 32.908861);
insert into bas_area (id, area_level, area_code, area_name, parent_id, letter, baidu_id, longitude, latitude) values (341204, 3, '341204', '颍泉区', 341200, 'y', null, 115.804525, 32.924797);
insert into bas_area (id, area_level, area_code, area_name, parent_id, letter, baidu_id, longitude, latitude) values (341221, 3, '341221', '临泉县', 341200, 'l', null, 115.261688, 33.062698);
insert into bas_area (id, area_level, area_code, area_name, parent_id, letter, baidu_id, longitude, latitude) values (341222, 3, '341222', '太和县', 341200, 't', null, 115.627243, 33.16229);
insert into bas_area (id, area_level, area_code, area_name, parent_id, letter, baidu_id, longitude, latitude) values (341225, 3, '341225', '阜南县', 341200, 'f', null, 115.590534, 32.638102);
insert into bas_area (id, area_level, area_code, area_name, parent_id, letter, baidu_id, longitude, latitude) values (341226, 3, '341226', '颍上县', 341200, 'y', null, 116.259122, 32.637065);
insert into bas_area (id, area_level, area_code, area_name, parent_id, letter, baidu_id, longitude, latitude) values (341282, 3, '341282', '界首市', 341200, 'j', null, 115.362117, 33.26153);
insert into bas_area (id, area_level, area_code, area_name, parent_id, letter, baidu_id, longitude, latitude) values (341300, 2, '341300', '宿州市', 340000, 's', 370, 116.984084, 33.633891);
insert into bas_area (id, area_level, area_code, area_name, parent_id, letter, baidu_id, longitude, latitude) values (341302, 3, '341302', '埇桥区', 341300, 'y', null, 116.983309, 33.633853);
insert into bas_area (id, area_level, area_code, area_name, parent_id, letter, baidu_id, longitude, latitude) values (341321, 3, '341321', '砀山县', 341300, 'd', null, 116.351113, 34.426247);
insert into bas_area (id, area_level, area_code, area_name, parent_id, letter, baidu_id, longitude, latitude) values (341322, 3, '341322', '萧县', 341300, 'x', null, 116.945399, 34.183266);
insert into bas_area (id, area_level, area_code, area_name, parent_id, letter, baidu_id, longitude, latitude) values (341323, 3, '341323', '灵璧县', 341300, 'l', null, 117.551493, 33.540629);
insert into bas_area (id, area_level, area_code, area_name, parent_id, letter, baidu_id, longitude, latitude) values (341324, 3, '341324', '泗县', 341300, 's', null, 117.885443, 33.47758);
insert into bas_area (id, area_level, area_code, area_name, parent_id, letter, baidu_id, longitude, latitude) values (341500, 2, '341500', '六安市', 340000, 'l', 298, 116.507676, 31.752889);
insert into bas_area (id, area_level, area_code, area_name, parent_id, letter, baidu_id, longitude, latitude) values (341502, 3, '341502', '金安区', 341500, 'j', null, 116.503288, 31.754491);
insert into bas_area (id, area_level, area_code, area_name, parent_id, letter, baidu_id, longitude, latitude) values (341503, 3, '341503', '裕安区', 341500, 'y', null, 116.494543, 31.750692);
insert into bas_area (id, area_level, area_code, area_name, parent_id, letter, baidu_id, longitude, latitude) values (341504, 3, '341504', '叶集区', 341500, 'y', null, 112.617498, 32.46335);
insert into bas_area (id, area_level, area_code, area_name, parent_id, letter, baidu_id, longitude, latitude) values (341522, 3, '341522', '霍邱县', 341500, 'h', null, 116.278875, 32.341305);
insert into bas_area (id, area_level, area_code, area_name, parent_id, letter, baidu_id, longitude, latitude) values (341523, 3, '341523', '舒城县', 341500, 's', null, 116.944088, 31.462848);
insert into bas_area (id, area_level, area_code, area_name, parent_id, letter, baidu_id, longitude, latitude) values (341524, 3, '341524', '金寨县', 341500, 'j', null, 115.878514, 31.681624);
insert into bas_area (id, area_level, area_code, area_name, parent_id, letter, baidu_id, longitude, latitude) values (341525, 3, '341525', '霍山县', 341500, 'h', null, 116.333078, 31.402456);
insert into bas_area (id, area_level, area_code, area_name, parent_id, letter, baidu_id, longitude, latitude) values (341600, 2, '341600', '亳州市', 340000, 'b', 188, 115.782939, 33.869338);
insert into bas_area (id, area_level, area_code, area_name, parent_id, letter, baidu_id, longitude, latitude) values (341602, 3, '341602', '谯城区', 341600, 'q', null, 115.781214, 33.869284);
insert into bas_area (id, area_level, area_code, area_name, parent_id, letter, baidu_id, longitude, latitude) values (341621, 3, '341621', '涡阳县', 341600, 'w', null, 116.211551, 33.502831);
insert into bas_area (id, area_level, area_code, area_name, parent_id, letter, baidu_id, longitude, latitude) values (341622, 3, '341622', '蒙城县', 341600, 'm', null, 116.560337, 33.260814);
insert into bas_area (id, area_level, area_code, area_name, parent_id, letter, baidu_id, longitude, latitude) values (341623, 3, '341623', '利辛县', 341600, 'l', null, 116.207782, 33.143503);
insert into bas_area (id, area_level, area_code, area_name, parent_id, letter, baidu_id, longitude, latitude) values (341700, 2, '341700', '池州市', 340000, 'c', 299, 117.489157, 30.656037);
insert into bas_area (id, area_level, area_code, area_name, parent_id, letter, baidu_id, longitude, latitude) values (341702, 3, '341702', '贵池区', 341700, 'g', null, 117.488342, 30.657378);
insert into bas_area (id, area_level, area_code, area_name, parent_id, letter, baidu_id, longitude, latitude) values (341721, 3, '341721', '东至县', 341700, 'd', null, 117.021476, 30.096568);
insert into bas_area (id, area_level, area_code, area_name, parent_id, letter, baidu_id, longitude, latitude) values (341722, 3, '341722', '石台县', 341700, 's', null, 117.482907, 30.210324);
insert into bas_area (id, area_level, area_code, area_name, parent_id, letter, baidu_id, longitude, latitude) values (341723, 3, '341723', '青阳县', 341700, 'q', null, 117.857395, 30.63818);
insert into bas_area (id, area_level, area_code, area_name, parent_id, letter, baidu_id, longitude, latitude) values (341800, 2, '341800', '宣城市', 340000, 'x', 190, 118.757995, 30.945667);
insert into bas_area (id, area_level, area_code, area_name, parent_id, letter, baidu_id, longitude, latitude) values (341802, 3, '341802', '宣州区', 341800, 'x', null, 118.758412, 30.946003);
insert into bas_area (id, area_level, area_code, area_name, parent_id, letter, baidu_id, longitude, latitude) values (341821, 3, '341821', '郎溪县', 341800, 'l', null, 119.185024, 31.127834);
insert into bas_area (id, area_level, area_code, area_name, parent_id, letter, baidu_id, longitude, latitude) values (341822, 3, '341822', '广德县', 341800, 'g', null, 119.417521, 30.893116);
insert into bas_area (id, area_level, area_code, area_name, parent_id, letter, baidu_id, longitude, latitude) values (341823, 3, '341823', '泾县', 341800, 'j', null, 118.412397, 30.685975);
insert into bas_area (id, area_level, area_code, area_name, parent_id, letter, baidu_id, longitude, latitude) values (341824, 3, '341824', '绩溪县', 341800, 'j', null, 118.594705, 30.065267);
insert into bas_area (id, area_level, area_code, area_name, parent_id, letter, baidu_id, longitude, latitude) values (341825, 3, '341825', '旌德县', 341800, 'j', null, 118.543081, 30.288057);
insert into bas_area (id, area_level, area_code, area_name, parent_id, letter, baidu_id, longitude, latitude) values (341881, 3, '341881', '宁国市', 341800, 'n', null, 118.983407, 30.626529);
insert into bas_area (id, area_level, area_code, area_name, parent_id, letter, baidu_id, longitude, latitude) values (350000, 1, '350000', '福建省', null, 'f', null, 119.306239, 26.075302);
insert into bas_area (id, area_level, area_code, area_name, parent_id, letter, baidu_id, longitude, latitude) values (350100, 2, '350100', '福州市', 350000, 'f', 300, 119.306239, 26.075302);
insert into bas_area (id, area_level, area_code, area_name, parent_id, letter, baidu_id, longitude, latitude) values (350102, 3, '350102', '鼓楼区', 350100, 'g', null, 119.29929, 26.082284);
insert into bas_area (id, area_level, area_code, area_name, parent_id, letter, baidu_id, longitude, latitude) values (350103, 3, '350103', '台江区', 350100, 't', null, 119.310156, 26.058616);
insert into bas_area (id, area_level, area_code, area_name, parent_id, letter, baidu_id, longitude, latitude) values (350104, 3, '350104', '仓山区', 350100, 'c', null, 119.320988, 26.038912);
insert into bas_area (id, area_level, area_code, area_name, parent_id, letter, baidu_id, longitude, latitude) values (350105, 3, '350105', '马尾区', 350100, 'm', null, 119.458725, 25.991975);
insert into bas_area (id, area_level, area_code, area_name, parent_id, letter, baidu_id, longitude, latitude) values (350111, 3, '350111', '晋安区', 350100, 'j', null, 119.328597, 26.078837);
insert into bas_area (id, area_level, area_code, area_name, parent_id, letter, baidu_id, longitude, latitude) values (350121, 3, '350121', '闽侯县', 350100, 'm', null, 119.145117, 26.148567);
insert into bas_area (id, area_level, area_code, area_name, parent_id, letter, baidu_id, longitude, latitude) values (350122, 3, '350122', '连江县', 350100, 'l', null, 119.538365, 26.202109);
insert into bas_area (id, area_level, area_code, area_name, parent_id, letter, baidu_id, longitude, latitude) values (350123, 3, '350123', '罗源县', 350100, 'l', null, 119.552645, 26.487234);
insert into bas_area (id, area_level, area_code, area_name, parent_id, letter, baidu_id, longitude, latitude) values (350124, 3, '350124', '闽清县', 350100, 'm', null, 118.868416, 26.223793);
insert into bas_area (id, area_level, area_code, area_name, parent_id, letter, baidu_id, longitude, latitude) values (350125, 3, '350125', '永泰县', 350100, 'y', null, 118.939089, 25.864825);
insert into bas_area (id, area_level, area_code, area_name, parent_id, letter, baidu_id, longitude, latitude) values (350128, 3, '350128', '平潭县', 350100, 'p', null, 119.791197, 25.503672);
insert into bas_area (id, area_level, area_code, area_name, parent_id, letter, baidu_id, longitude, latitude) values (350181, 3, '350181', '福清市', 350100, 'f', null, 119.376992, 25.720402);
insert into bas_area (id, area_level, area_code, area_name, parent_id, letter, baidu_id, longitude, latitude) values (350182, 3, '350182', '长乐市', 350100, 'z', null, 119.510849, 25.960583);
insert into bas_area (id, area_level, area_code, area_name, parent_id, letter, baidu_id, longitude, latitude) values (350200, 2, '350200', '厦门市', 350000, 's', 194, 118.11022, 24.490474);
insert into bas_area (id, area_level, area_code, area_name, parent_id, letter, baidu_id, longitude, latitude) values (350203, 3, '350203', '思明区', 350200, 's', null, 118.087828, 24.462059);
insert into bas_area (id, area_level, area_code, area_name, parent_id, letter, baidu_id, longitude, latitude) values (350205, 3, '350205', '海沧区', 350200, 'h', null, 118.036364, 24.492512);
insert into bas_area (id, area_level, area_code, area_name, parent_id, letter, baidu_id, longitude, latitude) values (350206, 3, '350206', '湖里区', 350200, 'h', null, 118.10943, 24.512764);
insert into bas_area (id, area_level, area_code, area_name, parent_id, letter, baidu_id, longitude, latitude) values (350211, 3, '350211', '集美区', 350200, 'j', null, 118.100869, 24.572874);
insert into bas_area (id, area_level, area_code, area_name, parent_id, letter, baidu_id, longitude, latitude) values (350212, 3, '350212', '同安区', 350200, 't', null, 118.150455, 24.729333);
insert into bas_area (id, area_level, area_code, area_name, parent_id, letter, baidu_id, longitude, latitude) values (350213, 3, '350213', '翔安区', 350200, 'x', null, 118.242811, 24.637479);
insert into bas_area (id, area_level, area_code, area_name, parent_id, letter, baidu_id, longitude, latitude) values (350300, 2, '350300', '莆田市', 350000, 'p', 195, 119.007558, 25.431011);
insert into bas_area (id, area_level, area_code, area_name, parent_id, letter, baidu_id, longitude, latitude) values (350302, 3, '350302', '城厢区', 350300, 'c', null, 119.001028, 25.433737);
insert into bas_area (id, area_level, area_code, area_name, parent_id, letter, baidu_id, longitude, latitude) values (350303, 3, '350303', '涵江区', 350300, 'h', null, 119.119102, 25.459273);
insert into bas_area (id, area_level, area_code, area_name, parent_id, letter, baidu_id, longitude, latitude) values (350304, 3, '350304', '荔城区', 350300, 'l', null, 119.020047, 25.430047);
insert into bas_area (id, area_level, area_code, area_name, parent_id, letter, baidu_id, longitude, latitude) values (350305, 3, '350305', '秀屿区', 350300, 'x', null, 119.092607, 25.316141);
insert into bas_area (id, area_level, area_code, area_name, parent_id, letter, baidu_id, longitude, latitude) values (350322, 3, '350322', '仙游县', 350300, 'x', null, 118.694331, 25.356529);
insert into bas_area (id, area_level, area_code, area_name, parent_id, letter, baidu_id, longitude, latitude) values (350400, 2, '350400', '三明市', 350000, 's', 254, 117.635001, 26.265444);
insert into bas_area (id, area_level, area_code, area_name, parent_id, letter, baidu_id, longitude, latitude) values (350402, 3, '350402', '梅列区', 350400, 'm', null, 117.63687, 26.269208);
insert into bas_area (id, area_level, area_code, area_name, parent_id, letter, baidu_id, longitude, latitude) values (350403, 3, '350403', '三元区', 350400, 's', null, 117.607418, 26.234191);
insert into bas_area (id, area_level, area_code, area_name, parent_id, letter, baidu_id, longitude, latitude) values (350421, 3, '350421', '明溪县', 350400, 'm', null, 117.201845, 26.357375);
insert into bas_area (id, area_level, area_code, area_name, parent_id, letter, baidu_id, longitude, latitude) values (350423, 3, '350423', '清流县', 350400, 'q', null, 116.815821, 26.17761);
insert into bas_area (id, area_level, area_code, area_name, parent_id, letter, baidu_id, longitude, latitude) values (350424, 3, '350424', '宁化县', 350400, 'n', null, 116.659725, 26.259932);
insert into bas_area (id, area_level, area_code, area_name, parent_id, letter, baidu_id, longitude, latitude) values (350425, 3, '350425', '大田县', 350400, 'd', null, 117.849355, 25.690803);
insert into bas_area (id, area_level, area_code, area_name, parent_id, letter, baidu_id, longitude, latitude) values (350426, 3, '350426', '尤溪县', 350400, 'y', null, 118.188577, 26.169261);
insert into bas_area (id, area_level, area_code, area_name, parent_id, letter, baidu_id, longitude, latitude) values (350427, 3, '350427', '沙县', 350400, 's', null, 117.789095, 26.397361);
insert into bas_area (id, area_level, area_code, area_name, parent_id, letter, baidu_id, longitude, latitude) values (350428, 3, '350428', '将乐县', 350400, 'j', null, 117.473558, 26.728667);
insert into bas_area (id, area_level, area_code, area_name, parent_id, letter, baidu_id, longitude, latitude) values (350429, 3, '350429', '泰宁县', 350400, 't', null, 117.177522, 26.897995);
insert into bas_area (id, area_level, area_code, area_name, parent_id, letter, baidu_id, longitude, latitude) values (350430, 3, '350430', '建宁县', 350400, 'j', null, 116.845832, 26.831398);
insert into bas_area (id, area_level, area_code, area_name, parent_id, letter, baidu_id, longitude, latitude) values (350481, 3, '350481', '永安市', 350400, 'y', null, 117.364447, 25.974075);
insert into bas_area (id, area_level, area_code, area_name, parent_id, letter, baidu_id, longitude, latitude) values (350500, 2, '350500', '泉州市', 350000, 'q', 134, 118.589421, 24.908853);
insert into bas_area (id, area_level, area_code, area_name, parent_id, letter, baidu_id, longitude, latitude) values (350502, 3, '350502', '鲤城区', 350500, 'l', null, 118.588929, 24.907645);
insert into bas_area (id, area_level, area_code, area_name, parent_id, letter, baidu_id, longitude, latitude) values (350503, 3, '350503', '丰泽区', 350500, 'f', null, 118.605147, 24.896041);
insert into bas_area (id, area_level, area_code, area_name, parent_id, letter, baidu_id, longitude, latitude) values (350504, 3, '350504', '洛江区', 350500, 'l', null, 118.670312, 24.941153);
insert into bas_area (id, area_level, area_code, area_name, parent_id, letter, baidu_id, longitude, latitude) values (350505, 3, '350505', '泉港区', 350500, 'q', null, 118.912285, 25.126859);
insert into bas_area (id, area_level, area_code, area_name, parent_id, letter, baidu_id, longitude, latitude) values (350521, 3, '350521', '惠安县', 350500, 'h', null, 118.798954, 25.028718);
insert into bas_area (id, area_level, area_code, area_name, parent_id, letter, baidu_id, longitude, latitude) values (350524, 3, '350524', '安溪县', 350500, 'a', null, 118.186014, 25.056824);
insert into bas_area (id, area_level, area_code, area_name, parent_id, letter, baidu_id, longitude, latitude) values (350525, 3, '350525', '永春县', 350500, 'y', null, 118.29503, 25.320721);
insert into bas_area (id, area_level, area_code, area_name, parent_id, letter, baidu_id, longitude, latitude) values (350526, 3, '350526', '德化县', 350500, 'd', null, 118.242986, 25.489004);
insert into bas_area (id, area_level, area_code, area_name, parent_id, letter, baidu_id, longitude, latitude) values (350527, 3, '350527', '金门县', 350500, 'j', null, 118.323221, 24.436417);
insert into bas_area (id, area_level, area_code, area_name, parent_id, letter, baidu_id, longitude, latitude) values (350581, 3, '350581', '石狮市', 350500, 's', null, 118.628402, 24.731978);
insert into bas_area (id, area_level, area_code, area_name, parent_id, letter, baidu_id, longitude, latitude) values (350582, 3, '350582', '晋江市', 350500, 'j', null, 118.577338, 24.807322);
insert into bas_area (id, area_level, area_code, area_name, parent_id, letter, baidu_id, longitude, latitude) values (350583, 3, '350583', '南安市', 350500, 'n', null, 118.387031, 24.959494);
insert into bas_area (id, area_level, area_code, area_name, parent_id, letter, baidu_id, longitude, latitude) values (350600, 2, '350600', '漳州市', 350000, 'z', 255, 117.661801, 24.510897);
insert into bas_area (id, area_level, area_code, area_name, parent_id, letter, baidu_id, longitude, latitude) values (350602, 3, '350602', '芗城区', 350600, 'x', null, 117.656461, 24.509955);
insert into bas_area (id, area_level, area_code, area_name, parent_id, letter, baidu_id, longitude, latitude) values (350603, 3, '350603', '龙文区', 350600, 'l', null, 117.671387, 24.515656);
insert into bas_area (id, area_level, area_code, area_name, parent_id, letter, baidu_id, longitude, latitude) values (350622, 3, '350622', '云霄县', 350600, 'y', null, 117.340946, 23.950486);
insert into bas_area (id, area_level, area_code, area_name, parent_id, letter, baidu_id, longitude, latitude) values (350623, 3, '350623', '漳浦县', 350600, 'z', null, 117.614023, 24.117907);
insert into bas_area (id, area_level, area_code, area_name, parent_id, letter, baidu_id, longitude, latitude) values (350624, 3, '350624', '诏安县', 350600, 'z', null, 117.176083, 23.710834);
insert into bas_area (id, area_level, area_code, area_name, parent_id, letter, baidu_id, longitude, latitude) values (350625, 3, '350625', '长泰县', 350600, 'z', null, 117.755913, 24.621475);
insert into bas_area (id, area_level, area_code, area_name, parent_id, letter, baidu_id, longitude, latitude) values (350626, 3, '350626', '东山县', 350600, 'd', null, 117.427679, 23.702845);
insert into bas_area (id, area_level, area_code, area_name, parent_id, letter, baidu_id, longitude, latitude) values (350627, 3, '350627', '南靖县', 350600, 'n', null, 117.365462, 24.516425);
insert into bas_area (id, area_level, area_code, area_name, parent_id, letter, baidu_id, longitude, latitude) values (350628, 3, '350628', '平和县', 350600, 'p', null, 117.313549, 24.366158);
insert into bas_area (id, area_level, area_code, area_name, parent_id, letter, baidu_id, longitude, latitude) values (350629, 3, '350629', '华安县', 350600, 'h', null, 117.53631, 25.001416);
insert into bas_area (id, area_level, area_code, area_name, parent_id, letter, baidu_id, longitude, latitude) values (350681, 3, '350681', '龙海市', 350600, 'l', null, 117.817292, 24.445341);
insert into bas_area (id, area_level, area_code, area_name, parent_id, letter, baidu_id, longitude, latitude) values (350700, 2, '350700', '南平市', 350000, 'n', 133, 118.178459, 26.635627);
insert into bas_area (id, area_level, area_code, area_name, parent_id, letter, baidu_id, longitude, latitude) values (350702, 3, '350702', '延平区', 350700, 'y', null, 118.178918, 26.636079);
insert into bas_area (id, area_level, area_code, area_name, parent_id, letter, baidu_id, longitude, latitude) values (350703, 3, '350703', '建阳区', 350700, 'j', null, 118.067792, 27.40838);
insert into bas_area (id, area_level, area_code, area_name, parent_id, letter, baidu_id, longitude, latitude) values (350721, 3, '350721', '顺昌县', 350700, 's', null, 117.80771, 26.792851);
insert into bas_area (id, area_level, area_code, area_name, parent_id, letter, baidu_id, longitude, latitude) values (350722, 3, '350722', '浦城县', 350700, 'p', null, 118.536822, 27.920412);
insert into bas_area (id, area_level, area_code, area_name, parent_id, letter, baidu_id, longitude, latitude) values (350723, 3, '350723', '光泽县', 350700, 'g', null, 117.337897, 27.542803);
insert into bas_area (id, area_level, area_code, area_name, parent_id, letter, baidu_id, longitude, latitude) values (350724, 3, '350724', '松溪县', 350700, 's', null, 118.783491, 27.525785);
insert into bas_area (id, area_level, area_code, area_name, parent_id, letter, baidu_id, longitude, latitude) values (350725, 3, '350725', '政和县', 350700, 'z', null, 118.858661, 27.365398);
insert into bas_area (id, area_level, area_code, area_name, parent_id, letter, baidu_id, longitude, latitude) values (350781, 3, '350781', '邵武市', 350700, 's', null, 117.491544, 27.337952);
insert into bas_area (id, area_level, area_code, area_name, parent_id, letter, baidu_id, longitude, latitude) values (350782, 3, '350782', '武夷山市', 350700, 'w', null, 118.032796, 27.751733);
insert into bas_area (id, area_level, area_code, area_name, parent_id, letter, baidu_id, longitude, latitude) values (350783, 3, '350783', '建瓯市', 350700, 'j', null, 118.321765, 27.03502);
insert into bas_area (id, area_level, area_code, area_name, parent_id, letter, baidu_id, longitude, latitude) values (350800, 2, '350800', '龙岩市', 350000, 'l', 193, 117.02978, 25.091603);
insert into bas_area (id, area_level, area_code, area_name, parent_id, letter, baidu_id, longitude, latitude) values (350802, 3, '350802', '新罗区', 350800, 'x', null, 117.030721, 25.0918);
insert into bas_area (id, area_level, area_code, area_name, parent_id, letter, baidu_id, longitude, latitude) values (350803, 3, '350803', '永定区', 350800, 'y', null, 110.501007, 29.088538);
insert into bas_area (id, area_level, area_code, area_name, parent_id, letter, baidu_id, longitude, latitude) values (350821, 3, '350821', '长汀县', 350800, 'z', null, 116.361007, 25.842278);
insert into bas_area (id, area_level, area_code, area_name, parent_id, letter, baidu_id, longitude, latitude) values (350823, 3, '350823', '上杭县', 350800, 's', null, 116.424774, 25.050019);
insert into bas_area (id, area_level, area_code, area_name, parent_id, letter, baidu_id, longitude, latitude) values (350824, 3, '350824', '武平县', 350800, 'w', null, 116.100928, 25.08865);
insert into bas_area (id, area_level, area_code, area_name, parent_id, letter, baidu_id, longitude, latitude) values (350825, 3, '350825', '连城县', 350800, 'l', null, 116.756687, 25.708506);
insert into bas_area (id, area_level, area_code, area_name, parent_id, letter, baidu_id, longitude, latitude) values (350881, 3, '350881', '漳平市', 350800, 'z', null, 117.42073, 25.291597);
insert into bas_area (id, area_level, area_code, area_name, parent_id, letter, baidu_id, longitude, latitude) values (350900, 2, '350900', '宁德市', 350000, 'n', 192, 119.527082, 26.65924);
insert into bas_area (id, area_level, area_code, area_name, parent_id, letter, baidu_id, longitude, latitude) values (350902, 3, '350902', '蕉城区', 350900, 'j', null, 119.527225, 26.659253);
insert into bas_area (id, area_level, area_code, area_name, parent_id, letter, baidu_id, longitude, latitude) values (350921, 3, '350921', '霞浦县', 350900, 'x', null, 120.005214, 26.882068);
insert into bas_area (id, area_level, area_code, area_name, parent_id, letter, baidu_id, longitude, latitude) values (350922, 3, '350922', '古田县', 350900, 'g', null, 118.743156, 26.577491);
insert into bas_area (id, area_level, area_code, area_name, parent_id, letter, baidu_id, longitude, latitude) values (350923, 3, '350923', '屏南县', 350900, 'p', null, 118.987544, 26.910826);
insert into bas_area (id, area_level, area_code, area_name, parent_id, letter, baidu_id, longitude, latitude) values (350924, 3, '350924', '寿宁县', 350900, 's', null, 119.506733, 27.457798);
insert into bas_area (id, area_level, area_code, area_name, parent_id, letter, baidu_id, longitude, latitude) values (350925, 3, '350925', '周宁县', 350900, 'z', null, 119.338239, 27.103106);
insert into bas_area (id, area_level, area_code, area_name, parent_id, letter, baidu_id, longitude, latitude) values (350926, 3, '350926', '柘荣县', 350900, 'z', null, 119.898226, 27.236163);
insert into bas_area (id, area_level, area_code, area_name, parent_id, letter, baidu_id, longitude, latitude) values (350981, 3, '350981', '福安市', 350900, 'f', null, 119.650798, 27.084246);
insert into bas_area (id, area_level, area_code, area_name, parent_id, letter, baidu_id, longitude, latitude) values (350982, 3, '350982', '福鼎市', 350900, 'f', null, 120.219761, 27.318884);
insert into bas_area (id, area_level, area_code, area_name, parent_id, letter, baidu_id, longitude, latitude) values (360000, 1, '360000', '江西省', null, 'j', null, 115.892151, 28.676493);
insert into bas_area (id, area_level, area_code, area_name, parent_id, letter, baidu_id, longitude, latitude) values (360100, 2, '360100', '南昌市', 360000, 'n', 163, 115.892151, 28.676493);
insert into bas_area (id, area_level, area_code, area_name, parent_id, letter, baidu_id, longitude, latitude) values (360102, 3, '360102', '东湖区', 360100, 'd', null, 115.889675, 28.682988);
insert into bas_area (id, area_level, area_code, area_name, parent_id, letter, baidu_id, longitude, latitude) values (360103, 3, '360103', '西湖区', 360100, 'x', null, 115.91065, 28.662901);
insert into bas_area (id, area_level, area_code, area_name, parent_id, letter, baidu_id, longitude, latitude) values (360104, 3, '360104', '青云谱区', 360100, 'q', null, 115.907292, 28.635724);
insert into bas_area (id, area_level, area_code, area_name, parent_id, letter, baidu_id, longitude, latitude) values (360105, 3, '360105', '湾里区', 360100, 'w', null, 115.731324, 28.714803);
insert into bas_area (id, area_level, area_code, area_name, parent_id, letter, baidu_id, longitude, latitude) values (360111, 3, '360111', '青山湖区', 360100, 'q', null, 115.949044, 28.689292);
insert into bas_area (id, area_level, area_code, area_name, parent_id, letter, baidu_id, longitude, latitude) values (360112, 3, '360112', '新建区', 360100, 'x', null, 115.952954, 28.812629);
insert into bas_area (id, area_level, area_code, area_name, parent_id, letter, baidu_id, longitude, latitude) values (360121, 3, '360121', '南昌县', 360100, 'n', null, 115.942465, 28.543781);
insert into bas_area (id, area_level, area_code, area_name, parent_id, letter, baidu_id, longitude, latitude) values (360123, 3, '360123', '安义县', 360100, 'a', null, 115.553109, 28.841334);
insert into bas_area (id, area_level, area_code, area_name, parent_id, letter, baidu_id, longitude, latitude) values (360124, 3, '360124', '进贤县', 360100, 'j', null, 116.267671, 28.365681);
insert into bas_area (id, area_level, area_code, area_name, parent_id, letter, baidu_id, longitude, latitude) values (360200, 2, '360200', '景德镇市', 360000, 'j', 225, 117.214664, 29.29256);
insert into bas_area (id, area_level, area_code, area_name, parent_id, letter, baidu_id, longitude, latitude) values (360202, 3, '360202', '昌江区', 360200, 'c', null, 117.195023, 29.288465);
insert into bas_area (id, area_level, area_code, area_name, parent_id, letter, baidu_id, longitude, latitude) values (360203, 3, '360203', '珠山区', 360200, 'z', null, 117.214814, 29.292812);
insert into bas_area (id, area_level, area_code, area_name, parent_id, letter, baidu_id, longitude, latitude) values (360222, 3, '360222', '浮梁县', 360200, 'f', null, 117.217611, 29.352251);
insert into bas_area (id, area_level, area_code, area_name, parent_id, letter, baidu_id, longitude, latitude) values (360281, 3, '360281', '乐平市', 360200, 'l', null, 117.129376, 28.967361);
insert into bas_area (id, area_level, area_code, area_name, parent_id, letter, baidu_id, longitude, latitude) values (360300, 2, '360300', '萍乡市', 360000, 'p', 350, 113.852186, 27.622946);
insert into bas_area (id, area_level, area_code, area_name, parent_id, letter, baidu_id, longitude, latitude) values (360302, 3, '360302', '安源区', 360300, 'a', null, 113.855044, 27.625826);
insert into bas_area (id, area_level, area_code, area_name, parent_id, letter, baidu_id, longitude, latitude) values (360313, 3, '360313', '湘东区', 360300, 'x', null, 113.7456, 27.639319);
insert into bas_area (id, area_level, area_code, area_name, parent_id, letter, baidu_id, longitude, latitude) values (360321, 3, '360321', '莲花县', 360300, 'l', null, 113.955582, 27.127807);
insert into bas_area (id, area_level, area_code, area_name, parent_id, letter, baidu_id, longitude, latitude) values (360322, 3, '360322', '上栗县', 360300, 's', null, 113.800525, 27.877041);
insert into bas_area (id, area_level, area_code, area_name, parent_id, letter, baidu_id, longitude, latitude) values (360323, 3, '360323', '芦溪县', 360300, 'l', null, 114.041206, 27.633633);
insert into bas_area (id, area_level, area_code, area_name, parent_id, letter, baidu_id, longitude, latitude) values (360400, 2, '360400', '九江市', 360000, 'j', 349, 115.992811, 29.712034);
insert into bas_area (id, area_level, area_code, area_name, parent_id, letter, baidu_id, longitude, latitude) values (360402, 3, '360402', '濂溪区', 360400, 'l', null, 115.99012, 29.676175);
insert into bas_area (id, area_level, area_code, area_name, parent_id, letter, baidu_id, longitude, latitude) values (360403, 3, '360403', '浔阳区', 360400, 'x', null, 115.995947, 29.72465);
insert into bas_area (id, area_level, area_code, area_name, parent_id, letter, baidu_id, longitude, latitude) values (360421, 3, '360421', '九江县', 360400, 'j', null, 115.892977, 29.610264);
insert into bas_area (id, area_level, area_code, area_name, parent_id, letter, baidu_id, longitude, latitude) values (360423, 3, '360423', '武宁县', 360400, 'w', null, 115.105646, 29.260182);
insert into bas_area (id, area_level, area_code, area_name, parent_id, letter, baidu_id, longitude, latitude) values (360424, 3, '360424', '修水县', 360400, 'x', null, 114.573428, 29.032729);
insert into bas_area (id, area_level, area_code, area_name, parent_id, letter, baidu_id, longitude, latitude) values (360425, 3, '360425', '永修县', 360400, 'y', null, 115.809055, 29.018212);
insert into bas_area (id, area_level, area_code, area_name, parent_id, letter, baidu_id, longitude, latitude) values (360426, 3, '360426', '德安县', 360400, 'd', null, 115.762611, 29.327474);
insert into bas_area (id, area_level, area_code, area_name, parent_id, letter, baidu_id, longitude, latitude) values (360428, 3, '360428', '都昌县', 360400, 'd', null, 116.205114, 29.275105);
insert into bas_area (id, area_level, area_code, area_name, parent_id, letter, baidu_id, longitude, latitude) values (360429, 3, '360429', '湖口县', 360400, 'h', null, 116.244313, 29.7263);
insert into bas_area (id, area_level, area_code, area_name, parent_id, letter, baidu_id, longitude, latitude) values (360430, 3, '360430', '彭泽县', 360400, 'p', null, 116.55584, 29.898865);
insert into bas_area (id, area_level, area_code, area_name, parent_id, letter, baidu_id, longitude, latitude) values (360481, 3, '360481', '瑞昌市', 360400, 'r', null, 115.669081, 29.676599);
insert into bas_area (id, area_level, area_code, area_name, parent_id, letter, baidu_id, longitude, latitude) values (360482, 3, '360482', '共青城市', 360400, 'g', null, 115.805712, 29.247884);
insert into bas_area (id, area_level, area_code, area_name, parent_id, letter, baidu_id, longitude, latitude) values (360483, 3, '360483', '庐山市', 360400, 'l', null, 116.009735, 29.666585);
insert into bas_area (id, area_level, area_code, area_name, parent_id, letter, baidu_id, longitude, latitude) values (360500, 2, '360500', '新余市', 360000, 'x', 164, 114.930835, 27.810834);
insert into bas_area (id, area_level, area_code, area_name, parent_id, letter, baidu_id, longitude, latitude) values (360502, 3, '360502', '渝水区', 360500, 'y', null, 114.923923, 27.819171);
insert into bas_area (id, area_level, area_code, area_name, parent_id, letter, baidu_id, longitude, latitude) values (360521, 3, '360521', '分宜县', 360500, 'f', null, 114.675262, 27.811301);
insert into bas_area (id, area_level, area_code, area_name, parent_id, letter, baidu_id, longitude, latitude) values (360600, 2, '360600', '鹰潭市', 360000, 'y', 279, 117.033838, 28.238638);
insert into bas_area (id, area_level, area_code, area_name, parent_id, letter, baidu_id, longitude, latitude) values (360602, 3, '360602', '月湖区', 360600, 'y', null, 117.034112, 28.239076);
insert into bas_area (id, area_level, area_code, area_name, parent_id, letter, baidu_id, longitude, latitude) values (360622, 3, '360622', '余江县', 360600, 'y', null, 116.822763, 28.206177);
insert into bas_area (id, area_level, area_code, area_name, parent_id, letter, baidu_id, longitude, latitude) values (360681, 3, '360681', '贵溪市', 360600, 'g', null, 117.212103, 28.283693);
insert into bas_area (id, area_level, area_code, area_name, parent_id, letter, baidu_id, longitude, latitude) values (360700, 2, '360700', '赣州市', 360000, 'g', 365, 114.940278, 25.85097);
insert into bas_area (id, area_level, area_code, area_name, parent_id, letter, baidu_id, longitude, latitude) values (360702, 3, '360702', '章贡区', 360700, 'z', null, 114.93872, 25.851367);
insert into bas_area (id, area_level, area_code, area_name, parent_id, letter, baidu_id, longitude, latitude) values (360703, 3, '360703', '南康区', 360700, 'n', null, 114.773223, 25.658742);
insert into bas_area (id, area_level, area_code, area_name, parent_id, letter, baidu_id, longitude, latitude) values (360721, 3, '360721', '赣县', 360700, 'g', null, 115.018461, 25.865432);
insert into bas_area (id, area_level, area_code, area_name, parent_id, letter, baidu_id, longitude, latitude) values (360722, 3, '360722', '信丰县', 360700, 'x', null, 114.930893, 25.38023);
insert into bas_area (id, area_level, area_code, area_name, parent_id, letter, baidu_id, longitude, latitude) values (360723, 3, '360723', '大余县', 360700, 'd', null, 114.362243, 25.395937);
insert into bas_area (id, area_level, area_code, area_name, parent_id, letter, baidu_id, longitude, latitude) values (360724, 3, '360724', '上犹县', 360700, 's', null, 114.540537, 25.794284);
insert into bas_area (id, area_level, area_code, area_name, parent_id, letter, baidu_id, longitude, latitude) values (360725, 3, '360725', '崇义县', 360700, 'c', null, 114.307348, 25.687911);
insert into bas_area (id, area_level, area_code, area_name, parent_id, letter, baidu_id, longitude, latitude) values (360726, 3, '360726', '安远县', 360700, 'a', null, 115.392328, 25.134591);
insert into bas_area (id, area_level, area_code, area_name, parent_id, letter, baidu_id, longitude, latitude) values (360727, 3, '360727', '龙南县', 360700, 'l', null, 114.792657, 24.90476);
insert into bas_area (id, area_level, area_code, area_name, parent_id, letter, baidu_id, longitude, latitude) values (360728, 3, '360728', '定南县', 360700, 'd', null, 115.03267, 24.774277);
insert into bas_area (id, area_level, area_code, area_name, parent_id, letter, baidu_id, longitude, latitude) values (360729, 3, '360729', '全南县', 360700, 'q', null, 114.531589, 24.742651);
insert into bas_area (id, area_level, area_code, area_name, parent_id, letter, baidu_id, longitude, latitude) values (360730, 3, '360730', '宁都县', 360700, 'n', null, 116.018782, 26.472054);
insert into bas_area (id, area_level, area_code, area_name, parent_id, letter, baidu_id, longitude, latitude) values (360731, 3, '360731', '于都县', 360700, 'y', null, 115.411198, 25.955033);
insert into bas_area (id, area_level, area_code, area_name, parent_id, letter, baidu_id, longitude, latitude) values (360732, 3, '360732', '兴国县', 360700, 'x', null, 115.351896, 26.330489);
insert into bas_area (id, area_level, area_code, area_name, parent_id, letter, baidu_id, longitude, latitude) values (360733, 3, '360733', '会昌县', 360700, 'h', null, 115.791158, 25.599125);
insert into bas_area (id, area_level, area_code, area_name, parent_id, letter, baidu_id, longitude, latitude) values (360734, 3, '360734', '寻乌县', 360700, 'x', null, 115.651399, 24.954136);
insert into bas_area (id, area_level, area_code, area_name, parent_id, letter, baidu_id, longitude, latitude) values (360735, 3, '360735', '石城县', 360700, 's', null, 116.342249, 26.326582);
insert into bas_area (id, area_level, area_code, area_name, parent_id, letter, baidu_id, longitude, latitude) values (360781, 3, '360781', '瑞金市', 360700, 'r', null, 116.034854, 25.875278);
insert into bas_area (id, area_level, area_code, area_name, parent_id, letter, baidu_id, longitude, latitude) values (360800, 2, '360800', '吉安市', 360000, 'j', 318, 114.986373, 27.111699);
insert into bas_area (id, area_level, area_code, area_name, parent_id, letter, baidu_id, longitude, latitude) values (360802, 3, '360802', '吉州区', 360800, 'j', null, 114.987331, 27.112367);
insert into bas_area (id, area_level, area_code, area_name, parent_id, letter, baidu_id, longitude, latitude) values (360803, 3, '360803', '青原区', 360800, 'q', null, 115.016306, 27.105879);
insert into bas_area (id, area_level, area_code, area_name, parent_id, letter, baidu_id, longitude, latitude) values (360821, 3, '360821', '吉安县', 360800, 'j', null, 114.905117, 27.040042);
insert into bas_area (id, area_level, area_code, area_name, parent_id, letter, baidu_id, longitude, latitude) values (360822, 3, '360822', '吉水县', 360800, 'j', null, 115.134569, 27.213445);
insert into bas_area (id, area_level, area_code, area_name, parent_id, letter, baidu_id, longitude, latitude) values (360823, 3, '360823', '峡江县', 360800, 'x', null, 115.319331, 27.580862);
insert into bas_area (id, area_level, area_code, area_name, parent_id, letter, baidu_id, longitude, latitude) values (360824, 3, '360824', '新干县', 360800, 'x', null, 115.399294, 27.755758);
insert into bas_area (id, area_level, area_code, area_name, parent_id, letter, baidu_id, longitude, latitude) values (360825, 3, '360825', '永丰县', 360800, 'y', null, 115.435559, 27.321087);
insert into bas_area (id, area_level, area_code, area_name, parent_id, letter, baidu_id, longitude, latitude) values (360826, 3, '360826', '泰和县', 360800, 't', null, 114.901393, 26.790164);
insert into bas_area (id, area_level, area_code, area_name, parent_id, letter, baidu_id, longitude, latitude) values (360827, 3, '360827', '遂川县', 360800, 's', null, 114.51689, 26.323705);
insert into bas_area (id, area_level, area_code, area_name, parent_id, letter, baidu_id, longitude, latitude) values (360828, 3, '360828', '万安县', 360800, 'w', null, 114.784694, 26.462085);
insert into bas_area (id, area_level, area_code, area_name, parent_id, letter, baidu_id, longitude, latitude) values (360829, 3, '360829', '安福县', 360800, 'a', null, 114.61384, 27.382746);
insert into bas_area (id, area_level, area_code, area_name, parent_id, letter, baidu_id, longitude, latitude) values (360830, 3, '360830', '永新县', 360800, 'y', null, 114.242534, 26.944721);
insert into bas_area (id, area_level, area_code, area_name, parent_id, letter, baidu_id, longitude, latitude) values (360881, 3, '360881', '井冈山市', 360800, 'j', null, 114.284421, 26.745919);
insert into bas_area (id, area_level, area_code, area_name, parent_id, letter, baidu_id, longitude, latitude) values (360900, 2, '360900', '宜春市', 360000, 'y', 278, 114.391136, 27.8043);
insert into bas_area (id, area_level, area_code, area_name, parent_id, letter, baidu_id, longitude, latitude) values (360902, 3, '360902', '袁州区', 360900, 'y', null, 114.387379, 27.800117);
insert into bas_area (id, area_level, area_code, area_name, parent_id, letter, baidu_id, longitude, latitude) values (360921, 3, '360921', '奉新县', 360900, 'f', null, 115.389899, 28.700672);
insert into bas_area (id, area_level, area_code, area_name, parent_id, letter, baidu_id, longitude, latitude) values (360922, 3, '360922', '万载县', 360900, 'w', null, 114.449012, 28.104528);
insert into bas_area (id, area_level, area_code, area_name, parent_id, letter, baidu_id, longitude, latitude) values (360923, 3, '360923', '上高县', 360900, 's', null, 114.932653, 28.234789);
insert into bas_area (id, area_level, area_code, area_name, parent_id, letter, baidu_id, longitude, latitude) values (360924, 3, '360924', '宜丰县', 360900, 'y', null, 114.787381, 28.388289);
insert into bas_area (id, area_level, area_code, area_name, parent_id, letter, baidu_id, longitude, latitude) values (360925, 3, '360925', '靖安县', 360900, 'j', null, 115.361744, 28.86054);
insert into bas_area (id, area_level, area_code, area_name, parent_id, letter, baidu_id, longitude, latitude) values (360926, 3, '360926', '铜鼓县', 360900, 't', null, 114.37014, 28.520956);
insert into bas_area (id, area_level, area_code, area_name, parent_id, letter, baidu_id, longitude, latitude) values (360981, 3, '360981', '丰城市', 360900, 'f', null, 115.786005, 28.191584);
insert into bas_area (id, area_level, area_code, area_name, parent_id, letter, baidu_id, longitude, latitude) values (360982, 3, '360982', '樟树市', 360900, 'z', null, 115.543388, 28.055898);
insert into bas_area (id, area_level, area_code, area_name, parent_id, letter, baidu_id, longitude, latitude) values (360983, 3, '360983', '高安市', 360900, 'g', null, 115.381527, 28.420951);
insert into bas_area (id, area_level, area_code, area_name, parent_id, letter, baidu_id, longitude, latitude) values (361000, 2, '361000', '抚州市', 360000, 'f', 226, 116.358351, 27.98385);
insert into bas_area (id, area_level, area_code, area_name, parent_id, letter, baidu_id, longitude, latitude) values (361002, 3, '361002', '临川区', 361000, 'l', null, 116.361404, 27.981919);
insert into bas_area (id, area_level, area_code, area_name, parent_id, letter, baidu_id, longitude, latitude) values (361021, 3, '361021', '南城县', 361000, 'n', null, 116.63945, 27.55531);
insert into bas_area (id, area_level, area_code, area_name, parent_id, letter, baidu_id, longitude, latitude) values (361022, 3, '361022', '黎川县', 361000, 'l', null, 116.91457, 27.292561);
insert into bas_area (id, area_level, area_code, area_name, parent_id, letter, baidu_id, longitude, latitude) values (361023, 3, '361023', '南丰县', 361000, 'n', null, 116.532994, 27.210132);
insert into bas_area (id, area_level, area_code, area_name, parent_id, letter, baidu_id, longitude, latitude) values (361024, 3, '361024', '崇仁县', 361000, 'c', null, 116.059109, 27.760907);
insert into bas_area (id, area_level, area_code, area_name, parent_id, letter, baidu_id, longitude, latitude) values (361025, 3, '361025', '乐安县', 361000, 'l', null, 115.838432, 27.420101);
insert into bas_area (id, area_level, area_code, area_name, parent_id, letter, baidu_id, longitude, latitude) values (361026, 3, '361026', '宜黄县', 361000, 'y', null, 116.223023, 27.546512);
insert into bas_area (id, area_level, area_code, area_name, parent_id, letter, baidu_id, longitude, latitude) values (361027, 3, '361027', '金溪县', 361000, 'j', null, 116.778751, 27.907387);
insert into bas_area (id, area_level, area_code, area_name, parent_id, letter, baidu_id, longitude, latitude) values (361028, 3, '361028', '资溪县', 361000, 'z', null, 117.066095, 27.70653);
insert into bas_area (id, area_level, area_code, area_name, parent_id, letter, baidu_id, longitude, latitude) values (361029, 3, '361029', '东乡县', 361000, 'd', null, 116.605341, 28.2325);
insert into bas_area (id, area_level, area_code, area_name, parent_id, letter, baidu_id, longitude, latitude) values (361030, 3, '361030', '广昌县', 361000, 'g', null, 116.327291, 26.838426);
insert into bas_area (id, area_level, area_code, area_name, parent_id, letter, baidu_id, longitude, latitude) values (361100, 2, '361100', '上饶市', 360000, 's', 364, 117.971185, 28.44442);
insert into bas_area (id, area_level, area_code, area_name, parent_id, letter, baidu_id, longitude, latitude) values (361102, 3, '361102', '信州区', 361100, 'x', null, 117.970522, 28.445378);
insert into bas_area (id, area_level, area_code, area_name, parent_id, letter, baidu_id, longitude, latitude) values (361103, 3, '361103', '广丰区', 361100, 'g', null, 118.277125, 28.364109);
insert into bas_area (id, area_level, area_code, area_name, parent_id, letter, baidu_id, longitude, latitude) values (361121, 3, '361121', '上饶县', 361100, 's', null, 117.90612, 28.453897);
insert into bas_area (id, area_level, area_code, area_name, parent_id, letter, baidu_id, longitude, latitude) values (361123, 3, '361123', '玉山县', 361100, 'y', null, 118.244408, 28.673479);
insert into bas_area (id, area_level, area_code, area_name, parent_id, letter, baidu_id, longitude, latitude) values (361124, 3, '361124', '铅山县', 361100, 'q', null, 117.711906, 28.310892);
insert into bas_area (id, area_level, area_code, area_name, parent_id, letter, baidu_id, longitude, latitude) values (361125, 3, '361125', '横峰县', 361100, 'h', null, 117.608247, 28.415103);
insert into bas_area (id, area_level, area_code, area_name, parent_id, letter, baidu_id, longitude, latitude) values (361126, 3, '361126', '弋阳县', 361100, 'y', null, 117.435002, 28.402391);
insert into bas_area (id, area_level, area_code, area_name, parent_id, letter, baidu_id, longitude, latitude) values (361127, 3, '361127', '余干县', 361100, 'y', null, 116.691072, 28.69173);
insert into bas_area (id, area_level, area_code, area_name, parent_id, letter, baidu_id, longitude, latitude) values (361128, 3, '361128', '鄱阳县', 361100, 'p', null, 116.673748, 28.993374);
insert into bas_area (id, area_level, area_code, area_name, parent_id, letter, baidu_id, longitude, latitude) values (361129, 3, '361129', '万年县', 361100, 'w', null, 117.07015, 28.692589);
insert into bas_area (id, area_level, area_code, area_name, parent_id, letter, baidu_id, longitude, latitude) values (361130, 3, '361130', '婺源县', 361100, 'w', null, 117.86219, 29.254015);
insert into bas_area (id, area_level, area_code, area_name, parent_id, letter, baidu_id, longitude, latitude) values (361181, 3, '361181', '德兴市', 361100, 'd', null, 117.578732, 28.945034);
insert into bas_area (id, area_level, area_code, area_name, parent_id, letter, baidu_id, longitude, latitude) values (370000, 1, '370000', '山东省', null, 's', null, 117.000923, 36.675807);
insert into bas_area (id, area_level, area_code, area_name, parent_id, letter, baidu_id, longitude, latitude) values (370100, 2, '370100', '济南市', 370000, 'j', 288, 117.000923, 36.675807);
insert into bas_area (id, area_level, area_code, area_name, parent_id, letter, baidu_id, longitude, latitude) values (370102, 3, '370102', '历下区', 370100, 'l', null, 117.03862, 36.664169);
insert into bas_area (id, area_level, area_code, area_name, parent_id, letter, baidu_id, longitude, latitude) values (370103, 3, '370103', '市中区', 370100, 's', null, 116.99898, 36.657354);
insert into bas_area (id, area_level, area_code, area_name, parent_id, letter, baidu_id, longitude, latitude) values (370104, 3, '370104', '槐荫区', 370100, 'h', null, 116.947921, 36.668205);
insert into bas_area (id, area_level, area_code, area_name, parent_id, letter, baidu_id, longitude, latitude) values (370105, 3, '370105', '天桥区', 370100, 't', null, 116.996086, 36.693374);
insert into bas_area (id, area_level, area_code, area_name, parent_id, letter, baidu_id, longitude, latitude) values (370112, 3, '370112', '历城区', 370100, 'l', null, 117.063744, 36.681744);
insert into bas_area (id, area_level, area_code, area_name, parent_id, letter, baidu_id, longitude, latitude) values (370113, 3, '370113', '长清区', 370100, 'z', null, 116.74588, 36.561049);
insert into bas_area (id, area_level, area_code, area_name, parent_id, letter, baidu_id, longitude, latitude) values (370124, 3, '370124', '平阴县', 370100, 'p', null, 116.455054, 36.286923);
insert into bas_area (id, area_level, area_code, area_name, parent_id, letter, baidu_id, longitude, latitude) values (370125, 3, '370125', '济阳县', 370100, 'j', null, 117.176035, 36.976772);
insert into bas_area (id, area_level, area_code, area_name, parent_id, letter, baidu_id, longitude, latitude) values (370126, 3, '370126', '商河县', 370100, 's', null, 117.156369, 37.310544);
insert into bas_area (id, area_level, area_code, area_name, parent_id, letter, baidu_id, longitude, latitude) values (370181, 3, '370181', '章丘市', 370100, 'z', null, 117.54069, 36.71209);
insert into bas_area (id, area_level, area_code, area_name, parent_id, letter, baidu_id, longitude, latitude) values (370200, 2, '370200', '青岛市', 370000, 'q', 236, 120.355173, 36.082982);
insert into bas_area (id, area_level, area_code, area_name, parent_id, letter, baidu_id, longitude, latitude) values (370202, 3, '370202', '市南区', 370200, 's', null, 120.395966, 36.070892);
insert into bas_area (id, area_level, area_code, area_name, parent_id, letter, baidu_id, longitude, latitude) values (370203, 3, '370203', '市北区', 370200, 's', null, 120.355026, 36.083819);
insert into bas_area (id, area_level, area_code, area_name, parent_id, letter, baidu_id, longitude, latitude) values (370211, 3, '370211', '黄岛区', 370200, 'h', null, 119.995518, 35.875138);
insert into bas_area (id, area_level, area_code, area_name, parent_id, letter, baidu_id, longitude, latitude) values (370212, 3, '370212', '崂山区', 370200, 'l', null, 120.467393, 36.102569);
insert into bas_area (id, area_level, area_code, area_name, parent_id, letter, baidu_id, longitude, latitude) values (370213, 3, '370213', '李沧区', 370200, 'l', null, 120.421236, 36.160023);
insert into bas_area (id, area_level, area_code, area_name, parent_id, letter, baidu_id, longitude, latitude) values (370214, 3, '370214', '城阳区', 370200, 'c', null, 120.389135, 36.306833);
insert into bas_area (id, area_level, area_code, area_name, parent_id, letter, baidu_id, longitude, latitude) values (370281, 3, '370281', '胶州市', 370200, 'j', null, 120.006202, 36.285878);
insert into bas_area (id, area_level, area_code, area_name, parent_id, letter, baidu_id, longitude, latitude) values (370282, 3, '370282', '即墨市', 370200, 'j', null, 120.447352, 36.390847);
insert into bas_area (id, area_level, area_code, area_name, parent_id, letter, baidu_id, longitude, latitude) values (370283, 3, '370283', '平度市', 370200, 'p', null, 119.959012, 36.788828);
insert into bas_area (id, area_level, area_code, area_name, parent_id, letter, baidu_id, longitude, latitude) values (370285, 3, '370285', '莱西市', 370200, 'l', null, 120.526226, 36.86509);
insert into bas_area (id, area_level, area_code, area_name, parent_id, letter, baidu_id, longitude, latitude) values (370300, 2, '370300', '淄博市', 370000, 'z', 354, 118.047648, 36.814939);
insert into bas_area (id, area_level, area_code, area_name, parent_id, letter, baidu_id, longitude, latitude) values (370302, 3, '370302', '淄川区', 370300, 'z', null, 117.967696, 36.647272);
insert into bas_area (id, area_level, area_code, area_name, parent_id, letter, baidu_id, longitude, latitude) values (370303, 3, '370303', '张店区', 370300, 'z', null, 118.053521, 36.807049);
insert into bas_area (id, area_level, area_code, area_name, parent_id, letter, baidu_id, longitude, latitude) values (370304, 3, '370304', '博山区', 370300, 'b', null, 117.85823, 36.497567);
insert into bas_area (id, area_level, area_code, area_name, parent_id, letter, baidu_id, longitude, latitude) values (370305, 3, '370305', '临淄区', 370300, 'l', null, 118.306018, 36.816657);
insert into bas_area (id, area_level, area_code, area_name, parent_id, letter, baidu_id, longitude, latitude) values (370306, 3, '370306', '周村区', 370300, 'z', null, 117.851036, 36.803699);
insert into bas_area (id, area_level, area_code, area_name, parent_id, letter, baidu_id, longitude, latitude) values (370321, 3, '370321', '桓台县', 370300, 'h', null, 118.101556, 36.959773);
insert into bas_area (id, area_level, area_code, area_name, parent_id, letter, baidu_id, longitude, latitude) values (370322, 3, '370322', '高青县', 370300, 'g', null, 117.829839, 37.169581);
insert into bas_area (id, area_level, area_code, area_name, parent_id, letter, baidu_id, longitude, latitude) values (370323, 3, '370323', '沂源县', 370300, 'y', null, 118.166161, 36.186282);
insert into bas_area (id, area_level, area_code, area_name, parent_id, letter, baidu_id, longitude, latitude) values (370400, 2, '370400', '枣庄市', 370000, 'z', 172, 117.557964, 34.856424);
insert into bas_area (id, area_level, area_code, area_name, parent_id, letter, baidu_id, longitude, latitude) values (370402, 3, '370402', '市中区', 370400, 's', null, 117.557281, 34.856651);
insert into bas_area (id, area_level, area_code, area_name, parent_id, letter, baidu_id, longitude, latitude) values (370403, 3, '370403', '薛城区', 370400, 'x', null, 117.265293, 34.79789);
insert into bas_area (id, area_level, area_code, area_name, parent_id, letter, baidu_id, longitude, latitude) values (370404, 3, '370404', '峄城区', 370400, 'y', null, 117.586316, 34.767713);
insert into bas_area (id, area_level, area_code, area_name, parent_id, letter, baidu_id, longitude, latitude) values (370405, 3, '370405', '台儿庄区', 370400, 't', null, 117.734747, 34.564815);
insert into bas_area (id, area_level, area_code, area_name, parent_id, letter, baidu_id, longitude, latitude) values (370406, 3, '370406', '山亭区', 370400, 's', null, 117.458968, 35.096077);
insert into bas_area (id, area_level, area_code, area_name, parent_id, letter, baidu_id, longitude, latitude) values (370481, 3, '370481', '滕州市', 370400, 't', null, 117.162098, 35.088498);
insert into bas_area (id, area_level, area_code, area_name, parent_id, letter, baidu_id, longitude, latitude) values (370500, 2, '370500', '东营市', 370000, 'd', 174, 118.66471, 37.434564);
insert into bas_area (id, area_level, area_code, area_name, parent_id, letter, baidu_id, longitude, latitude) values (370502, 3, '370502', '东营区', 370500, 'd', null, 118.507543, 37.461567);
insert into bas_area (id, area_level, area_code, area_name, parent_id, letter, baidu_id, longitude, latitude) values (370503, 3, '370503', '河口区', 370500, 'h', null, 118.529613, 37.886015);
insert into bas_area (id, area_level, area_code, area_name, parent_id, letter, baidu_id, longitude, latitude) values (370505, 3, '370505', '垦利区', 370500, 'k', null, 118.814422, 37.670006);
insert into bas_area (id, area_level, area_code, area_name, parent_id, letter, baidu_id, longitude, latitude) values (370522, 3, '370522', '利津县', 370500, 'l', null, 118.248854, 37.493365);
insert into bas_area (id, area_level, area_code, area_name, parent_id, letter, baidu_id, longitude, latitude) values (370523, 3, '370523', '广饶县', 370500, 'g', null, 118.407522, 37.05161);
insert into bas_area (id, area_level, area_code, area_name, parent_id, letter, baidu_id, longitude, latitude) values (370600, 2, '370600', '烟台市', 370000, 'y', 326, 121.391382, 37.539297);
insert into bas_area (id, area_level, area_code, area_name, parent_id, letter, baidu_id, longitude, latitude) values (370602, 3, '370602', '芝罘区', 370600, 'z', null, 121.385877, 37.540925);
insert into bas_area (id, area_level, area_code, area_name, parent_id, letter, baidu_id, longitude, latitude) values (370611, 3, '370611', '福山区', 370600, 'f', null, 121.264741, 37.496875);
insert into bas_area (id, area_level, area_code, area_name, parent_id, letter, baidu_id, longitude, latitude) values (370612, 3, '370612', '牟平区', 370600, 'm', null, 121.60151, 37.388356);
insert into bas_area (id, area_level, area_code, area_name, parent_id, letter, baidu_id, longitude, latitude) values (370613, 3, '370613', '莱山区', 370600, 'l', null, 121.448866, 37.473549);
insert into bas_area (id, area_level, area_code, area_name, parent_id, letter, baidu_id, longitude, latitude) values (370634, 3, '370634', '长岛县', 370600, 'z', null, 120.738345, 37.916194);
insert into bas_area (id, area_level, area_code, area_name, parent_id, letter, baidu_id, longitude, latitude) values (370681, 3, '370681', '龙口市', 370600, 'l', null, 120.528328, 37.648446);
insert into bas_area (id, area_level, area_code, area_name, parent_id, letter, baidu_id, longitude, latitude) values (370682, 3, '370682', '莱阳市', 370600, 'l', null, 120.711151, 36.977037);
insert into bas_area (id, area_level, area_code, area_name, parent_id, letter, baidu_id, longitude, latitude) values (370683, 3, '370683', '莱州市', 370600, 'l', null, 119.942135, 37.182725);
insert into bas_area (id, area_level, area_code, area_name, parent_id, letter, baidu_id, longitude, latitude) values (370684, 3, '370684', '蓬莱市', 370600, 'p', null, 120.762689, 37.811168);
insert into bas_area (id, area_level, area_code, area_name, parent_id, letter, baidu_id, longitude, latitude) values (370685, 3, '370685', '招远市', 370600, 'z', null, 120.403142, 37.364919);
insert into bas_area (id, area_level, area_code, area_name, parent_id, letter, baidu_id, longitude, latitude) values (370686, 3, '370686', '栖霞市', 370600, 'q', null, 120.834097, 37.305854);
insert into bas_area (id, area_level, area_code, area_name, parent_id, letter, baidu_id, longitude, latitude) values (370687, 3, '370687', '海阳市', 370600, 'h', null, 121.168392, 36.780657);
insert into bas_area (id, area_level, area_code, area_name, parent_id, letter, baidu_id, longitude, latitude) values (370700, 2, '370700', '潍坊市', 370000, 'w', 287, 119.107078, 36.70925);
insert into bas_area (id, area_level, area_code, area_name, parent_id, letter, baidu_id, longitude, latitude) values (370702, 3, '370702', '潍城区', 370700, 'w', null, 119.103784, 36.710062);
insert into bas_area (id, area_level, area_code, area_name, parent_id, letter, baidu_id, longitude, latitude) values (370703, 3, '370703', '寒亭区', 370700, 'h', null, 119.207866, 36.772103);
insert into bas_area (id, area_level, area_code, area_name, parent_id, letter, baidu_id, longitude, latitude) values (370704, 3, '370704', '坊子区', 370700, 'f', null, 119.166326, 36.654616);
insert into bas_area (id, area_level, area_code, area_name, parent_id, letter, baidu_id, longitude, latitude) values (370705, 3, '370705', '奎文区', 370700, 'k', null, 119.137357, 36.709494);
insert into bas_area (id, area_level, area_code, area_name, parent_id, letter, baidu_id, longitude, latitude) values (370724, 3, '370724', '临朐县', 370700, 'l', null, 118.539876, 36.516371);
insert into bas_area (id, area_level, area_code, area_name, parent_id, letter, baidu_id, longitude, latitude) values (370725, 3, '370725', '昌乐县', 370700, 'c', null, 118.839995, 36.703253);
insert into bas_area (id, area_level, area_code, area_name, parent_id, letter, baidu_id, longitude, latitude) values (370781, 3, '370781', '青州市', 370700, 'q', null, 118.484693, 36.697855);
insert into bas_area (id, area_level, area_code, area_name, parent_id, letter, baidu_id, longitude, latitude) values (370782, 3, '370782', '诸城市', 370700, 'z', null, 119.403182, 35.997093);
insert into bas_area (id, area_level, area_code, area_name, parent_id, letter, baidu_id, longitude, latitude) values (370783, 3, '370783', '寿光市', 370700, 's', null, 118.736451, 36.874411);
insert into bas_area (id, area_level, area_code, area_name, parent_id, letter, baidu_id, longitude, latitude) values (370784, 3, '370784', '安丘市', 370700, 'a', null, 119.206886, 36.427417);
insert into bas_area (id, area_level, area_code, area_name, parent_id, letter, baidu_id, longitude, latitude) values (370785, 3, '370785', '高密市', 370700, 'g', null, 119.757033, 36.37754);
insert into bas_area (id, area_level, area_code, area_name, parent_id, letter, baidu_id, longitude, latitude) values (370786, 3, '370786', '昌邑市', 370700, 'c', null, 119.394502, 36.854937);
insert into bas_area (id, area_level, area_code, area_name, parent_id, letter, baidu_id, longitude, latitude) values (370800, 2, '370800', '济宁市', 370000, 'j', 286, 116.587245, 35.415393);
insert into bas_area (id, area_level, area_code, area_name, parent_id, letter, baidu_id, longitude, latitude) values (370811, 3, '370811', '任城区', 370800, 'r', null, 116.595261, 35.414828);
insert into bas_area (id, area_level, area_code, area_name, parent_id, letter, baidu_id, longitude, latitude) values (370812, 3, '370812', '兖州区', 370800, 'y', null, 116.805584, 35.597395);
insert into bas_area (id, area_level, area_code, area_name, parent_id, letter, baidu_id, longitude, latitude) values (370826, 3, '370826', '微山县', 370800, 'w', null, 117.12861, 34.809525);
insert into bas_area (id, area_level, area_code, area_name, parent_id, letter, baidu_id, longitude, latitude) values (370827, 3, '370827', '鱼台县', 370800, 'y', null, 116.650023, 34.997706);
insert into bas_area (id, area_level, area_code, area_name, parent_id, letter, baidu_id, longitude, latitude) values (370828, 3, '370828', '金乡县', 370800, 'j', null, 116.310364, 35.06977);
insert into bas_area (id, area_level, area_code, area_name, parent_id, letter, baidu_id, longitude, latitude) values (370829, 3, '370829', '嘉祥县', 370800, 'j', null, 116.342885, 35.398098);
insert into bas_area (id, area_level, area_code, area_name, parent_id, letter, baidu_id, longitude, latitude) values (370830, 3, '370830', '汶上县', 370800, 'w', null, 116.487146, 35.721746);
insert into bas_area (id, area_level, area_code, area_name, parent_id, letter, baidu_id, longitude, latitude) values (370831, 3, '370831', '泗水县', 370800, 's', null, 117.273605, 35.653216);
insert into bas_area (id, area_level, area_code, area_name, parent_id, letter, baidu_id, longitude, latitude) values (370832, 3, '370832', '梁山县', 370800, 'l', null, 116.08963, 35.801843);
insert into bas_area (id, area_level, area_code, area_name, parent_id, letter, baidu_id, longitude, latitude) values (370881, 3, '370881', '曲阜市', 370800, 'q', null, 116.991885, 35.592788);
insert into bas_area (id, area_level, area_code, area_name, parent_id, letter, baidu_id, longitude, latitude) values (370883, 3, '370883', '邹城市', 370800, 'z', null, 116.96673, 35.405259);
insert into bas_area (id, area_level, area_code, area_name, parent_id, letter, baidu_id, longitude, latitude) values (370900, 2, '370900', '泰安市', 370000, 't', 325, 117.129063, 36.194968);
insert into bas_area (id, area_level, area_code, area_name, parent_id, letter, baidu_id, longitude, latitude) values (370902, 3, '370902', '泰山区', 370900, 't', null, 117.129984, 36.189313);
insert into bas_area (id, area_level, area_code, area_name, parent_id, letter, baidu_id, longitude, latitude) values (370911, 3, '370911', '岱岳区', 370900, 'd', null, 117.04353, 36.1841);
insert into bas_area (id, area_level, area_code, area_name, parent_id, letter, baidu_id, longitude, latitude) values (370921, 3, '370921', '宁阳县', 370900, 'n', null, 116.799297, 35.76754);
insert into bas_area (id, area_level, area_code, area_name, parent_id, letter, baidu_id, longitude, latitude) values (370923, 3, '370923', '东平县', 370900, 'd', null, 116.461052, 35.930467);
insert into bas_area (id, area_level, area_code, area_name, parent_id, letter, baidu_id, longitude, latitude) values (370982, 3, '370982', '新泰市', 370900, 'x', null, 117.766092, 35.910387);
insert into bas_area (id, area_level, area_code, area_name, parent_id, letter, baidu_id, longitude, latitude) values (370983, 3, '370983', '肥城市', 370900, 'f', null, 116.763703, 36.1856);
insert into bas_area (id, area_level, area_code, area_name, parent_id, letter, baidu_id, longitude, latitude) values (371000, 2, '371000', '威海市', 370000, 'w', 175, 122.116394, 37.509691);
insert into bas_area (id, area_level, area_code, area_name, parent_id, letter, baidu_id, longitude, latitude) values (371002, 3, '371002', '环翠区', 371000, 'h', null, 122.116189, 37.510754);
insert into bas_area (id, area_level, area_code, area_name, parent_id, letter, baidu_id, longitude, latitude) values (371003, 3, '371003', '文登区', 371000, 'w', null, 122.109747, 37.217566);
insert into bas_area (id, area_level, area_code, area_name, parent_id, letter, baidu_id, longitude, latitude) values (371082, 3, '371082', '荣成市', 371000, 'r', null, 122.422896, 37.160134);
insert into bas_area (id, area_level, area_code, area_name, parent_id, letter, baidu_id, longitude, latitude) values (371083, 3, '371083', '乳山市', 371000, 'r', null, 121.536346, 36.919622);
insert into bas_area (id, area_level, area_code, area_name, parent_id, letter, baidu_id, longitude, latitude) values (371100, 2, '371100', '日照市', 370000, 'r', 173, 119.461208, 35.428588);
insert into bas_area (id, area_level, area_code, area_name, parent_id, letter, baidu_id, longitude, latitude) values (371102, 3, '371102', '东港区', 371100, 'd', null, 119.457703, 35.426152);
insert into bas_area (id, area_level, area_code, area_name, parent_id, letter, baidu_id, longitude, latitude) values (371103, 3, '371103', '岚山区', 371100, 'l', null, 119.315844, 35.119794);
insert into bas_area (id, area_level, area_code, area_name, parent_id, letter, baidu_id, longitude, latitude) values (371121, 3, '371121', '五莲县', 371100, 'w', null, 119.206745, 35.751936);
insert into bas_area (id, area_level, area_code, area_name, parent_id, letter, baidu_id, longitude, latitude) values (371122, 3, '371122', '莒县', 371100, 'j', null, 118.832859, 35.588115);
insert into bas_area (id, area_level, area_code, area_name, parent_id, letter, baidu_id, longitude, latitude) values (371200, 2, '371200', '莱芜市', 370000, 'l', 124, 117.677736, 36.214397);
insert into bas_area (id, area_level, area_code, area_name, parent_id, letter, baidu_id, longitude, latitude) values (371202, 3, '371202', '莱城区', 371200, 'l', null, 117.678351, 36.213662);
insert into bas_area (id, area_level, area_code, area_name, parent_id, letter, baidu_id, longitude, latitude) values (371203, 3, '371203', '钢城区', 371200, 'g', null, 117.82033, 36.058038);
insert into bas_area (id, area_level, area_code, area_name, parent_id, letter, baidu_id, longitude, latitude) values (371300, 2, '371300', '临沂市', 370000, 'l', 234, 118.326443, 35.065282);
insert into bas_area (id, area_level, area_code, area_name, parent_id, letter, baidu_id, longitude, latitude) values (371302, 3, '371302', '兰山区', 371300, 'l', null, 118.327667, 35.061631);
insert into bas_area (id, area_level, area_code, area_name, parent_id, letter, baidu_id, longitude, latitude) values (371311, 3, '371311', '罗庄区', 371300, 'l', null, 118.284795, 34.997204);
insert into bas_area (id, area_level, area_code, area_name, parent_id, letter, baidu_id, longitude, latitude) values (371312, 3, '371312', '河东区', 371300, 'h', null, 118.398296, 35.085004);
insert into bas_area (id, area_level, area_code, area_name, parent_id, letter, baidu_id, longitude, latitude) values (371321, 3, '371321', '沂南县', 371300, 'y', null, 118.455395, 35.547002);
insert into bas_area (id, area_level, area_code, area_name, parent_id, letter, baidu_id, longitude, latitude) values (371322, 3, '371322', '郯城县', 371300, 't', null, 118.342963, 34.614741);
insert into bas_area (id, area_level, area_code, area_name, parent_id, letter, baidu_id, longitude, latitude) values (371323, 3, '371323', '沂水县', 371300, 'y', null, 118.634543, 35.787029);
insert into bas_area (id, area_level, area_code, area_name, parent_id, letter, baidu_id, longitude, latitude) values (371324, 3, '371324', '兰陵县', 371300, 'l', null, 118.049968, 34.855573);
insert into bas_area (id, area_level, area_code, area_name, parent_id, letter, baidu_id, longitude, latitude) values (371325, 3, '371325', '费县', 371300, 'f', null, 117.968869, 35.269174);
insert into bas_area (id, area_level, area_code, area_name, parent_id, letter, baidu_id, longitude, latitude) values (371326, 3, '371326', '平邑县', 371300, 'p', null, 117.631884, 35.511519);
insert into bas_area (id, area_level, area_code, area_name, parent_id, letter, baidu_id, longitude, latitude) values (371327, 3, '371327', '莒南县', 371300, 'j', null, 118.838322, 35.175911);
insert into bas_area (id, area_level, area_code, area_name, parent_id, letter, baidu_id, longitude, latitude) values (371328, 3, '371328', '蒙阴县', 371300, 'm', null, 117.943271, 35.712435);
insert into bas_area (id, area_level, area_code, area_name, parent_id, letter, baidu_id, longitude, latitude) values (371329, 3, '371329', '临沭县', 371300, 'l', null, 118.648379, 34.917062);
insert into bas_area (id, area_level, area_code, area_name, parent_id, letter, baidu_id, longitude, latitude) values (371400, 2, '371400', '德州市', 370000, 'd', 372, 116.307428, 37.453968);
insert into bas_area (id, area_level, area_code, area_name, parent_id, letter, baidu_id, longitude, latitude) values (371402, 3, '371402', '德城区', 371400, 'd', null, 116.307076, 37.453923);
insert into bas_area (id, area_level, area_code, area_name, parent_id, letter, baidu_id, longitude, latitude) values (371403, 3, '371403', '陵城区', 371400, 'l', null, 116.759488, 37.471361);
insert into bas_area (id, area_level, area_code, area_name, parent_id, letter, baidu_id, longitude, latitude) values (371422, 3, '371422', '宁津县', 371400, 'n', null, 116.79372, 37.649619);
insert into bas_area (id, area_level, area_code, area_name, parent_id, letter, baidu_id, longitude, latitude) values (371423, 3, '371423', '庆云县', 371400, 'q', null, 117.390507, 37.777724);
insert into bas_area (id, area_level, area_code, area_name, parent_id, letter, baidu_id, longitude, latitude) values (371424, 3, '371424', '临邑县', 371400, 'l', null, 116.867028, 37.192044);
insert into bas_area (id, area_level, area_code, area_name, parent_id, letter, baidu_id, longitude, latitude) values (371425, 3, '371425', '齐河县', 371400, 'q', null, 116.758394, 36.795497);
insert into bas_area (id, area_level, area_code, area_name, parent_id, letter, baidu_id, longitude, latitude) values (371426, 3, '371426', '平原县', 371400, 'p', null, 116.433904, 37.164465);
insert into bas_area (id, area_level, area_code, area_name, parent_id, letter, baidu_id, longitude, latitude) values (371427, 3, '371427', '夏津县', 371400, 'x', null, 116.003816, 36.950501);
insert into bas_area (id, area_level, area_code, area_name, parent_id, letter, baidu_id, longitude, latitude) values (371428, 3, '371428', '武城县', 371400, 'w', null, 116.078627, 37.209527);
insert into bas_area (id, area_level, area_code, area_name, parent_id, letter, baidu_id, longitude, latitude) values (371481, 3, '371481', '乐陵市', 371400, 'l', null, 117.216657, 37.729115);
insert into bas_area (id, area_level, area_code, area_name, parent_id, letter, baidu_id, longitude, latitude) values (371482, 3, '371482', '禹城市', 371400, 'y', null, 116.642554, 36.934485);
insert into bas_area (id, area_level, area_code, area_name, parent_id, letter, baidu_id, longitude, latitude) values (371500, 2, '371500', '聊城市', 370000, 'l', 366, 115.980367, 36.456013);
insert into bas_area (id, area_level, area_code, area_name, parent_id, letter, baidu_id, longitude, latitude) values (371502, 3, '371502', '东昌府区', 371500, 'd', null, 115.980023, 36.45606);
insert into bas_area (id, area_level, area_code, area_name, parent_id, letter, baidu_id, longitude, latitude) values (371521, 3, '371521', '阳谷县', 371500, 'y', null, 115.784287, 36.113708);
insert into bas_area (id, area_level, area_code, area_name, parent_id, letter, baidu_id, longitude, latitude) values (371522, 3, '371522', '莘县', 371500, 's', null, 115.667291, 36.237597);
insert into bas_area (id, area_level, area_code, area_name, parent_id, letter, baidu_id, longitude, latitude) values (371523, 3, '371523', '茌平县', 371500, 'c', null, 116.25335, 36.591934);
insert into bas_area (id, area_level, area_code, area_name, parent_id, letter, baidu_id, longitude, latitude) values (371524, 3, '371524', '东阿县', 371500, 'd', null, 116.248855, 36.336004);
insert into bas_area (id, area_level, area_code, area_name, parent_id, letter, baidu_id, longitude, latitude) values (371525, 3, '371525', '冠县', 371500, 'g', null, 115.444808, 36.483753);
insert into bas_area (id, area_level, area_code, area_name, parent_id, letter, baidu_id, longitude, latitude) values (371526, 3, '371526', '高唐县', 371500, 'g', null, 116.229662, 36.859755);
insert into bas_area (id, area_level, area_code, area_name, parent_id, letter, baidu_id, longitude, latitude) values (371581, 3, '371581', '临清市', 371500, 'l', null, 115.713462, 36.842598);
insert into bas_area (id, area_level, area_code, area_name, parent_id, letter, baidu_id, longitude, latitude) values (371600, 2, '371600', '滨州市', 370000, 'b', 235, 118.016974, 37.383542);
insert into bas_area (id, area_level, area_code, area_name, parent_id, letter, baidu_id, longitude, latitude) values (371602, 3, '371602', '滨城区', 371600, 'b', null, 118.020149, 37.384842);
insert into bas_area (id, area_level, area_code, area_name, parent_id, letter, baidu_id, longitude, latitude) values (371603, 3, '371603', '沾化区', 371600, 'z', null, 118.10241, 37.702542);
insert into bas_area (id, area_level, area_code, area_name, parent_id, letter, baidu_id, longitude, latitude) values (371621, 3, '371621', '惠民县', 371600, 'h', null, 117.508941, 37.483876);
insert into bas_area (id, area_level, area_code, area_name, parent_id, letter, baidu_id, longitude, latitude) values (371622, 3, '371622', '阳信县', 371600, 'y', null, 117.581326, 37.640492);
insert into bas_area (id, area_level, area_code, area_name, parent_id, letter, baidu_id, longitude, latitude) values (371623, 3, '371623', '无棣县', 371600, 'w', null, 117.616325, 37.740848);
insert into bas_area (id, area_level, area_code, area_name, parent_id, letter, baidu_id, longitude, latitude) values (371625, 3, '371625', '博兴县', 371600, 'b', null, 118.123096, 37.147002);
insert into bas_area (id, area_level, area_code, area_name, parent_id, letter, baidu_id, longitude, latitude) values (371626, 3, '371626', '邹平县', 371600, 'z', null, 117.736807, 36.87803);
insert into bas_area (id, area_level, area_code, area_name, parent_id, letter, baidu_id, longitude, latitude) values (371700, 2, '371700', '菏泽市', 370000, 'h', 353, 115.469381, 35.246531);
insert into bas_area (id, area_level, area_code, area_name, parent_id, letter, baidu_id, longitude, latitude) values (371702, 3, '371702', '牡丹区', 371700, 'm', null, 115.470946, 35.24311);
insert into bas_area (id, area_level, area_code, area_name, parent_id, letter, baidu_id, longitude, latitude) values (371703, 3, '371703', '定陶区', 371700, 'd', null, 115.629419, 35.103625);
insert into bas_area (id, area_level, area_code, area_name, parent_id, letter, baidu_id, longitude, latitude) values (371721, 3, '371721', '曹县', 371700, 'c', null, 115.549482, 34.823253);
insert into bas_area (id, area_level, area_code, area_name, parent_id, letter, baidu_id, longitude, latitude) values (371722, 3, '371722', '单县', 371700, 'd', null, 116.08262, 34.790851);
insert into bas_area (id, area_level, area_code, area_name, parent_id, letter, baidu_id, longitude, latitude) values (371723, 3, '371723', '成武县', 371700, 'c', null, 115.897349, 34.947366);
insert into bas_area (id, area_level, area_code, area_name, parent_id, letter, baidu_id, longitude, latitude) values (371724, 3, '371724', '巨野县', 371700, 'j', null, 116.089341, 35.390999);
insert into bas_area (id, area_level, area_code, area_name, parent_id, letter, baidu_id, longitude, latitude) values (371725, 3, '371725', '郓城县', 371700, 'y', null, 115.93885, 35.594773);
insert into bas_area (id, area_level, area_code, area_name, parent_id, letter, baidu_id, longitude, latitude) values (371726, 3, '371726', '鄄城县', 371700, 'j', null, 115.51434, 35.560257);
insert into bas_area (id, area_level, area_code, area_name, parent_id, letter, baidu_id, longitude, latitude) values (371728, 3, '371728', '东明县', 371700, 'd', null, 115.098412, 35.289637);
insert into bas_area (id, area_level, area_code, area_name, parent_id, letter, baidu_id, longitude, latitude) values (410000, 1, '410000', '河南省', null, 'h', null, 113.665412, 34.757975);
insert into bas_area (id, area_level, area_code, area_name, parent_id, letter, baidu_id, longitude, latitude) values (410100, 2, '410100', '郑州市', 410000, 'z', 268, 113.665412, 34.757975);
insert into bas_area (id, area_level, area_code, area_name, parent_id, letter, baidu_id, longitude, latitude) values (410102, 3, '410102', '中原区', 410100, 'z', null, 113.611576, 34.748286);
insert into bas_area (id, area_level, area_code, area_name, parent_id, letter, baidu_id, longitude, latitude) values (410103, 3, '410103', '二七区', 410100, 'e', null, 113.645422, 34.730936);
insert into bas_area (id, area_level, area_code, area_name, parent_id, letter, baidu_id, longitude, latitude) values (410104, 3, '410104', '管城回族区', 410100, 'g', null, 113.685313, 34.746453);
insert into bas_area (id, area_level, area_code, area_name, parent_id, letter, baidu_id, longitude, latitude) values (410105, 3, '410105', '金水区', 410100, 'j', null, 113.686037, 34.775838);
insert into bas_area (id, area_level, area_code, area_name, parent_id, letter, baidu_id, longitude, latitude) values (410106, 3, '410106', '上街区', 410100, 's', null, 113.298282, 34.808689);
insert into bas_area (id, area_level, area_code, area_name, parent_id, letter, baidu_id, longitude, latitude) values (410108, 3, '410108', '惠济区', 410100, 'h', null, 113.61836, 34.828591);
insert into bas_area (id, area_level, area_code, area_name, parent_id, letter, baidu_id, longitude, latitude) values (410122, 3, '410122', '中牟县', 410100, 'z', null, 114.022521, 34.721976);
insert into bas_area (id, area_level, area_code, area_name, parent_id, letter, baidu_id, longitude, latitude) values (410181, 3, '410181', '巩义市', 410100, 'g', null, 112.98283, 34.75218);
insert into bas_area (id, area_level, area_code, area_name, parent_id, letter, baidu_id, longitude, latitude) values (410182, 3, '410182', '荥阳市', 410100, 'y', null, 113.391523, 34.789077);
insert into bas_area (id, area_level, area_code, area_name, parent_id, letter, baidu_id, longitude, latitude) values (410183, 3, '410183', '新密市', 410100, 'x', null, 113.380616, 34.537846);
insert into bas_area (id, area_level, area_code, area_name, parent_id, letter, baidu_id, longitude, latitude) values (410184, 3, '410184', '新郑市', 410100, 'x', null, 113.73967, 34.394219);
insert into bas_area (id, area_level, area_code, area_name, parent_id, letter, baidu_id, longitude, latitude) values (410185, 3, '410185', '登封市', 410100, 'd', null, 113.037768, 34.459939);
insert into bas_area (id, area_level, area_code, area_name, parent_id, letter, baidu_id, longitude, latitude) values (410200, 2, '410200', '开封市', 410000, 'k', 210, 114.341447, 34.797049);
insert into bas_area (id, area_level, area_code, area_name, parent_id, letter, baidu_id, longitude, latitude) values (410202, 3, '410202', '龙亭区', 410200, 'l', null, 114.353348, 34.799833);
insert into bas_area (id, area_level, area_code, area_name, parent_id, letter, baidu_id, longitude, latitude) values (410203, 3, '410203', '顺河回族区', 410200, 's', null, 114.364875, 34.800459);
insert into bas_area (id, area_level, area_code, area_name, parent_id, letter, baidu_id, longitude, latitude) values (410204, 3, '410204', '鼓楼区', 410200, 'g', null, 114.3485, 34.792383);
insert into bas_area (id, area_level, area_code, area_name, parent_id, letter, baidu_id, longitude, latitude) values (410205, 3, '410205', '禹王台区', 410200, 'y', null, 114.350246, 34.779727);
insert into bas_area (id, area_level, area_code, area_name, parent_id, letter, baidu_id, longitude, latitude) values (410211, 3, '410211', '金明区', 410200, 'j', null, 116.761788, 37.473652);
insert into bas_area (id, area_level, area_code, area_name, parent_id, letter, baidu_id, longitude, latitude) values (410212, 3, '410212', '祥符区', 410200, 'x', null, 113.919245, 34.49152);
insert into bas_area (id, area_level, area_code, area_name, parent_id, letter, baidu_id, longitude, latitude) values (410221, 3, '410221', '杞县', 410200, 'q', null, 114.770472, 34.554585);
insert into bas_area (id, area_level, area_code, area_name, parent_id, letter, baidu_id, longitude, latitude) values (410222, 3, '410222', '通许县', 410200, 't', null, 114.467734, 34.477302);
insert into bas_area (id, area_level, area_code, area_name, parent_id, letter, baidu_id, longitude, latitude) values (410223, 3, '410223', '尉氏县', 410200, 'w', null, 114.193927, 34.412256);
insert into bas_area (id, area_level, area_code, area_name, parent_id, letter, baidu_id, longitude, latitude) values (410225, 3, '410225', '兰考县', 410200, 'l', null, 114.820572, 34.829899);
insert into bas_area (id, area_level, area_code, area_name, parent_id, letter, baidu_id, longitude, latitude) values (410300, 2, '410300', '洛阳市', 410000, 'l', 153, 112.434468, 34.663041);
insert into bas_area (id, area_level, area_code, area_name, parent_id, letter, baidu_id, longitude, latitude) values (410302, 3, '410302', '老城区', 410300, 'l', null, 112.477298, 34.682945);
insert into bas_area (id, area_level, area_code, area_name, parent_id, letter, baidu_id, longitude, latitude) values (410303, 3, '410303', '西工区', 410300, 'x', null, 112.443232, 34.667847);
insert into bas_area (id, area_level, area_code, area_name, parent_id, letter, baidu_id, longitude, latitude) values (410304, 3, '410304', '瀍河回族区', 410300, 'c', null, 112.491625, 34.684738);
insert into bas_area (id, area_level, area_code, area_name, parent_id, letter, baidu_id, longitude, latitude) values (410305, 3, '410305', '涧西区', 410300, 'j', null, 112.399243, 34.654251);
insert into bas_area (id, area_level, area_code, area_name, parent_id, letter, baidu_id, longitude, latitude) values (410306, 3, '410306', '吉利区', 410300, 'j', null, 112.584796, 34.899093);
insert into bas_area (id, area_level, area_code, area_name, parent_id, letter, baidu_id, longitude, latitude) values (410311, 3, '410311', '洛龙区', 410300, 'l', null, 112.456634, 34.618557);
insert into bas_area (id, area_level, area_code, area_name, parent_id, letter, baidu_id, longitude, latitude) values (410322, 3, '410322', '孟津县', 410300, 'm', null, 112.443892, 34.826485);
insert into bas_area (id, area_level, area_code, area_name, parent_id, letter, baidu_id, longitude, latitude) values (410323, 3, '410323', '新安县', 410300, 'x', null, 112.141403, 34.728679);
insert into bas_area (id, area_level, area_code, area_name, parent_id, letter, baidu_id, longitude, latitude) values (410324, 3, '410324', '栾川县', 410300, 'l', null, 111.618386, 33.783195);
insert into bas_area (id, area_level, area_code, area_name, parent_id, letter, baidu_id, longitude, latitude) values (410325, 3, '410325', '嵩县', 410300, 's', null, 112.087765, 34.131563);
insert into bas_area (id, area_level, area_code, area_name, parent_id, letter, baidu_id, longitude, latitude) values (410326, 3, '410326', '汝阳县', 410300, 'r', null, 112.473789, 34.15323);
insert into bas_area (id, area_level, area_code, area_name, parent_id, letter, baidu_id, longitude, latitude) values (410327, 3, '410327', '宜阳县', 410300, 'y', null, 112.179989, 34.516478);
insert into bas_area (id, area_level, area_code, area_name, parent_id, letter, baidu_id, longitude, latitude) values (410328, 3, '410328', '洛宁县', 410300, 'l', null, 111.655399, 34.387179);
insert into bas_area (id, area_level, area_code, area_name, parent_id, letter, baidu_id, longitude, latitude) values (410329, 3, '410329', '伊川县', 410300, 'y', null, 112.429384, 34.423416);
insert into bas_area (id, area_level, area_code, area_name, parent_id, letter, baidu_id, longitude, latitude) values (410381, 3, '410381', '偃师市', 410300, 'y', null, 112.787739, 34.723042);
insert into bas_area (id, area_level, area_code, area_name, parent_id, letter, baidu_id, longitude, latitude) values (410400, 2, '410400', '平顶山市', 410000, 'p', 213, 113.307718, 33.735241);
insert into bas_area (id, area_level, area_code, area_name, parent_id, letter, baidu_id, longitude, latitude) values (410402, 3, '410402', '新华区', 410400, 'x', null, 113.299061, 33.737579);
insert into bas_area (id, area_level, area_code, area_name, parent_id, letter, baidu_id, longitude, latitude) values (410403, 3, '410403', '卫东区', 410400, 'w', null, 113.310327, 33.739285);
insert into bas_area (id, area_level, area_code, area_name, parent_id, letter, baidu_id, longitude, latitude) values (410404, 3, '410404', '石龙区', 410400, 's', null, 112.889885, 33.901538);
insert into bas_area (id, area_level, area_code, area_name, parent_id, letter, baidu_id, longitude, latitude) values (410411, 3, '410411', '湛河区', 410400, 'z', null, 113.320873, 33.725681);
insert into bas_area (id, area_level, area_code, area_name, parent_id, letter, baidu_id, longitude, latitude) values (410421, 3, '410421', '宝丰县', 410400, 'b', null, 113.066812, 33.866359);
insert into bas_area (id, area_level, area_code, area_name, parent_id, letter, baidu_id, longitude, latitude) values (410422, 3, '410422', '叶县', 410400, 'y', null, 113.358298, 33.621252);
insert into bas_area (id, area_level, area_code, area_name, parent_id, letter, baidu_id, longitude, latitude) values (410423, 3, '410423', '鲁山县', 410400, 'l', null, 112.906703, 33.740325);
insert into bas_area (id, area_level, area_code, area_name, parent_id, letter, baidu_id, longitude, latitude) values (410425, 3, '410425', '郏县', 410400, 'j', null, 113.220451, 33.971993);
insert into bas_area (id, area_level, area_code, area_name, parent_id, letter, baidu_id, longitude, latitude) values (410481, 3, '410481', '舞钢市', 410400, 'w', null, 113.52625, 33.302082);
insert into bas_area (id, area_level, area_code, area_name, parent_id, letter, baidu_id, longitude, latitude) values (410482, 3, '410482', '汝州市', 410400, 'r', null, 112.845336, 34.167408);
insert into bas_area (id, area_level, area_code, area_name, parent_id, letter, baidu_id, longitude, latitude) values (410500, 2, '410500', '安阳市', 410000, 'a', 267, 114.352482, 36.103442);
insert into bas_area (id, area_level, area_code, area_name, parent_id, letter, baidu_id, longitude, latitude) values (410502, 3, '410502', '文峰区', 410500, 'w', null, 114.352562, 36.098101);
insert into bas_area (id, area_level, area_code, area_name, parent_id, letter, baidu_id, longitude, latitude) values (410503, 3, '410503', '北关区', 410500, 'b', null, 114.352646, 36.10978);
insert into bas_area (id, area_level, area_code, area_name, parent_id, letter, baidu_id, longitude, latitude) values (410505, 3, '410505', '殷都区', 410500, 'y', null, 114.300098, 36.108974);
insert into bas_area (id, area_level, area_code, area_name, parent_id, letter, baidu_id, longitude, latitude) values (410506, 3, '410506', '龙安区', 410500, 'l', null, 114.323522, 36.095568);
insert into bas_area (id, area_level, area_code, area_name, parent_id, letter, baidu_id, longitude, latitude) values (410522, 3, '410522', '安阳县', 410500, 'a', null, 114.130207, 36.130585);
insert into bas_area (id, area_level, area_code, area_name, parent_id, letter, baidu_id, longitude, latitude) values (410523, 3, '410523', '汤阴县', 410500, 't', null, 114.362357, 35.922349);
insert into bas_area (id, area_level, area_code, area_name, parent_id, letter, baidu_id, longitude, latitude) values (410526, 3, '410526', '滑县', 410500, 'h', null, 114.524, 35.574628);
insert into bas_area (id, area_level, area_code, area_name, parent_id, letter, baidu_id, longitude, latitude) values (410527, 3, '410527', '内黄县', 410500, 'n', null, 114.904582, 35.953702);
insert into bas_area (id, area_level, area_code, area_name, parent_id, letter, baidu_id, longitude, latitude) values (410581, 3, '410581', '林州市', 410500, 'l', null, 113.823767, 36.063403);
insert into bas_area (id, area_level, area_code, area_name, parent_id, letter, baidu_id, longitude, latitude) values (410600, 2, '410600', '鹤壁市', 410000, 'h', 215, 114.295444, 35.748236);
insert into bas_area (id, area_level, area_code, area_name, parent_id, letter, baidu_id, longitude, latitude) values (410602, 3, '410602', '鹤山区', 410600, 'h', null, 114.166551, 35.936128);
insert into bas_area (id, area_level, area_code, area_name, parent_id, letter, baidu_id, longitude, latitude) values (410603, 3, '410603', '山城区', 410600, 's', null, 114.184202, 35.896058);
insert into bas_area (id, area_level, area_code, area_name, parent_id, letter, baidu_id, longitude, latitude) values (410611, 3, '410611', '淇滨区', 410600, 'q', null, 114.293917, 35.748382);
insert into bas_area (id, area_level, area_code, area_name, parent_id, letter, baidu_id, longitude, latitude) values (410621, 3, '410621', '浚县', 410600, 'x', null, 114.550162, 35.671282);
insert into bas_area (id, area_level, area_code, area_name, parent_id, letter, baidu_id, longitude, latitude) values (410622, 3, '410622', '淇县', 410600, 'q', null, 114.200379, 35.609478);
insert into bas_area (id, area_level, area_code, area_name, parent_id, letter, baidu_id, longitude, latitude) values (410700, 2, '410700', '新乡市', 410000, 'x', 152, 113.883991, 35.302616);
insert into bas_area (id, area_level, area_code, area_name, parent_id, letter, baidu_id, longitude, latitude) values (410702, 3, '410702', '红旗区', 410700, 'h', null, 113.878158, 35.302684);
insert into bas_area (id, area_level, area_code, area_name, parent_id, letter, baidu_id, longitude, latitude) values (410703, 3, '410703', '卫滨区', 410700, 'w', null, 113.866065, 35.304905);
insert into bas_area (id, area_level, area_code, area_name, parent_id, letter, baidu_id, longitude, latitude) values (410704, 3, '410704', '凤泉区', 410700, 'f', null, 113.906712, 35.379855);
insert into bas_area (id, area_level, area_code, area_name, parent_id, letter, baidu_id, longitude, latitude) values (410711, 3, '410711', '牧野区', 410700, 'm', null, 113.89716, 35.312974);
insert into bas_area (id, area_level, area_code, area_name, parent_id, letter, baidu_id, longitude, latitude) values (410721, 3, '410721', '新乡县', 410700, 'x', null, 113.806186, 35.190021);
insert into bas_area (id, area_level, area_code, area_name, parent_id, letter, baidu_id, longitude, latitude) values (410724, 3, '410724', '获嘉县', 410700, 'h', null, 113.657249, 35.261685);
insert into bas_area (id, area_level, area_code, area_name, parent_id, letter, baidu_id, longitude, latitude) values (410725, 3, '410725', '原阳县', 410700, 'y', null, 113.965966, 35.054001);
insert into bas_area (id, area_level, area_code, area_name, parent_id, letter, baidu_id, longitude, latitude) values (410726, 3, '410726', '延津县', 410700, 'y', null, 114.200982, 35.149515);
insert into bas_area (id, area_level, area_code, area_name, parent_id, letter, baidu_id, longitude, latitude) values (410727, 3, '410727', '封丘县', 410700, 'f', null, 114.423405, 35.04057);
insert into bas_area (id, area_level, area_code, area_name, parent_id, letter, baidu_id, longitude, latitude) values (410728, 3, '410728', '长垣县', 410700, 'z', null, 114.673807, 35.19615);
insert into bas_area (id, area_level, area_code, area_name, parent_id, letter, baidu_id, longitude, latitude) values (410781, 3, '410781', '卫辉市', 410700, 'w', null, 114.065855, 35.404295);
insert into bas_area (id, area_level, area_code, area_name, parent_id, letter, baidu_id, longitude, latitude) values (410782, 3, '410782', '辉县市', 410700, 'h', null, 113.802518, 35.461318);
insert into bas_area (id, area_level, area_code, area_name, parent_id, letter, baidu_id, longitude, latitude) values (410800, 2, '410800', '焦作市', 410000, 'j', 211, 113.238266, 35.23904);
insert into bas_area (id, area_level, area_code, area_name, parent_id, letter, baidu_id, longitude, latitude) values (410802, 3, '410802', '解放区', 410800, 'j', null, 113.226126, 35.241353);
insert into bas_area (id, area_level, area_code, area_name, parent_id, letter, baidu_id, longitude, latitude) values (410803, 3, '410803', '中站区', 410800, 'z', null, 113.175485, 35.236145);
insert into bas_area (id, area_level, area_code, area_name, parent_id, letter, baidu_id, longitude, latitude) values (410804, 3, '410804', '马村区', 410800, 'm', null, 113.321703, 35.265453);
insert into bas_area (id, area_level, area_code, area_name, parent_id, letter, baidu_id, longitude, latitude) values (410811, 3, '410811', '山阳区', 410800, 's', null, 113.26766, 35.21476);
insert into bas_area (id, area_level, area_code, area_name, parent_id, letter, baidu_id, longitude, latitude) values (410821, 3, '410821', '修武县', 410800, 'x', null, 113.447465, 35.229923);
insert into bas_area (id, area_level, area_code, area_name, parent_id, letter, baidu_id, longitude, latitude) values (410822, 3, '410822', '博爱县', 410800, 'b', null, 113.069313, 35.170351);
insert into bas_area (id, area_level, area_code, area_name, parent_id, letter, baidu_id, longitude, latitude) values (410823, 3, '410823', '武陟县', 410800, 'w', null, 113.408334, 35.09885);
insert into bas_area (id, area_level, area_code, area_name, parent_id, letter, baidu_id, longitude, latitude) values (410825, 3, '410825', '温县', 410800, 'w', null, 113.079118, 34.941233);
insert into bas_area (id, area_level, area_code, area_name, parent_id, letter, baidu_id, longitude, latitude) values (410882, 3, '410882', '沁阳市', 410800, 'q', null, 112.934538, 35.08901);
insert into bas_area (id, area_level, area_code, area_name, parent_id, letter, baidu_id, longitude, latitude) values (410883, 3, '410883', '孟州市', 410800, 'm', null, 112.78708, 34.90963);
insert into bas_area (id, area_level, area_code, area_name, parent_id, letter, baidu_id, longitude, latitude) values (410900, 2, '410900', '濮阳市', 410000, 'p', 209, 115.041299, 35.768234);
insert into bas_area (id, area_level, area_code, area_name, parent_id, letter, baidu_id, longitude, latitude) values (410902, 3, '410902', '华龙区', 410900, 'h', null, 115.03184, 35.760473);
insert into bas_area (id, area_level, area_code, area_name, parent_id, letter, baidu_id, longitude, latitude) values (410922, 3, '410922', '清丰县', 410900, 'q', null, 115.107287, 35.902413);
insert into bas_area (id, area_level, area_code, area_name, parent_id, letter, baidu_id, longitude, latitude) values (410923, 3, '410923', '南乐县', 410900, 'n', null, 115.204336, 36.075204);
insert into bas_area (id, area_level, area_code, area_name, parent_id, letter, baidu_id, longitude, latitude) values (410926, 3, '410926', '范县', 410900, 'f', null, 115.504212, 35.851977);
insert into bas_area (id, area_level, area_code, area_name, parent_id, letter, baidu_id, longitude, latitude) values (410927, 3, '410927', '台前县', 410900, 't', null, 115.855681, 35.996474);
insert into bas_area (id, area_level, area_code, area_name, parent_id, letter, baidu_id, longitude, latitude) values (410928, 3, '410928', '濮阳县', 410900, 'p', null, 115.023844, 35.710349);
insert into bas_area (id, area_level, area_code, area_name, parent_id, letter, baidu_id, longitude, latitude) values (411000, 2, '411000', '许昌市', 410000, 'x', 155, 113.826063, 34.022956);
insert into bas_area (id, area_level, area_code, area_name, parent_id, letter, baidu_id, longitude, latitude) values (411002, 3, '411002', '魏都区', 411000, 'w', null, 113.828307, 34.02711);
insert into bas_area (id, area_level, area_code, area_name, parent_id, letter, baidu_id, longitude, latitude) values (411023, 3, '411023', '许昌县', 411000, 'x', null, 113.842898, 34.005018);
insert into bas_area (id, area_level, area_code, area_name, parent_id, letter, baidu_id, longitude, latitude) values (411024, 3, '411024', '鄢陵县', 411000, 'y', null, 114.188507, 34.100502);
insert into bas_area (id, area_level, area_code, area_name, parent_id, letter, baidu_id, longitude, latitude) values (411025, 3, '411025', '襄城县', 411000, 'x', null, 113.493166, 33.855943);
insert into bas_area (id, area_level, area_code, area_name, parent_id, letter, baidu_id, longitude, latitude) values (411081, 3, '411081', '禹州市', 411000, 'y', null, 113.471316, 34.154403);
insert into bas_area (id, area_level, area_code, area_name, parent_id, letter, baidu_id, longitude, latitude) values (411082, 3, '411082', '长葛市', 411000, 'z', null, 113.768912, 34.219257);
insert into bas_area (id, area_level, area_code, area_name, parent_id, letter, baidu_id, longitude, latitude) values (411100, 2, '411100', '漯河市', 410000, 'l', 344, 114.026405, 33.575855);
insert into bas_area (id, area_level, area_code, area_name, parent_id, letter, baidu_id, longitude, latitude) values (411102, 3, '411102', '源汇区', 411100, 'y', null, 114.017948, 33.565441);
insert into bas_area (id, area_level, area_code, area_name, parent_id, letter, baidu_id, longitude, latitude) values (411103, 3, '411103', '郾城区', 411100, 'y', null, 114.016813, 33.588897);
insert into bas_area (id, area_level, area_code, area_name, parent_id, letter, baidu_id, longitude, latitude) values (411104, 3, '411104', '召陵区', 411100, 'z', null, 114.051686, 33.567555);
insert into bas_area (id, area_level, area_code, area_name, parent_id, letter, baidu_id, longitude, latitude) values (411121, 3, '411121', '舞阳县', 411100, 'w', null, 113.610565, 33.436278);
insert into bas_area (id, area_level, area_code, area_name, parent_id, letter, baidu_id, longitude, latitude) values (411122, 3, '411122', '临颍县', 411100, 'l', null, 113.938891, 33.80609);
insert into bas_area (id, area_level, area_code, area_name, parent_id, letter, baidu_id, longitude, latitude) values (411200, 2, '411200', '三门峡市', 410000, 's', 212, 111.194099, 34.777338);
insert into bas_area (id, area_level, area_code, area_name, parent_id, letter, baidu_id, longitude, latitude) values (411202, 3, '411202', '湖滨区', 411200, 'h', null, 111.19487, 34.77812);
insert into bas_area (id, area_level, area_code, area_name, parent_id, letter, baidu_id, longitude, latitude) values (411203, 3, '411203', '陕州区', 411200, 's', null, 111.097255, 34.719322);
insert into bas_area (id, area_level, area_code, area_name, parent_id, letter, baidu_id, longitude, latitude) values (411221, 3, '411221', '渑池县', 411200, 'm', null, 111.762992, 34.763487);
insert into bas_area (id, area_level, area_code, area_name, parent_id, letter, baidu_id, longitude, latitude) values (411224, 3, '411224', '卢氏县', 411200, 'l', null, 111.052649, 34.053995);
insert into bas_area (id, area_level, area_code, area_name, parent_id, letter, baidu_id, longitude, latitude) values (411281, 3, '411281', '义马市', 411200, 'y', null, 111.869417, 34.746868);
insert into bas_area (id, area_level, area_code, area_name, parent_id, letter, baidu_id, longitude, latitude) values (411282, 3, '411282', '灵宝市', 411200, 'l', null, 110.88577, 34.521264);
insert into bas_area (id, area_level, area_code, area_name, parent_id, letter, baidu_id, longitude, latitude) values (411300, 2, '411300', '南阳市', 410000, 'n', 309, 112.540918, 32.999082);
insert into bas_area (id, area_level, area_code, area_name, parent_id, letter, baidu_id, longitude, latitude) values (411302, 3, '411302', '宛城区', 411300, 'w', null, 112.544591, 32.994857);
insert into bas_area (id, area_level, area_code, area_name, parent_id, letter, baidu_id, longitude, latitude) values (411303, 3, '411303', '卧龙区', 411300, 'w', null, 112.528789, 32.989877);
insert into bas_area (id, area_level, area_code, area_name, parent_id, letter, baidu_id, longitude, latitude) values (411321, 3, '411321', '南召县', 411300, 'n', null, 112.435583, 33.488617);
insert into bas_area (id, area_level, area_code, area_name, parent_id, letter, baidu_id, longitude, latitude) values (411322, 3, '411322', '方城县', 411300, 'f', null, 113.010933, 33.255138);
insert into bas_area (id, area_level, area_code, area_name, parent_id, letter, baidu_id, longitude, latitude) values (411323, 3, '411323', '西峡县', 411300, 'x', null, 111.485772, 33.302981);
insert into bas_area (id, area_level, area_code, area_name, parent_id, letter, baidu_id, longitude, latitude) values (411324, 3, '411324', '镇平县', 411300, 'z', null, 112.232722, 33.036651);
insert into bas_area (id, area_level, area_code, area_name, parent_id, letter, baidu_id, longitude, latitude) values (411325, 3, '411325', '内乡县', 411300, 'n', null, 111.843801, 33.046358);
insert into bas_area (id, area_level, area_code, area_name, parent_id, letter, baidu_id, longitude, latitude) values (411326, 3, '411326', '淅川县', 411300, 'x', null, 111.489026, 33.136106);
insert into bas_area (id, area_level, area_code, area_name, parent_id, letter, baidu_id, longitude, latitude) values (411327, 3, '411327', '社旗县', 411300, 's', null, 112.938279, 33.056126);
insert into bas_area (id, area_level, area_code, area_name, parent_id, letter, baidu_id, longitude, latitude) values (411328, 3, '411328', '唐河县', 411300, 't', null, 112.838492, 32.687892);
insert into bas_area (id, area_level, area_code, area_name, parent_id, letter, baidu_id, longitude, latitude) values (411329, 3, '411329', '新野县', 411300, 'x', null, 112.365624, 32.524006);
insert into bas_area (id, area_level, area_code, area_name, parent_id, letter, baidu_id, longitude, latitude) values (411330, 3, '411330', '桐柏县', 411300, 't', null, 113.406059, 32.367153);
insert into bas_area (id, area_level, area_code, area_name, parent_id, letter, baidu_id, longitude, latitude) values (411381, 3, '411381', '邓州市', 411300, 'd', null, 112.092716, 32.681642);
insert into bas_area (id, area_level, area_code, area_name, parent_id, letter, baidu_id, longitude, latitude) values (411400, 2, '411400', '商丘市', 410000, 's', 154, 115.650497, 34.437054);
insert into bas_area (id, area_level, area_code, area_name, parent_id, letter, baidu_id, longitude, latitude) values (411402, 3, '411402', '梁园区', 411400, 'l', null, 115.65459, 34.436553);
insert into bas_area (id, area_level, area_code, area_name, parent_id, letter, baidu_id, longitude, latitude) values (411403, 3, '411403', '睢阳区', 411400, 's', null, 115.653813, 34.390536);
insert into bas_area (id, area_level, area_code, area_name, parent_id, letter, baidu_id, longitude, latitude) values (411421, 3, '411421', '民权县', 411400, 'm', null, 115.148146, 34.648455);
insert into bas_area (id, area_level, area_code, area_name, parent_id, letter, baidu_id, longitude, latitude) values (411422, 3, '411422', '睢县', 411400, 's', null, 115.070109, 34.428433);
insert into bas_area (id, area_level, area_code, area_name, parent_id, letter, baidu_id, longitude, latitude) values (411423, 3, '411423', '宁陵县', 411400, 'n', null, 115.320055, 34.449299);
insert into bas_area (id, area_level, area_code, area_name, parent_id, letter, baidu_id, longitude, latitude) values (411424, 3, '411424', '柘城县', 411400, 'z', null, 115.307433, 34.075277);
insert into bas_area (id, area_level, area_code, area_name, parent_id, letter, baidu_id, longitude, latitude) values (411425, 3, '411425', '虞城县', 411400, 'y', null, 115.863811, 34.399634);
insert into bas_area (id, area_level, area_code, area_name, parent_id, letter, baidu_id, longitude, latitude) values (411426, 3, '411426', '夏邑县', 411400, 'x', null, 116.13989, 34.240894);
insert into bas_area (id, area_level, area_code, area_name, parent_id, letter, baidu_id, longitude, latitude) values (411481, 3, '411481', '永城市', 411400, 'y', null, 116.449672, 33.931318);
insert into bas_area (id, area_level, area_code, area_name, parent_id, letter, baidu_id, longitude, latitude) values (411500, 2, '411500', '信阳市', 410000, 'x', 214, 114.075031, 32.123274);
insert into bas_area (id, area_level, area_code, area_name, parent_id, letter, baidu_id, longitude, latitude) values (411502, 3, '411502', '浉河区', 411500, 's', null, 114.075031, 32.123274);
insert into bas_area (id, area_level, area_code, area_name, parent_id, letter, baidu_id, longitude, latitude) values (411503, 3, '411503', '平桥区', 411500, 'p', null, 114.126027, 32.098395);
insert into bas_area (id, area_level, area_code, area_name, parent_id, letter, baidu_id, longitude, latitude) values (411521, 3, '411521', '罗山县', 411500, 'l', null, 114.533414, 32.203206);
insert into bas_area (id, area_level, area_code, area_name, parent_id, letter, baidu_id, longitude, latitude) values (411522, 3, '411522', '光山县', 411500, 'g', null, 114.903577, 32.010398);
insert into bas_area (id, area_level, area_code, area_name, parent_id, letter, baidu_id, longitude, latitude) values (411523, 3, '411523', '新县', 411500, 'x', null, 114.87705, 31.63515);
insert into bas_area (id, area_level, area_code, area_name, parent_id, letter, baidu_id, longitude, latitude) values (411524, 3, '411524', '商城县', 411500, 's', null, 115.406297, 31.799982);
insert into bas_area (id, area_level, area_code, area_name, parent_id, letter, baidu_id, longitude, latitude) values (411525, 3, '411525', '固始县', 411500, 'g', null, 115.667328, 32.183074);
insert into bas_area (id, area_level, area_code, area_name, parent_id, letter, baidu_id, longitude, latitude) values (411526, 3, '411526', '潢川县', 411500, 'h', null, 115.050123, 32.134024);
insert into bas_area (id, area_level, area_code, area_name, parent_id, letter, baidu_id, longitude, latitude) values (411527, 3, '411527', '淮滨县', 411500, 'h', null, 115.415451, 32.452639);
insert into bas_area (id, area_level, area_code, area_name, parent_id, letter, baidu_id, longitude, latitude) values (411528, 3, '411528', '息县', 411500, 'x', null, 114.740713, 32.344744);
insert into bas_area (id, area_level, area_code, area_name, parent_id, letter, baidu_id, longitude, latitude) values (411600, 2, '411600', '周口市', 410000, 'z', 308, 114.649653, 33.620357);
insert into bas_area (id, area_level, area_code, area_name, parent_id, letter, baidu_id, longitude, latitude) values (411602, 3, '411602', '川汇区', 411600, 'c', null, 114.652136, 33.614836);
insert into bas_area (id, area_level, area_code, area_name, parent_id, letter, baidu_id, longitude, latitude) values (411621, 3, '411621', '扶沟县', 411600, 'f', null, 114.392008, 34.054061);
insert into bas_area (id, area_level, area_code, area_name, parent_id, letter, baidu_id, longitude, latitude) values (411622, 3, '411622', '西华县', 411600, 'x', null, 114.530067, 33.784378);
insert into bas_area (id, area_level, area_code, area_name, parent_id, letter, baidu_id, longitude, latitude) values (411623, 3, '411623', '商水县', 411600, 's', null, 114.60927, 33.543845);
insert into bas_area (id, area_level, area_code, area_name, parent_id, letter, baidu_id, longitude, latitude) values (411624, 3, '411624', '沈丘县', 411600, 's', null, 115.078375, 33.395514);
insert into bas_area (id, area_level, area_code, area_name, parent_id, letter, baidu_id, longitude, latitude) values (411625, 3, '411625', '郸城县', 411600, 'd', null, 115.189, 33.643852);
insert into bas_area (id, area_level, area_code, area_name, parent_id, letter, baidu_id, longitude, latitude) values (411626, 3, '411626', '淮阳县', 411600, 'h', null, 114.870166, 33.732547);
insert into bas_area (id, area_level, area_code, area_name, parent_id, letter, baidu_id, longitude, latitude) values (411627, 3, '411627', '太康县', 411600, 't', null, 114.853834, 34.065312);
insert into bas_area (id, area_level, area_code, area_name, parent_id, letter, baidu_id, longitude, latitude) values (411628, 3, '411628', '鹿邑县', 411600, 'l', null, 115.486386, 33.861067);
insert into bas_area (id, area_level, area_code, area_name, parent_id, letter, baidu_id, longitude, latitude) values (411681, 3, '411681', '项城市', 411600, 'x', null, 114.899521, 33.443085);
insert into bas_area (id, area_level, area_code, area_name, parent_id, letter, baidu_id, longitude, latitude) values (411700, 2, '411700', '驻马店市', 410000, 'z', 269, 114.024736, 32.980169);
insert into bas_area (id, area_level, area_code, area_name, parent_id, letter, baidu_id, longitude, latitude) values (411702, 3, '411702', '驿城区', 411700, 'y', null, 114.029149, 32.977559);
insert into bas_area (id, area_level, area_code, area_name, parent_id, letter, baidu_id, longitude, latitude) values (411721, 3, '411721', '西平县', 411700, 'x', null, 114.026864, 33.382315);
insert into bas_area (id, area_level, area_code, area_name, parent_id, letter, baidu_id, longitude, latitude) values (411722, 3, '411722', '上蔡县', 411700, 's', null, 114.266892, 33.264719);
insert into bas_area (id, area_level, area_code, area_name, parent_id, letter, baidu_id, longitude, latitude) values (411723, 3, '411723', '平舆县', 411700, 'p', null, 114.637105, 32.955626);
insert into bas_area (id, area_level, area_code, area_name, parent_id, letter, baidu_id, longitude, latitude) values (411724, 3, '411724', '正阳县', 411700, 'z', null, 114.38948, 32.601826);
insert into bas_area (id, area_level, area_code, area_name, parent_id, letter, baidu_id, longitude, latitude) values (411725, 3, '411725', '确山县', 411700, 'q', null, 114.026679, 32.801538);
insert into bas_area (id, area_level, area_code, area_name, parent_id, letter, baidu_id, longitude, latitude) values (411726, 3, '411726', '泌阳县', 411700, 'm', null, 113.32605, 32.725129);
insert into bas_area (id, area_level, area_code, area_name, parent_id, letter, baidu_id, longitude, latitude) values (411727, 3, '411727', '汝南县', 411700, 'r', null, 114.359495, 33.004535);
insert into bas_area (id, area_level, area_code, area_name, parent_id, letter, baidu_id, longitude, latitude) values (411728, 3, '411728', '遂平县', 411700, 's', null, 114.00371, 33.14698);
insert into bas_area (id, area_level, area_code, area_name, parent_id, letter, baidu_id, longitude, latitude) values (411729, 3, '411729', '新蔡县', 411700, 'x', null, 114.975246, 32.749948);
insert into bas_area (id, area_level, area_code, area_name, parent_id, letter, baidu_id, longitude, latitude) values (419001, 2, '419001', '济源市', 410000, 'j', 1277, 112.590047, 35.090378);
insert into bas_area (id, area_level, area_code, area_name, parent_id, letter, baidu_id, longitude, latitude) values (420000, 1, '420000', '湖北省', null, 'h', null, 114.298572, 30.584355);
insert into bas_area (id, area_level, area_code, area_name, parent_id, letter, baidu_id, longitude, latitude) values (420100, 2, '420100', '武汉市', 420000, 'w', 218, 114.298572, 30.584355);
insert into bas_area (id, area_level, area_code, area_name, parent_id, letter, baidu_id, longitude, latitude) values (420102, 3, '420102', '江岸区', 420100, 'j', null, 114.30304, 30.594911);
insert into bas_area (id, area_level, area_code, area_name, parent_id, letter, baidu_id, longitude, latitude) values (420103, 3, '420103', '江汉区', 420100, 'j', null, 114.283109, 30.578771);
insert into bas_area (id, area_level, area_code, area_name, parent_id, letter, baidu_id, longitude, latitude) values (420104, 3, '420104', '硚口区', 420100, 'q', null, 114.264568, 30.57061);
insert into bas_area (id, area_level, area_code, area_name, parent_id, letter, baidu_id, longitude, latitude) values (420105, 3, '420105', '汉阳区', 420100, 'h', null, 114.265807, 30.549326);
insert into bas_area (id, area_level, area_code, area_name, parent_id, letter, baidu_id, longitude, latitude) values (420106, 3, '420106', '武昌区', 420100, 'w', null, 114.307344, 30.546536);
insert into bas_area (id, area_level, area_code, area_name, parent_id, letter, baidu_id, longitude, latitude) values (420107, 3, '420107', '青山区', 420100, 'q', null, 114.39707, 30.634215);
insert into bas_area (id, area_level, area_code, area_name, parent_id, letter, baidu_id, longitude, latitude) values (420111, 3, '420111', '洪山区', 420100, 'h', null, 114.400718, 30.504259);
insert into bas_area (id, area_level, area_code, area_name, parent_id, letter, baidu_id, longitude, latitude) values (420112, 3, '420112', '东西湖区', 420100, 'd', null, 114.142483, 30.622467);
insert into bas_area (id, area_level, area_code, area_name, parent_id, letter, baidu_id, longitude, latitude) values (420113, 3, '420113', '汉南区', 420100, 'h', null, 114.08124, 30.309637);
insert into bas_area (id, area_level, area_code, area_name, parent_id, letter, baidu_id, longitude, latitude) values (420114, 3, '420114', '蔡甸区', 420100, 'c', null, 114.029341, 30.582186);
insert into bas_area (id, area_level, area_code, area_name, parent_id, letter, baidu_id, longitude, latitude) values (420115, 3, '420115', '江夏区', 420100, 'j', null, 114.313961, 30.349045);
insert into bas_area (id, area_level, area_code, area_name, parent_id, letter, baidu_id, longitude, latitude) values (420116, 3, '420116', '黄陂区', 420100, 'h', null, 114.374025, 30.874155);
insert into bas_area (id, area_level, area_code, area_name, parent_id, letter, baidu_id, longitude, latitude) values (420117, 3, '420117', '新洲区', 420100, 'x', null, 114.802108, 30.842149);
insert into bas_area (id, area_level, area_code, area_name, parent_id, letter, baidu_id, longitude, latitude) values (420200, 2, '420200', '黄石市', 420000, 'h', 311, 115.077048, 30.220074);
insert into bas_area (id, area_level, area_code, area_name, parent_id, letter, baidu_id, longitude, latitude) values (420202, 3, '420202', '黄石港区', 420200, 'h', null, 115.090164, 30.212086);
insert into bas_area (id, area_level, area_code, area_name, parent_id, letter, baidu_id, longitude, latitude) values (420203, 3, '420203', '西塞山区', 420200, 'x', null, 115.093354, 30.205365);
insert into bas_area (id, area_level, area_code, area_name, parent_id, letter, baidu_id, longitude, latitude) values (420204, 3, '420204', '下陆区', 420200, 'x', null, 114.975755, 30.177845);
insert into bas_area (id, area_level, area_code, area_name, parent_id, letter, baidu_id, longitude, latitude) values (420205, 3, '420205', '铁山区', 420200, 't', null, 114.901366, 30.20601);
insert into bas_area (id, area_level, area_code, area_name, parent_id, letter, baidu_id, longitude, latitude) values (420222, 3, '420222', '阳新县', 420200, 'y', null, 115.212883, 29.841572);
insert into bas_area (id, area_level, area_code, area_name, parent_id, letter, baidu_id, longitude, latitude) values (420281, 3, '420281', '大冶市', 420200, 'd', null, 114.974842, 30.098804);
insert into bas_area (id, area_level, area_code, area_name, parent_id, letter, baidu_id, longitude, latitude) values (420300, 2, '420300', '十堰市', 420000, 's', 216, 110.787916, 32.646907);
insert into bas_area (id, area_level, area_code, area_name, parent_id, letter, baidu_id, longitude, latitude) values (420302, 3, '420302', '茅箭区', 420300, 'm', null, 110.78621, 32.644463);
insert into bas_area (id, area_level, area_code, area_name, parent_id, letter, baidu_id, longitude, latitude) values (420303, 3, '420303', '张湾区', 420300, 'z', null, 110.772365, 32.652516);
insert into bas_area (id, area_level, area_code, area_name, parent_id, letter, baidu_id, longitude, latitude) values (420304, 3, '420304', '郧阳区', 420300, 'y', null, 110.815384, 32.842033);
insert into bas_area (id, area_level, area_code, area_name, parent_id, letter, baidu_id, longitude, latitude) values (420322, 3, '420322', '郧西县', 420300, 'y', null, 110.426472, 32.991457);
insert into bas_area (id, area_level, area_code, area_name, parent_id, letter, baidu_id, longitude, latitude) values (420323, 3, '420323', '竹山县', 420300, 'z', null, 110.2296, 32.22586);
insert into bas_area (id, area_level, area_code, area_name, parent_id, letter, baidu_id, longitude, latitude) values (420324, 3, '420324', '竹溪县', 420300, 'z', null, 109.717196, 32.315342);
insert into bas_area (id, area_level, area_code, area_name, parent_id, letter, baidu_id, longitude, latitude) values (420325, 3, '420325', '房县', 420300, 'f', null, 110.741966, 32.055002);
insert into bas_area (id, area_level, area_code, area_name, parent_id, letter, baidu_id, longitude, latitude) values (420381, 3, '420381', '丹江口市', 420300, 'd', null, 111.513793, 32.538839);
insert into bas_area (id, area_level, area_code, area_name, parent_id, letter, baidu_id, longitude, latitude) values (420500, 2, '420500', '宜昌市', 420000, 'y', 270, 111.290843, 30.702636);
insert into bas_area (id, area_level, area_code, area_name, parent_id, letter, baidu_id, longitude, latitude) values (420502, 3, '420502', '西陵区', 420500, 'x', null, 111.295468, 30.702476);
insert into bas_area (id, area_level, area_code, area_name, parent_id, letter, baidu_id, longitude, latitude) values (420503, 3, '420503', '伍家岗区', 420500, 'w', null, 111.307215, 30.679053);
insert into bas_area (id, area_level, area_code, area_name, parent_id, letter, baidu_id, longitude, latitude) values (420504, 3, '420504', '点军区', 420500, 'd', null, 111.268163, 30.692322);
insert into bas_area (id, area_level, area_code, area_name, parent_id, letter, baidu_id, longitude, latitude) values (420505, 3, '420505', '猇亭区', 420500, 'x', null, 111.427642, 30.530744);
insert into bas_area (id, area_level, area_code, area_name, parent_id, letter, baidu_id, longitude, latitude) values (420506, 3, '420506', '夷陵区', 420500, 'y', null, 111.326747, 30.770199);
insert into bas_area (id, area_level, area_code, area_name, parent_id, letter, baidu_id, longitude, latitude) values (420525, 3, '420525', '远安县', 420500, 'y', null, 111.64331, 31.059626);
insert into bas_area (id, area_level, area_code, area_name, parent_id, letter, baidu_id, longitude, latitude) values (420526, 3, '420526', '兴山县', 420500, 'x', null, 110.754499, 31.34795);
insert into bas_area (id, area_level, area_code, area_name, parent_id, letter, baidu_id, longitude, latitude) values (420527, 3, '420527', '秭归县', 420500, 'z', null, 110.976785, 30.823908);
insert into bas_area (id, area_level, area_code, area_name, parent_id, letter, baidu_id, longitude, latitude) values (420528, 3, '420528', '长阳土家族自治县', 420500, 'z', null, 111.198475, 30.466534);
insert into bas_area (id, area_level, area_code, area_name, parent_id, letter, baidu_id, longitude, latitude) values (420529, 3, '420529', '五峰土家族自治县', 420500, 'w', null, 110.674938, 30.199252);
insert into bas_area (id, area_level, area_code, area_name, parent_id, letter, baidu_id, longitude, latitude) values (420581, 3, '420581', '宜都市', 420500, 'y', null, 111.454367, 30.387234);
insert into bas_area (id, area_level, area_code, area_name, parent_id, letter, baidu_id, longitude, latitude) values (420582, 3, '420582', '当阳市', 420500, 'd', null, 111.793419, 30.824492);
insert into bas_area (id, area_level, area_code, area_name, parent_id, letter, baidu_id, longitude, latitude) values (420583, 3, '420583', '枝江市', 420500, 'z', null, 111.751799, 30.425364);
insert into bas_area (id, area_level, area_code, area_name, parent_id, letter, baidu_id, longitude, latitude) values (420600, 2, '420600', '襄阳市', 420000, 'x', 156, 112.144146, 32.042426);
insert into bas_area (id, area_level, area_code, area_name, parent_id, letter, baidu_id, longitude, latitude) values (420602, 3, '420602', '襄城区', 420600, 'x', null, 112.150327, 32.015088);
insert into bas_area (id, area_level, area_code, area_name, parent_id, letter, baidu_id, longitude, latitude) values (420606, 3, '420606', '樊城区', 420600, 'f', null, 112.13957, 32.058589);
insert into bas_area (id, area_level, area_code, area_name, parent_id, letter, baidu_id, longitude, latitude) values (420607, 3, '420607', '襄州区', 420600, 'x', null, 112.197378, 32.085517);
insert into bas_area (id, area_level, area_code, area_name, parent_id, letter, baidu_id, longitude, latitude) values (420624, 3, '420624', '南漳县', 420600, 'n', null, 111.844424, 31.77692);
insert into bas_area (id, area_level, area_code, area_name, parent_id, letter, baidu_id, longitude, latitude) values (420625, 3, '420625', '谷城县', 420600, 'g', null, 111.640147, 32.262676);
insert into bas_area (id, area_level, area_code, area_name, parent_id, letter, baidu_id, longitude, latitude) values (420626, 3, '420626', '保康县', 420600, 'b', null, 111.262235, 31.873507);
insert into bas_area (id, area_level, area_code, area_name, parent_id, letter, baidu_id, longitude, latitude) values (420682, 3, '420682', '老河口市', 420600, 'l', null, 111.675732, 32.385438);
insert into bas_area (id, area_level, area_code, area_name, parent_id, letter, baidu_id, longitude, latitude) values (420683, 3, '420683', '枣阳市', 420600, 'z', null, 112.765268, 32.123083);
insert into bas_area (id, area_level, area_code, area_name, parent_id, letter, baidu_id, longitude, latitude) values (420684, 3, '420684', '宜城市', 420600, 'y', null, 112.261441, 31.709203);
insert into bas_area (id, area_level, area_code, area_name, parent_id, letter, baidu_id, longitude, latitude) values (420700, 2, '420700', '鄂州市', 420000, 'e', 122, 114.890593, 30.396536);
insert into bas_area (id, area_level, area_code, area_name, parent_id, letter, baidu_id, longitude, latitude) values (420702, 3, '420702', '梁子湖区', 420700, 'l', null, 114.681967, 30.098191);
insert into bas_area (id, area_level, area_code, area_name, parent_id, letter, baidu_id, longitude, latitude) values (420703, 3, '420703', '华容区', 420700, 'h', null, 114.74148, 30.534468);
insert into bas_area (id, area_level, area_code, area_name, parent_id, letter, baidu_id, longitude, latitude) values (420704, 3, '420704', '鄂城区', 420700, 'e', null, 114.890012, 30.39669);
insert into bas_area (id, area_level, area_code, area_name, parent_id, letter, baidu_id, longitude, latitude) values (420800, 2, '420800', '荆门市', 420000, 'j', 217, 112.204251, 31.03542);
insert into bas_area (id, area_level, area_code, area_name, parent_id, letter, baidu_id, longitude, latitude) values (420802, 3, '420802', '东宝区', 420800, 'd', null, 112.204804, 31.033461);
insert into bas_area (id, area_level, area_code, area_name, parent_id, letter, baidu_id, longitude, latitude) values (420804, 3, '420804', '掇刀区', 420800, 'd', null, 112.198413, 30.980798);
insert into bas_area (id, area_level, area_code, area_name, parent_id, letter, baidu_id, longitude, latitude) values (420821, 3, '420821', '京山县', 420800, 'j', null, 113.114595, 31.022458);
insert into bas_area (id, area_level, area_code, area_name, parent_id, letter, baidu_id, longitude, latitude) values (420822, 3, '420822', '沙洋县', 420800, 's', null, 112.595218, 30.70359);
insert into bas_area (id, area_level, area_code, area_name, parent_id, letter, baidu_id, longitude, latitude) values (420881, 3, '420881', '钟祥市', 420800, 'z', null, 112.587267, 31.165573);
insert into bas_area (id, area_level, area_code, area_name, parent_id, letter, baidu_id, longitude, latitude) values (420900, 2, '420900', '孝感市', 420000, 'x', 310, 113.926655, 30.926423);
insert into bas_area (id, area_level, area_code, area_name, parent_id, letter, baidu_id, longitude, latitude) values (420902, 3, '420902', '孝南区', 420900, 'x', null, 113.925849, 30.925966);
insert into bas_area (id, area_level, area_code, area_name, parent_id, letter, baidu_id, longitude, latitude) values (420921, 3, '420921', '孝昌县', 420900, 'x', null, 113.988964, 31.251618);
insert into bas_area (id, area_level, area_code, area_name, parent_id, letter, baidu_id, longitude, latitude) values (420922, 3, '420922', '大悟县', 420900, 'd', null, 114.126249, 31.565483);
insert into bas_area (id, area_level, area_code, area_name, parent_id, letter, baidu_id, longitude, latitude) values (420923, 3, '420923', '云梦县', 420900, 'y', null, 113.750616, 31.021691);
insert into bas_area (id, area_level, area_code, area_name, parent_id, letter, baidu_id, longitude, latitude) values (420981, 3, '420981', '应城市', 420900, 'y', null, 113.573842, 30.939038);
insert into bas_area (id, area_level, area_code, area_name, parent_id, letter, baidu_id, longitude, latitude) values (420982, 3, '420982', '安陆市', 420900, 'a', null, 113.690401, 31.26174);
insert into bas_area (id, area_level, area_code, area_name, parent_id, letter, baidu_id, longitude, latitude) values (420984, 3, '420984', '汉川市', 420900, 'h', null, 113.835301, 30.652165);
insert into bas_area (id, area_level, area_code, area_name, parent_id, letter, baidu_id, longitude, latitude) values (421000, 2, '421000', '荆州市', 420000, 'j', 157, 112.23813, 30.326857);
insert into bas_area (id, area_level, area_code, area_name, parent_id, letter, baidu_id, longitude, latitude) values (421002, 3, '421002', '沙市区', 421000, 's', null, 112.257433, 30.315895);
insert into bas_area (id, area_level, area_code, area_name, parent_id, letter, baidu_id, longitude, latitude) values (421003, 3, '421003', '荆州区', 421000, 'j', null, 112.195354, 30.350674);
insert into bas_area (id, area_level, area_code, area_name, parent_id, letter, baidu_id, longitude, latitude) values (421022, 3, '421022', '公安县', 421000, 'g', null, 112.230179, 30.059065);
insert into bas_area (id, area_level, area_code, area_name, parent_id, letter, baidu_id, longitude, latitude) values (421023, 3, '421023', '监利县', 421000, 'j', null, 112.904344, 29.820079);
insert into bas_area (id, area_level, area_code, area_name, parent_id, letter, baidu_id, longitude, latitude) values (421024, 3, '421024', '江陵县', 421000, 'j', null, 112.41735, 30.033919);
insert into bas_area (id, area_level, area_code, area_name, parent_id, letter, baidu_id, longitude, latitude) values (421081, 3, '421081', '石首市', 421000, 's', null, 112.40887, 29.716437);
insert into bas_area (id, area_level, area_code, area_name, parent_id, letter, baidu_id, longitude, latitude) values (421083, 3, '421083', '洪湖市', 421000, 'h', null, 113.470304, 29.81297);
insert into bas_area (id, area_level, area_code, area_name, parent_id, letter, baidu_id, longitude, latitude) values (421087, 3, '421087', '松滋市', 421000, 's', null, 111.77818, 30.176037);
insert into bas_area (id, area_level, area_code, area_name, parent_id, letter, baidu_id, longitude, latitude) values (421100, 2, '421100', '黄冈市', 420000, 'h', 271, 114.879365, 30.447711);
insert into bas_area (id, area_level, area_code, area_name, parent_id, letter, baidu_id, longitude, latitude) values (421102, 3, '421102', '黄州区', 421100, 'h', null, 114.878934, 30.447435);
insert into bas_area (id, area_level, area_code, area_name, parent_id, letter, baidu_id, longitude, latitude) values (421121, 3, '421121', '团风县', 421100, 't', null, 114.872029, 30.63569);
insert into bas_area (id, area_level, area_code, area_name, parent_id, letter, baidu_id, longitude, latitude) values (421122, 3, '421122', '红安县', 421100, 'h', null, 114.615095, 31.284777);
insert into bas_area (id, area_level, area_code, area_name, parent_id, letter, baidu_id, longitude, latitude) values (421123, 3, '421123', '罗田县', 421100, 'l', null, 115.398984, 30.781679);
insert into bas_area (id, area_level, area_code, area_name, parent_id, letter, baidu_id, longitude, latitude) values (421124, 3, '421124', '英山县', 421100, 'y', null, 115.67753, 30.735794);
insert into bas_area (id, area_level, area_code, area_name, parent_id, letter, baidu_id, longitude, latitude) values (421125, 3, '421125', '浠水县', 421100, 'x', null, 115.26344, 30.454837);
insert into bas_area (id, area_level, area_code, area_name, parent_id, letter, baidu_id, longitude, latitude) values (421126, 3, '421126', '蕲春县', 421100, 'q', null, 115.433964, 30.234927);
insert into bas_area (id, area_level, area_code, area_name, parent_id, letter, baidu_id, longitude, latitude) values (421127, 3, '421127', '黄梅县', 421100, 'h', null, 115.942548, 30.075113);
insert into bas_area (id, area_level, area_code, area_name, parent_id, letter, baidu_id, longitude, latitude) values (421181, 3, '421181', '麻城市', 421100, 'm', null, 115.02541, 31.177906);
insert into bas_area (id, area_level, area_code, area_name, parent_id, letter, baidu_id, longitude, latitude) values (421182, 3, '421182', '武穴市', 421100, 'w', null, 115.56242, 29.849342);
insert into bas_area (id, area_level, area_code, area_name, parent_id, letter, baidu_id, longitude, latitude) values (421200, 2, '421200', '咸宁市', 420000, 'x', 362, 114.328963, 29.832798);
insert into bas_area (id, area_level, area_code, area_name, parent_id, letter, baidu_id, longitude, latitude) values (421202, 3, '421202', '咸安区', 421200, 'x', null, 114.333894, 29.824716);
insert into bas_area (id, area_level, area_code, area_name, parent_id, letter, baidu_id, longitude, latitude) values (421221, 3, '421221', '嘉鱼县', 421200, 'j', null, 113.921547, 29.973363);
insert into bas_area (id, area_level, area_code, area_name, parent_id, letter, baidu_id, longitude, latitude) values (421222, 3, '421222', '通城县', 421200, 't', null, 113.814131, 29.246076);
insert into bas_area (id, area_level, area_code, area_name, parent_id, letter, baidu_id, longitude, latitude) values (421223, 3, '421223', '崇阳县', 421200, 'c', null, 114.049958, 29.54101);
insert into bas_area (id, area_level, area_code, area_name, parent_id, letter, baidu_id, longitude, latitude) values (421224, 3, '421224', '通山县', 421200, 't', null, 114.493163, 29.604455);
insert into bas_area (id, area_level, area_code, area_name, parent_id, letter, baidu_id, longitude, latitude) values (421281, 3, '421281', '赤壁市', 421200, 'c', null, 113.88366, 29.716879);
insert into bas_area (id, area_level, area_code, area_name, parent_id, letter, baidu_id, longitude, latitude) values (421300, 2, '421300', '随州市', 420000, 's', 371, 113.37377, 31.717497);
insert into bas_area (id, area_level, area_code, area_name, parent_id, letter, baidu_id, longitude, latitude) values (421303, 3, '421303', '曾都区', 421300, 'c', null, 113.374519, 31.717521);
insert into bas_area (id, area_level, area_code, area_name, parent_id, letter, baidu_id, longitude, latitude) values (421321, 3, '421321', '随县', 421300, 's', null, 113.301384, 31.854246);
insert into bas_area (id, area_level, area_code, area_name, parent_id, letter, baidu_id, longitude, latitude) values (421381, 3, '421381', '广水市', 421300, 'g', null, 113.826601, 31.617731);
insert into bas_area (id, area_level, area_code, area_name, parent_id, letter, baidu_id, longitude, latitude) values (422800, 2, '422800', '恩施土家族苗族自治州', 420000, 'e', 373, 109.48699, 30.283114);
insert into bas_area (id, area_level, area_code, area_name, parent_id, letter, baidu_id, longitude, latitude) values (422801, 3, '422801', '恩施市', 422800, 'e', null, 109.486761, 30.282406);
insert into bas_area (id, area_level, area_code, area_name, parent_id, letter, baidu_id, longitude, latitude) values (422802, 3, '422802', '利川市', 422800, 'l', null, 108.943491, 30.294247);
insert into bas_area (id, area_level, area_code, area_name, parent_id, letter, baidu_id, longitude, latitude) values (422822, 3, '422822', '建始县', 422800, 'j', null, 109.723822, 30.601632);
insert into bas_area (id, area_level, area_code, area_name, parent_id, letter, baidu_id, longitude, latitude) values (422823, 3, '422823', '巴东县', 422800, 'b', null, 110.336665, 31.041403);
insert into bas_area (id, area_level, area_code, area_name, parent_id, letter, baidu_id, longitude, latitude) values (422825, 3, '422825', '宣恩县', 422800, 'x', null, 109.482819, 29.98867);
insert into bas_area (id, area_level, area_code, area_name, parent_id, letter, baidu_id, longitude, latitude) values (422826, 3, '422826', '咸丰县', 422800, 'x', null, 109.15041, 29.678967);
insert into bas_area (id, area_level, area_code, area_name, parent_id, letter, baidu_id, longitude, latitude) values (422827, 3, '422827', '来凤县', 422800, 'l', null, 109.408328, 29.506945);
insert into bas_area (id, area_level, area_code, area_name, parent_id, letter, baidu_id, longitude, latitude) values (422828, 3, '422828', '鹤峰县', 422800, 'h', null, 110.033699, 29.887298);
insert into bas_area (id, area_level, area_code, area_name, parent_id, letter, baidu_id, longitude, latitude) values (429004, 2, '429004', '仙桃市', 420000, 'x', 1713, 113.453974, 30.364953);
insert into bas_area (id, area_level, area_code, area_name, parent_id, letter, baidu_id, longitude, latitude) values (429005, 2, '429005', '潜江市', 420000, 'q', 1293, 112.896866, 30.421215);
insert into bas_area (id, area_level, area_code, area_name, parent_id, letter, baidu_id, longitude, latitude) values (429006, 2, '429006', '天门市', 420000, 't', 2654, 113.165862, 30.653061);
insert into bas_area (id, area_level, area_code, area_name, parent_id, letter, baidu_id, longitude, latitude) values (429021, 2, '429021', '神农架林区', 420000, 's', 2734, 110.671525, 31.744449);
insert into bas_area (id, area_level, area_code, area_name, parent_id, letter, baidu_id, longitude, latitude) values (430000, 1, '430000', '湖南省', null, 'h', null, 112.982279, 28.19409);
insert into bas_area (id, area_level, area_code, area_name, parent_id, letter, baidu_id, longitude, latitude) values (430100, 2, '430100', '长沙市', 430000, 'z', 158, 112.982279, 28.19409);
insert into bas_area (id, area_level, area_code, area_name, parent_id, letter, baidu_id, longitude, latitude) values (430102, 3, '430102', '芙蓉区', 430100, 'f', null, 112.988094, 28.193106);
insert into bas_area (id, area_level, area_code, area_name, parent_id, letter, baidu_id, longitude, latitude) values (430103, 3, '430103', '天心区', 430100, 't', null, 112.97307, 28.192375);
insert into bas_area (id, area_level, area_code, area_name, parent_id, letter, baidu_id, longitude, latitude) values (430104, 3, '430104', '岳麓区', 430100, 'y', null, 112.911591, 28.213044);
insert into bas_area (id, area_level, area_code, area_name, parent_id, letter, baidu_id, longitude, latitude) values (430105, 3, '430105', '开福区', 430100, 'k', null, 112.985525, 28.201336);
insert into bas_area (id, area_level, area_code, area_name, parent_id, letter, baidu_id, longitude, latitude) values (430111, 3, '430111', '雨花区', 430100, 'y', null, 113.016337, 28.109937);
insert into bas_area (id, area_level, area_code, area_name, parent_id, letter, baidu_id, longitude, latitude) values (430112, 3, '430112', '望城区', 430100, 'w', null, 112.819549, 28.347458);
insert into bas_area (id, area_level, area_code, area_name, parent_id, letter, baidu_id, longitude, latitude) values (430121, 3, '430121', '长沙县', 430100, 'z', null, 113.080098, 28.237888);
insert into bas_area (id, area_level, area_code, area_name, parent_id, letter, baidu_id, longitude, latitude) values (430124, 3, '430124', '宁乡县', 430100, 'n', null, 112.553182, 28.253928);
insert into bas_area (id, area_level, area_code, area_name, parent_id, letter, baidu_id, longitude, latitude) values (430181, 3, '430181', '浏阳市', 430100, 'l', null, 113.633301, 28.141112);
insert into bas_area (id, area_level, area_code, area_name, parent_id, letter, baidu_id, longitude, latitude) values (430200, 2, '430200', '株洲市', 430000, 'z', 222, 113.151737, 27.835806);
insert into bas_area (id, area_level, area_code, area_name, parent_id, letter, baidu_id, longitude, latitude) values (430202, 3, '430202', '荷塘区', 430200, 'h', null, 113.162548, 27.833036);
insert into bas_area (id, area_level, area_code, area_name, parent_id, letter, baidu_id, longitude, latitude) values (430203, 3, '430203', '芦淞区', 430200, 'l', null, 113.155169, 27.827246);
insert into bas_area (id, area_level, area_code, area_name, parent_id, letter, baidu_id, longitude, latitude) values (430204, 3, '430204', '石峰区', 430200, 's', null, 113.11295, 27.871945);
insert into bas_area (id, area_level, area_code, area_name, parent_id, letter, baidu_id, longitude, latitude) values (430211, 3, '430211', '天元区', 430200, 't', null, 113.136252, 27.826909);
insert into bas_area (id, area_level, area_code, area_name, parent_id, letter, baidu_id, longitude, latitude) values (430221, 3, '430221', '株洲县', 430200, 'z', null, 113.146176, 27.705844);
insert into bas_area (id, area_level, area_code, area_name, parent_id, letter, baidu_id, longitude, latitude) values (430223, 3, '430223', '攸县', 430200, 'y', null, 113.345774, 27.000071);
insert into bas_area (id, area_level, area_code, area_name, parent_id, letter, baidu_id, longitude, latitude) values (430224, 3, '430224', '茶陵县', 430200, 'c', null, 113.546509, 26.789534);
insert into bas_area (id, area_level, area_code, area_name, parent_id, letter, baidu_id, longitude, latitude) values (430225, 3, '430225', '炎陵县', 430200, 'y', null, 113.776884, 26.489459);
insert into bas_area (id, area_level, area_code, area_name, parent_id, letter, baidu_id, longitude, latitude) values (430281, 3, '430281', '醴陵市', 430200, 'l', null, 113.507157, 27.657873);
insert into bas_area (id, area_level, area_code, area_name, parent_id, letter, baidu_id, longitude, latitude) values (430300, 2, '430300', '湘潭市', 430000, 'x', 313, 112.944052, 27.82973);
insert into bas_area (id, area_level, area_code, area_name, parent_id, letter, baidu_id, longitude, latitude) values (430302, 3, '430302', '雨湖区', 430300, 'y', null, 112.907427, 27.86077);
insert into bas_area (id, area_level, area_code, area_name, parent_id, letter, baidu_id, longitude, latitude) values (430304, 3, '430304', '岳塘区', 430300, 'y', null, 112.927707, 27.828854);
insert into bas_area (id, area_level, area_code, area_name, parent_id, letter, baidu_id, longitude, latitude) values (430321, 3, '430321', '湘潭县', 430300, 'x', null, 112.952829, 27.778601);
insert into bas_area (id, area_level, area_code, area_name, parent_id, letter, baidu_id, longitude, latitude) values (430381, 3, '430381', '湘乡市', 430300, 'x', null, 112.525217, 27.734918);
insert into bas_area (id, area_level, area_code, area_name, parent_id, letter, baidu_id, longitude, latitude) values (430382, 3, '430382', '韶山市', 430300, 's', null, 112.52848, 27.922682);
insert into bas_area (id, area_level, area_code, area_name, parent_id, letter, baidu_id, longitude, latitude) values (430400, 2, '430400', '衡阳市', 430000, 'h', 159, 112.607693, 26.900358);
insert into bas_area (id, area_level, area_code, area_name, parent_id, letter, baidu_id, longitude, latitude) values (430405, 3, '430405', '珠晖区', 430400, 'z', null, 112.626324, 26.891063);
insert into bas_area (id, area_level, area_code, area_name, parent_id, letter, baidu_id, longitude, latitude) values (430406, 3, '430406', '雁峰区', 430400, 'y', null, 112.612241, 26.893694);
insert into bas_area (id, area_level, area_code, area_name, parent_id, letter, baidu_id, longitude, latitude) values (430407, 3, '430407', '石鼓区', 430400, 's', null, 112.607635, 26.903908);
insert into bas_area (id, area_level, area_code, area_name, parent_id, letter, baidu_id, longitude, latitude) values (430408, 3, '430408', '蒸湘区', 430400, 'z', null, 112.570608, 26.89087);
insert into bas_area (id, area_level, area_code, area_name, parent_id, letter, baidu_id, longitude, latitude) values (430412, 3, '430412', '南岳区', 430400, 'n', null, 112.734147, 27.240536);
insert into bas_area (id, area_level, area_code, area_name, parent_id, letter, baidu_id, longitude, latitude) values (430421, 3, '430421', '衡阳县', 430400, 'h', null, 112.379643, 26.962388);
insert into bas_area (id, area_level, area_code, area_name, parent_id, letter, baidu_id, longitude, latitude) values (430422, 3, '430422', '衡南县', 430400, 'h', null, 112.677459, 26.739973);
insert into bas_area (id, area_level, area_code, area_name, parent_id, letter, baidu_id, longitude, latitude) values (430423, 3, '430423', '衡山县', 430400, 'h', null, 112.86971, 27.234808);
insert into bas_area (id, area_level, area_code, area_name, parent_id, letter, baidu_id, longitude, latitude) values (430424, 3, '430424', '衡东县', 430400, 'h', null, 112.950412, 27.083531);
insert into bas_area (id, area_level, area_code, area_name, parent_id, letter, baidu_id, longitude, latitude) values (430426, 3, '430426', '祁东县', 430400, 'q', null, 112.111192, 26.787109);
insert into bas_area (id, area_level, area_code, area_name, parent_id, letter, baidu_id, longitude, latitude) values (430481, 3, '430481', '耒阳市', 430400, 'l', null, 112.847215, 26.414162);
insert into bas_area (id, area_level, area_code, area_name, parent_id, letter, baidu_id, longitude, latitude) values (430482, 3, '430482', '常宁市', 430400, 'c', null, 112.396821, 26.406773);
insert into bas_area (id, area_level, area_code, area_name, parent_id, letter, baidu_id, longitude, latitude) values (430500, 2, '430500', '邵阳市', 430000, 's', 273, 111.46923, 27.237842);
insert into bas_area (id, area_level, area_code, area_name, parent_id, letter, baidu_id, longitude, latitude) values (430502, 3, '430502', '双清区', 430500, 's', null, 111.479756, 27.240001);
insert into bas_area (id, area_level, area_code, area_name, parent_id, letter, baidu_id, longitude, latitude) values (430503, 3, '430503', '大祥区', 430500, 'd', null, 111.462968, 27.233593);
insert into bas_area (id, area_level, area_code, area_name, parent_id, letter, baidu_id, longitude, latitude) values (430511, 3, '430511', '北塔区', 430500, 'b', null, 111.452315, 27.245688);
insert into bas_area (id, area_level, area_code, area_name, parent_id, letter, baidu_id, longitude, latitude) values (430521, 3, '430521', '邵东县', 430500, 's', null, 111.743168, 27.257273);
insert into bas_area (id, area_level, area_code, area_name, parent_id, letter, baidu_id, longitude, latitude) values (430522, 3, '430522', '新邵县', 430500, 'x', null, 111.459762, 27.311429);
insert into bas_area (id, area_level, area_code, area_name, parent_id, letter, baidu_id, longitude, latitude) values (430523, 3, '430523', '邵阳县', 430500, 's', null, 111.2757, 26.989713);
insert into bas_area (id, area_level, area_code, area_name, parent_id, letter, baidu_id, longitude, latitude) values (430524, 3, '430524', '隆回县', 430500, 'l', null, 111.038785, 27.116002);
insert into bas_area (id, area_level, area_code, area_name, parent_id, letter, baidu_id, longitude, latitude) values (430525, 3, '430525', '洞口县', 430500, 'd', null, 110.579212, 27.062286);
insert into bas_area (id, area_level, area_code, area_name, parent_id, letter, baidu_id, longitude, latitude) values (430527, 3, '430527', '绥宁县', 430500, 's', null, 110.155075, 26.580622);
insert into bas_area (id, area_level, area_code, area_name, parent_id, letter, baidu_id, longitude, latitude) values (430528, 3, '430528', '新宁县', 430500, 'x', null, 110.859115, 26.438912);
insert into bas_area (id, area_level, area_code, area_name, parent_id, letter, baidu_id, longitude, latitude) values (430529, 3, '430529', '城步苗族自治县', 430500, 'c', null, 110.313226, 26.363575);
insert into bas_area (id, area_level, area_code, area_name, parent_id, letter, baidu_id, longitude, latitude) values (430581, 3, '430581', '武冈市', 430500, 'w', null, 110.636804, 26.732086);
insert into bas_area (id, area_level, area_code, area_name, parent_id, letter, baidu_id, longitude, latitude) values (430600, 2, '430600', '岳阳市', 430000, 'y', 220, 113.132855, 29.37029);
insert into bas_area (id, area_level, area_code, area_name, parent_id, letter, baidu_id, longitude, latitude) values (430602, 3, '430602', '岳阳楼区', 430600, 'y', null, 113.120751, 29.366784);
insert into bas_area (id, area_level, area_code, area_name, parent_id, letter, baidu_id, longitude, latitude) values (430603, 3, '430603', '云溪区', 430600, 'y', null, 113.27387, 29.473395);
insert into bas_area (id, area_level, area_code, area_name, parent_id, letter, baidu_id, longitude, latitude) values (430611, 3, '430611', '君山区', 430600, 'j', null, 113.004082, 29.438062);
insert into bas_area (id, area_level, area_code, area_name, parent_id, letter, baidu_id, longitude, latitude) values (430621, 3, '430621', '岳阳县', 430600, 'y', null, 113.116073, 29.144843);
insert into bas_area (id, area_level, area_code, area_name, parent_id, letter, baidu_id, longitude, latitude) values (430623, 3, '430623', '华容县', 430600, 'h', null, 112.559369, 29.524107);
insert into bas_area (id, area_level, area_code, area_name, parent_id, letter, baidu_id, longitude, latitude) values (430624, 3, '430624', '湘阴县', 430600, 'x', null, 112.889748, 28.677498);
insert into bas_area (id, area_level, area_code, area_name, parent_id, letter, baidu_id, longitude, latitude) values (430626, 3, '430626', '平江县', 430600, 'p', null, 113.593751, 28.701523);
insert into bas_area (id, area_level, area_code, area_name, parent_id, letter, baidu_id, longitude, latitude) values (430681, 3, '430681', '汨罗市', 430600, 'm', null, 113.079419, 28.803149);
insert into bas_area (id, area_level, area_code, area_name, parent_id, letter, baidu_id, longitude, latitude) values (430682, 3, '430682', '临湘市', 430600, 'l', null, 113.450809, 29.471594);
insert into bas_area (id, area_level, area_code, area_name, parent_id, letter, baidu_id, longitude, latitude) values (430700, 2, '430700', '常德市', 430000, 'c', 219, 111.691347, 29.040225);
insert into bas_area (id, area_level, area_code, area_name, parent_id, letter, baidu_id, longitude, latitude) values (430702, 3, '430702', '武陵区', 430700, 'w', null, 111.690718, 29.040477);
insert into bas_area (id, area_level, area_code, area_name, parent_id, letter, baidu_id, longitude, latitude) values (430703, 3, '430703', '鼎城区', 430700, 'd', null, 111.685327, 29.014426);
insert into bas_area (id, area_level, area_code, area_name, parent_id, letter, baidu_id, longitude, latitude) values (430721, 3, '430721', '安乡县', 430700, 'a', null, 112.172289, 29.414483);
insert into bas_area (id, area_level, area_code, area_name, parent_id, letter, baidu_id, longitude, latitude) values (430722, 3, '430722', '汉寿县', 430700, 'h', null, 111.968506, 28.907319);
insert into bas_area (id, area_level, area_code, area_name, parent_id, letter, baidu_id, longitude, latitude) values (430723, 3, '430723', '澧县', 430700, 'l', null, 111.761682, 29.64264);
insert into bas_area (id, area_level, area_code, area_name, parent_id, letter, baidu_id, longitude, latitude) values (430724, 3, '430724', '临澧县', 430700, 'l', null, 111.645602, 29.443217);
insert into bas_area (id, area_level, area_code, area_name, parent_id, letter, baidu_id, longitude, latitude) values (430725, 3, '430725', '桃源县', 430700, 't', null, 111.484503, 28.902734);
insert into bas_area (id, area_level, area_code, area_name, parent_id, letter, baidu_id, longitude, latitude) values (430726, 3, '430726', '石门县', 430700, 's', null, 111.379087, 29.584703);
insert into bas_area (id, area_level, area_code, area_name, parent_id, letter, baidu_id, longitude, latitude) values (430781, 3, '430781', '津市市', 430700, 'j', null, 111.879609, 29.630867);
insert into bas_area (id, area_level, area_code, area_name, parent_id, letter, baidu_id, longitude, latitude) values (430800, 2, '430800', '张家界市', 430000, 'z', 312, 110.479921, 29.127401);
insert into bas_area (id, area_level, area_code, area_name, parent_id, letter, baidu_id, longitude, latitude) values (430802, 3, '430802', '永定区', 430800, 'y', null, 110.484559, 29.125961);
insert into bas_area (id, area_level, area_code, area_name, parent_id, letter, baidu_id, longitude, latitude) values (430811, 3, '430811', '武陵源区', 430800, 'w', null, 110.54758, 29.347827);
insert into bas_area (id, area_level, area_code, area_name, parent_id, letter, baidu_id, longitude, latitude) values (430821, 3, '430821', '慈利县', 430800, 'c', null, 111.132702, 29.423876);
insert into bas_area (id, area_level, area_code, area_name, parent_id, letter, baidu_id, longitude, latitude) values (430822, 3, '430822', '桑植县', 430800, 's', null, 110.164039, 29.399939);
insert into bas_area (id, area_level, area_code, area_name, parent_id, letter, baidu_id, longitude, latitude) values (430900, 2, '430900', '益阳市', 430000, 'y', 272, 112.355042, 28.570066);
insert into bas_area (id, area_level, area_code, area_name, parent_id, letter, baidu_id, longitude, latitude) values (430902, 3, '430902', '资阳区', 430900, 'z', null, 112.33084, 28.592771);
insert into bas_area (id, area_level, area_code, area_name, parent_id, letter, baidu_id, longitude, latitude) values (430903, 3, '430903', '赫山区', 430900, 'h', null, 112.360946, 28.568327);
insert into bas_area (id, area_level, area_code, area_name, parent_id, letter, baidu_id, longitude, latitude) values (430921, 3, '430921', '南县', 430900, 'n', null, 112.410399, 29.372181);
insert into bas_area (id, area_level, area_code, area_name, parent_id, letter, baidu_id, longitude, latitude) values (430922, 3, '430922', '桃江县', 430900, 't', null, 112.139732, 28.520993);
insert into bas_area (id, area_level, area_code, area_name, parent_id, letter, baidu_id, longitude, latitude) values (430923, 3, '430923', '安化县', 430900, 'a', null, 111.221824, 28.377421);
insert into bas_area (id, area_level, area_code, area_name, parent_id, letter, baidu_id, longitude, latitude) values (430981, 3, '430981', '沅江市', 430900, 'y', null, 112.361088, 28.839713);
insert into bas_area (id, area_level, area_code, area_name, parent_id, letter, baidu_id, longitude, latitude) values (431000, 2, '431000', '郴州市', 430000, 'c', 275, 113.032067, 25.793589);
insert into bas_area (id, area_level, area_code, area_name, parent_id, letter, baidu_id, longitude, latitude) values (431002, 3, '431002', '北湖区', 431000, 'b', null, 113.032208, 25.792628);
insert into bas_area (id, area_level, area_code, area_name, parent_id, letter, baidu_id, longitude, latitude) values (431003, 3, '431003', '苏仙区', 431000, 's', null, 113.038698, 25.793157);
insert into bas_area (id, area_level, area_code, area_name, parent_id, letter, baidu_id, longitude, latitude) values (431021, 3, '431021', '桂阳县', 431000, 'g', null, 112.734466, 25.737447);
insert into bas_area (id, area_level, area_code, area_name, parent_id, letter, baidu_id, longitude, latitude) values (431022, 3, '431022', '宜章县', 431000, 'y', null, 112.947884, 25.394345);
insert into bas_area (id, area_level, area_code, area_name, parent_id, letter, baidu_id, longitude, latitude) values (431023, 3, '431023', '永兴县', 431000, 'y', null, 113.114819, 26.129392);
insert into bas_area (id, area_level, area_code, area_name, parent_id, letter, baidu_id, longitude, latitude) values (431024, 3, '431024', '嘉禾县', 431000, 'j', null, 112.370618, 25.587309);
insert into bas_area (id, area_level, area_code, area_name, parent_id, letter, baidu_id, longitude, latitude) values (431025, 3, '431025', '临武县', 431000, 'l', null, 112.564589, 25.279119);
insert into bas_area (id, area_level, area_code, area_name, parent_id, letter, baidu_id, longitude, latitude) values (431026, 3, '431026', '汝城县', 431000, 'r', null, 113.685686, 25.553759);
insert into bas_area (id, area_level, area_code, area_name, parent_id, letter, baidu_id, longitude, latitude) values (431027, 3, '431027', '桂东县', 431000, 'g', null, 113.945879, 26.073917);
insert into bas_area (id, area_level, area_code, area_name, parent_id, letter, baidu_id, longitude, latitude) values (431028, 3, '431028', '安仁县', 431000, 'a', null, 113.27217, 26.708625);
insert into bas_area (id, area_level, area_code, area_name, parent_id, letter, baidu_id, longitude, latitude) values (431081, 3, '431081', '资兴市', 431000, 'z', null, 113.23682, 25.974152);
insert into bas_area (id, area_level, area_code, area_name, parent_id, letter, baidu_id, longitude, latitude) values (431100, 2, '431100', '永州市', 430000, 'y', 314, 111.608019, 26.434516);
insert into bas_area (id, area_level, area_code, area_name, parent_id, letter, baidu_id, longitude, latitude) values (431102, 3, '431102', '零陵区', 431100, 'l', null, 111.626348, 26.223347);
insert into bas_area (id, area_level, area_code, area_name, parent_id, letter, baidu_id, longitude, latitude) values (431103, 3, '431103', '冷水滩区', 431100, 'l', null, 111.607156, 26.434364);
insert into bas_area (id, area_level, area_code, area_name, parent_id, letter, baidu_id, longitude, latitude) values (431121, 3, '431121', '祁阳县', 431100, 'q', null, 111.85734, 26.585929);
insert into bas_area (id, area_level, area_code, area_name, parent_id, letter, baidu_id, longitude, latitude) values (431122, 3, '431122', '东安县', 431100, 'd', null, 111.313035, 26.397278);
insert into bas_area (id, area_level, area_code, area_name, parent_id, letter, baidu_id, longitude, latitude) values (431123, 3, '431123', '双牌县', 431100, 's', null, 111.662146, 25.959397);
insert into bas_area (id, area_level, area_code, area_name, parent_id, letter, baidu_id, longitude, latitude) values (431124, 3, '431124', '道县', 431100, 'd', null, 111.591614, 25.518444);
insert into bas_area (id, area_level, area_code, area_name, parent_id, letter, baidu_id, longitude, latitude) values (431125, 3, '431125', '江永县', 431100, 'j', null, 111.346803, 25.268154);
insert into bas_area (id, area_level, area_code, area_name, parent_id, letter, baidu_id, longitude, latitude) values (431126, 3, '431126', '宁远县', 431100, 'n', null, 111.944529, 25.584112);
insert into bas_area (id, area_level, area_code, area_name, parent_id, letter, baidu_id, longitude, latitude) values (431127, 3, '431127', '蓝山县', 431100, 'l', null, 112.194195, 25.375255);
insert into bas_area (id, area_level, area_code, area_name, parent_id, letter, baidu_id, longitude, latitude) values (431128, 3, '431128', '新田县', 431100, 'x', null, 112.220341, 25.906927);
insert into bas_area (id, area_level, area_code, area_name, parent_id, letter, baidu_id, longitude, latitude) values (431129, 3, '431129', '江华瑶族自治县', 431100, 'j', null, 111.577276, 25.182596);
insert into bas_area (id, area_level, area_code, area_name, parent_id, letter, baidu_id, longitude, latitude) values (431200, 2, '431200', '怀化市', 430000, 'h', 363, 109.97824, 27.550082);
insert into bas_area (id, area_level, area_code, area_name, parent_id, letter, baidu_id, longitude, latitude) values (431202, 3, '431202', '鹤城区', 431200, 'h', null, 109.982242, 27.548474);
insert into bas_area (id, area_level, area_code, area_name, parent_id, letter, baidu_id, longitude, latitude) values (431221, 3, '431221', '中方县', 431200, 'z', null, 109.948061, 27.43736);
insert into bas_area (id, area_level, area_code, area_name, parent_id, letter, baidu_id, longitude, latitude) values (431222, 3, '431222', '沅陵县', 431200, 'y', null, 110.399161, 28.455554);
insert into bas_area (id, area_level, area_code, area_name, parent_id, letter, baidu_id, longitude, latitude) values (431223, 3, '431223', '辰溪县', 431200, 'c', null, 110.196953, 28.005474);
insert into bas_area (id, area_level, area_code, area_name, parent_id, letter, baidu_id, longitude, latitude) values (431224, 3, '431224', '溆浦县', 431200, 'x', null, 110.593373, 27.903802);
insert into bas_area (id, area_level, area_code, area_name, parent_id, letter, baidu_id, longitude, latitude) values (431225, 3, '431225', '会同县', 431200, 'h', null, 109.720785, 26.870789);
insert into bas_area (id, area_level, area_code, area_name, parent_id, letter, baidu_id, longitude, latitude) values (431226, 3, '431226', '麻阳苗族自治县', 431200, 'm', null, 109.802807, 27.865991);
insert into bas_area (id, area_level, area_code, area_name, parent_id, letter, baidu_id, longitude, latitude) values (431227, 3, '431227', '新晃侗族自治县', 431200, 'x', null, 109.174443, 27.359897);
insert into bas_area (id, area_level, area_code, area_name, parent_id, letter, baidu_id, longitude, latitude) values (431228, 3, '431228', '芷江侗族自治县', 431200, 'z', null, 109.687777, 27.437996);
insert into bas_area (id, area_level, area_code, area_name, parent_id, letter, baidu_id, longitude, latitude) values (431229, 3, '431229', '靖州苗族侗族自治县', 431200, 'j', null, 109.691159, 26.573511);
insert into bas_area (id, area_level, area_code, area_name, parent_id, letter, baidu_id, longitude, latitude) values (431230, 3, '431230', '通道侗族自治县', 431200, 't', null, 109.783359, 26.158349);
insert into bas_area (id, area_level, area_code, area_name, parent_id, letter, baidu_id, longitude, latitude) values (431281, 3, '431281', '洪江市', 431200, 'h', null, 109.831765, 27.201876);
insert into bas_area (id, area_level, area_code, area_name, parent_id, letter, baidu_id, longitude, latitude) values (431300, 2, '431300', '娄底市', 430000, 'l', 221, 112.008497, 27.728136);
insert into bas_area (id, area_level, area_code, area_name, parent_id, letter, baidu_id, longitude, latitude) values (431302, 3, '431302', '娄星区', 431300, 'l', null, 112.008486, 27.726643);
insert into bas_area (id, area_level, area_code, area_name, parent_id, letter, baidu_id, longitude, latitude) values (431321, 3, '431321', '双峰县', 431300, 's', null, 112.198245, 27.459126);
insert into bas_area (id, area_level, area_code, area_name, parent_id, letter, baidu_id, longitude, latitude) values (431322, 3, '431322', '新化县', 431300, 'x', null, 111.306747, 27.737456);
insert into bas_area (id, area_level, area_code, area_name, parent_id, letter, baidu_id, longitude, latitude) values (431381, 3, '431381', '冷水江市', 431300, 'l', null, 111.434674, 27.685759);
insert into bas_area (id, area_level, area_code, area_name, parent_id, letter, baidu_id, longitude, latitude) values (431382, 3, '431382', '涟源市', 431300, 'l', null, 111.670847, 27.692301);
insert into bas_area (id, area_level, area_code, area_name, parent_id, letter, baidu_id, longitude, latitude) values (433100, 2, '433100', '湘西土家族苗族自治州', 430000, 'x', 274, 109.739735, 28.314296);
insert into bas_area (id, area_level, area_code, area_name, parent_id, letter, baidu_id, longitude, latitude) values (433101, 3, '433101', '吉首市', 433100, 'j', null, 109.738273, 28.314827);
insert into bas_area (id, area_level, area_code, area_name, parent_id, letter, baidu_id, longitude, latitude) values (433122, 3, '433122', '泸溪县', 433100, 'l', null, 110.214428, 28.214516);
insert into bas_area (id, area_level, area_code, area_name, parent_id, letter, baidu_id, longitude, latitude) values (433123, 3, '433123', '凤凰县', 433100, 'f', null, 109.599191, 27.948308);
insert into bas_area (id, area_level, area_code, area_name, parent_id, letter, baidu_id, longitude, latitude) values (433124, 3, '433124', '花垣县', 433100, 'h', null, 109.479063, 28.581352);
insert into bas_area (id, area_level, area_code, area_name, parent_id, letter, baidu_id, longitude, latitude) values (433125, 3, '433125', '保靖县', 433100, 'b', null, 109.651445, 28.709605);
insert into bas_area (id, area_level, area_code, area_name, parent_id, letter, baidu_id, longitude, latitude) values (433126, 3, '433126', '古丈县', 433100, 'g', null, 109.949592, 28.616973);
insert into bas_area (id, area_level, area_code, area_name, parent_id, letter, baidu_id, longitude, latitude) values (433127, 3, '433127', '永顺县', 433100, 'y', null, 109.853292, 28.998068);
insert into bas_area (id, area_level, area_code, area_name, parent_id, letter, baidu_id, longitude, latitude) values (433130, 3, '433130', '龙山县', 433100, 'l', null, 109.441189, 29.453438);
insert into bas_area (id, area_level, area_code, area_name, parent_id, letter, baidu_id, longitude, latitude) values (440000, 1, '440000', '广东省', null, 'g', null, 113.280637, 23.125178);
insert into bas_area (id, area_level, area_code, area_name, parent_id, letter, baidu_id, longitude, latitude) values (440100, 2, '440100', '广州市', 440000, 'g', 257, 113.280637, 23.125178);
insert into bas_area (id, area_level, area_code, area_name, parent_id, letter, baidu_id, longitude, latitude) values (440103, 3, '440103', '荔湾区', 440100, 'l', null, 113.243038, 23.124943);
insert into bas_area (id, area_level, area_code, area_name, parent_id, letter, baidu_id, longitude, latitude) values (440104, 3, '440104', '越秀区', 440100, 'y', null, 113.280714, 23.125624);
insert into bas_area (id, area_level, area_code, area_name, parent_id, letter, baidu_id, longitude, latitude) values (440105, 3, '440105', '海珠区', 440100, 'h', null, 113.262008, 23.103131);
insert into bas_area (id, area_level, area_code, area_name, parent_id, letter, baidu_id, longitude, latitude) values (440106, 3, '440106', '天河区', 440100, 't', null, 113.335367, 23.13559);
insert into bas_area (id, area_level, area_code, area_name, parent_id, letter, baidu_id, longitude, latitude) values (440111, 3, '440111', '白云区', 440100, 'b', null, 113.262831, 23.162281);
insert into bas_area (id, area_level, area_code, area_name, parent_id, letter, baidu_id, longitude, latitude) values (440112, 3, '440112', '黄埔区', 440100, 'h', null, 113.450761, 23.103239);
insert into bas_area (id, area_level, area_code, area_name, parent_id, letter, baidu_id, longitude, latitude) values (440113, 3, '440113', '番禺区', 440100, 'f', null, 113.364619, 22.938582);
insert into bas_area (id, area_level, area_code, area_name, parent_id, letter, baidu_id, longitude, latitude) values (440114, 3, '440114', '花都区', 440100, 'h', null, 113.211184, 23.39205);
insert into bas_area (id, area_level, area_code, area_name, parent_id, letter, baidu_id, longitude, latitude) values (440115, 3, '440115', '南沙区', 440100, 'n', null, 113.53738, 22.794531);
insert into bas_area (id, area_level, area_code, area_name, parent_id, letter, baidu_id, longitude, latitude) values (440117, 3, '440117', '从化区', 440100, 'c', null, 113.592865, 23.55076);
insert into bas_area (id, area_level, area_code, area_name, parent_id, letter, baidu_id, longitude, latitude) values (440118, 3, '440118', '增城区', 440100, 'z', null, 113.812112, 23.260208);
insert into bas_area (id, area_level, area_code, area_name, parent_id, letter, baidu_id, longitude, latitude) values (440200, 2, '440200', '韶关市', 440000, 's', 137, 113.591544, 24.801322);
insert into bas_area (id, area_level, area_code, area_name, parent_id, letter, baidu_id, longitude, latitude) values (440203, 3, '440203', '武江区', 440200, 'w', null, 113.588289, 24.80016);
insert into bas_area (id, area_level, area_code, area_name, parent_id, letter, baidu_id, longitude, latitude) values (440204, 3, '440204', '浈江区', 440200, 'z', null, 113.599224, 24.803977);
insert into bas_area (id, area_level, area_code, area_name, parent_id, letter, baidu_id, longitude, latitude) values (440205, 3, '440205', '曲江区', 440200, 'q', null, 113.605582, 24.680195);
insert into bas_area (id, area_level, area_code, area_name, parent_id, letter, baidu_id, longitude, latitude) values (440222, 3, '440222', '始兴县', 440200, 's', null, 114.067205, 24.948364);
insert into bas_area (id, area_level, area_code, area_name, parent_id, letter, baidu_id, longitude, latitude) values (440224, 3, '440224', '仁化县', 440200, 'r', null, 113.748627, 25.088226);
insert into bas_area (id, area_level, area_code, area_name, parent_id, letter, baidu_id, longitude, latitude) values (440229, 3, '440229', '翁源县', 440200, 'w', null, 114.131289, 24.353887);
insert into bas_area (id, area_level, area_code, area_name, parent_id, letter, baidu_id, longitude, latitude) values (440232, 3, '440232', '乳源瑶族自治县', 440200, 'r', null, 113.278417, 24.776109);
insert into bas_area (id, area_level, area_code, area_name, parent_id, letter, baidu_id, longitude, latitude) values (440233, 3, '440233', '新丰县', 440200, 'x', null, 114.207034, 24.055412);
insert into bas_area (id, area_level, area_code, area_name, parent_id, letter, baidu_id, longitude, latitude) values (440281, 3, '440281', '乐昌市', 440200, 'l', null, 113.352413, 25.128445);
insert into bas_area (id, area_level, area_code, area_name, parent_id, letter, baidu_id, longitude, latitude) values (440282, 3, '440282', '南雄市', 440200, 'n', null, 114.311231, 25.115328);
insert into bas_area (id, area_level, area_code, area_name, parent_id, letter, baidu_id, longitude, latitude) values (440300, 2, '440300', '深圳市', 440000, 's', 340, 114.085947, 22.547);
insert into bas_area (id, area_level, area_code, area_name, parent_id, letter, baidu_id, longitude, latitude) values (440303, 3, '440303', '罗湖区', 440300, 'l', null, 114.123885, 22.555341);
insert into bas_area (id, area_level, area_code, area_name, parent_id, letter, baidu_id, longitude, latitude) values (440304, 3, '440304', '福田区', 440300, 'f', null, 114.05096, 22.541009);
insert into bas_area (id, area_level, area_code, area_name, parent_id, letter, baidu_id, longitude, latitude) values (440305, 3, '440305', '南山区', 440300, 'n', null, 113.92943, 22.531221);
insert into bas_area (id, area_level, area_code, area_name, parent_id, letter, baidu_id, longitude, latitude) values (440306, 3, '440306', '宝安区', 440300, 'b', null, 113.828671, 22.754741);
insert into bas_area (id, area_level, area_code, area_name, parent_id, letter, baidu_id, longitude, latitude) values (440307, 3, '440307', '龙岗区', 440300, 'l', null, 114.251372, 22.721511);
insert into bas_area (id, area_level, area_code, area_name, parent_id, letter, baidu_id, longitude, latitude) values (440308, 3, '440308', '盐田区', 440300, 'y', null, 114.235366, 22.555069);
insert into bas_area (id, area_level, area_code, area_name, parent_id, letter, baidu_id, longitude, latitude) values (440400, 2, '440400', '珠海市', 440000, 'z', 140, 113.553986, 22.224979);
insert into bas_area (id, area_level, area_code, area_name, parent_id, letter, baidu_id, longitude, latitude) values (440402, 3, '440402', '香洲区', 440400, 'x', null, 113.55027, 22.271249);
insert into bas_area (id, area_level, area_code, area_name, parent_id, letter, baidu_id, longitude, latitude) values (440403, 3, '440403', '斗门区', 440400, 'd', null, 113.297739, 22.209117);
insert into bas_area (id, area_level, area_code, area_name, parent_id, letter, baidu_id, longitude, latitude) values (440404, 3, '440404', '金湾区', 440400, 'j', null, 113.345071, 22.139122);
insert into bas_area (id, area_level, area_code, area_name, parent_id, letter, baidu_id, longitude, latitude) values (440500, 2, '440500', '汕头市', 440000, 's', 303, 116.708463, 23.37102);
insert into bas_area (id, area_level, area_code, area_name, parent_id, letter, baidu_id, longitude, latitude) values (440507, 3, '440507', '龙湖区', 440500, 'l', null, 116.732015, 23.373754);
insert into bas_area (id, area_level, area_code, area_name, parent_id, letter, baidu_id, longitude, latitude) values (440511, 3, '440511', '金平区', 440500, 'j', null, 116.703583, 23.367071);
insert into bas_area (id, area_level, area_code, area_name, parent_id, letter, baidu_id, longitude, latitude) values (440512, 3, '440512', '濠江区', 440500, 'h', null, 116.729528, 23.279345);
insert into bas_area (id, area_level, area_code, area_name, parent_id, letter, baidu_id, longitude, latitude) values (440513, 3, '440513', '潮阳区', 440500, 'c', null, 116.602602, 23.262336);
insert into bas_area (id, area_level, area_code, area_name, parent_id, letter, baidu_id, longitude, latitude) values (440514, 3, '440514', '潮南区', 440500, 'c', null, 116.423607, 23.249798);
insert into bas_area (id, area_level, area_code, area_name, parent_id, letter, baidu_id, longitude, latitude) values (440515, 3, '440515', '澄海区', 440500, 'c', null, 116.76336, 23.46844);
insert into bas_area (id, area_level, area_code, area_name, parent_id, letter, baidu_id, longitude, latitude) values (440523, 3, '440523', '南澳县', 440500, 'n', null, 117.027105, 23.419562);
insert into bas_area (id, area_level, area_code, area_name, parent_id, letter, baidu_id, longitude, latitude) values (440600, 2, '440600', '佛山市', 440000, 'f', 138, 113.122717, 23.028762);
insert into bas_area (id, area_level, area_code, area_name, parent_id, letter, baidu_id, longitude, latitude) values (440604, 3, '440604', '禅城区', 440600, 'c', null, 113.112414, 23.019643);
insert into bas_area (id, area_level, area_code, area_name, parent_id, letter, baidu_id, longitude, latitude) values (440605, 3, '440605', '南海区', 440600, 'n', null, 113.145577, 23.031562);
insert into bas_area (id, area_level, area_code, area_name, parent_id, letter, baidu_id, longitude, latitude) values (440606, 3, '440606', '顺德区', 440600, 's', null, 113.281826, 22.75851);
insert into bas_area (id, area_level, area_code, area_name, parent_id, letter, baidu_id, longitude, latitude) values (440607, 3, '440607', '三水区', 440600, 's', null, 112.899414, 23.16504);
insert into bas_area (id, area_level, area_code, area_name, parent_id, letter, baidu_id, longitude, latitude) values (440608, 3, '440608', '高明区', 440600, 'g', null, 112.882123, 22.893855);
insert into bas_area (id, area_level, area_code, area_name, parent_id, letter, baidu_id, longitude, latitude) values (440700, 2, '440700', '江门市', 440000, 'j', 302, 113.094942, 22.590431);
insert into bas_area (id, area_level, area_code, area_name, parent_id, letter, baidu_id, longitude, latitude) values (440703, 3, '440703', '蓬江区', 440700, 'p', null, 113.07859, 22.59677);
insert into bas_area (id, area_level, area_code, area_name, parent_id, letter, baidu_id, longitude, latitude) values (440704, 3, '440704', '江海区', 440700, 'j', null, 113.120601, 22.572211);
insert into bas_area (id, area_level, area_code, area_name, parent_id, letter, baidu_id, longitude, latitude) values (440705, 3, '440705', '新会区', 440700, 'x', null, 113.038584, 22.520247);
insert into bas_area (id, area_level, area_code, area_name, parent_id, letter, baidu_id, longitude, latitude) values (440781, 3, '440781', '台山市', 440700, 't', null, 112.793414, 22.250713);
insert into bas_area (id, area_level, area_code, area_name, parent_id, letter, baidu_id, longitude, latitude) values (440783, 3, '440783', '开平市', 440700, 'k', null, 112.692262, 22.366286);
insert into bas_area (id, area_level, area_code, area_name, parent_id, letter, baidu_id, longitude, latitude) values (440784, 3, '440784', '鹤山市', 440700, 'h', null, 112.961795, 22.768104);
insert into bas_area (id, area_level, area_code, area_name, parent_id, letter, baidu_id, longitude, latitude) values (440785, 3, '440785', '恩平市', 440700, 'e', null, 112.314051, 22.182956);
insert into bas_area (id, area_level, area_code, area_name, parent_id, letter, baidu_id, longitude, latitude) values (440800, 2, '440800', '湛江市', 440000, 'z', 198, 110.364977, 21.274898);
insert into bas_area (id, area_level, area_code, area_name, parent_id, letter, baidu_id, longitude, latitude) values (440802, 3, '440802', '赤坎区', 440800, 'c', null, 110.361634, 21.273365);
insert into bas_area (id, area_level, area_code, area_name, parent_id, letter, baidu_id, longitude, latitude) values (440803, 3, '440803', '霞山区', 440800, 'x', null, 110.406382, 21.194229);
insert into bas_area (id, area_level, area_code, area_name, parent_id, letter, baidu_id, longitude, latitude) values (440804, 3, '440804', '坡头区', 440800, 'p', null, 110.455632, 21.24441);
insert into bas_area (id, area_level, area_code, area_name, parent_id, letter, baidu_id, longitude, latitude) values (440811, 3, '440811', '麻章区', 440800, 'm', null, 110.329167, 21.265997);
insert into bas_area (id, area_level, area_code, area_name, parent_id, letter, baidu_id, longitude, latitude) values (440823, 3, '440823', '遂溪县', 440800, 's', null, 110.255321, 21.376915);
insert into bas_area (id, area_level, area_code, area_name, parent_id, letter, baidu_id, longitude, latitude) values (440825, 3, '440825', '徐闻县', 440800, 'x', null, 110.175718, 20.326083);
insert into bas_area (id, area_level, area_code, area_name, parent_id, letter, baidu_id, longitude, latitude) values (440881, 3, '440881', '廉江市', 440800, 'l', null, 110.284961, 21.611281);
insert into bas_area (id, area_level, area_code, area_name, parent_id, letter, baidu_id, longitude, latitude) values (440882, 3, '440882', '雷州市', 440800, 'l', null, 110.088275, 20.908523);
insert into bas_area (id, area_level, area_code, area_name, parent_id, letter, baidu_id, longitude, latitude) values (440883, 3, '440883', '吴川市', 440800, 'w', null, 110.780508, 21.428453);
insert into bas_area (id, area_level, area_code, area_name, parent_id, letter, baidu_id, longitude, latitude) values (440900, 2, '440900', '茂名市', 440000, 'm', 139, 110.919229, 21.659751);
insert into bas_area (id, area_level, area_code, area_name, parent_id, letter, baidu_id, longitude, latitude) values (440902, 3, '440902', '茂南区', 440900, 'm', null, 110.920542, 21.660425);
insert into bas_area (id, area_level, area_code, area_name, parent_id, letter, baidu_id, longitude, latitude) values (440904, 3, '440904', '电白区', 440900, 'd', null, 111.011716, 21.517627);
insert into bas_area (id, area_level, area_code, area_name, parent_id, letter, baidu_id, longitude, latitude) values (440981, 3, '440981', '高州市', 440900, 'g', null, 110.853251, 21.915153);
insert into bas_area (id, area_level, area_code, area_name, parent_id, letter, baidu_id, longitude, latitude) values (440982, 3, '440982', '化州市', 440900, 'h', null, 110.63839, 21.654953);
insert into bas_area (id, area_level, area_code, area_name, parent_id, letter, baidu_id, longitude, latitude) values (440983, 3, '440983', '信宜市', 440900, 'x', null, 110.941656, 22.352681);
insert into bas_area (id, area_level, area_code, area_name, parent_id, letter, baidu_id, longitude, latitude) values (441200, 2, '441200', '肇庆市', 440000, 'z', 338, 112.472529, 23.051546);
insert into bas_area (id, area_level, area_code, area_name, parent_id, letter, baidu_id, longitude, latitude) values (441202, 3, '441202', '端州区', 441200, 'd', null, 112.472329, 23.052662);
insert into bas_area (id, area_level, area_code, area_name, parent_id, letter, baidu_id, longitude, latitude) values (441203, 3, '441203', '鼎湖区', 441200, 'd', null, 112.565249, 23.155822);
insert into bas_area (id, area_level, area_code, area_name, parent_id, letter, baidu_id, longitude, latitude) values (441204, 3, '441204', '高要区', 441200, 'g', null, 112.461712, 23.082587);
insert into bas_area (id, area_level, area_code, area_name, parent_id, letter, baidu_id, longitude, latitude) values (441223, 3, '441223', '广宁县', 441200, 'g', null, 112.440419, 23.631486);
insert into bas_area (id, area_level, area_code, area_name, parent_id, letter, baidu_id, longitude, latitude) values (441224, 3, '441224', '怀集县', 441200, 'h', null, 112.182466, 23.913072);
insert into bas_area (id, area_level, area_code, area_name, parent_id, letter, baidu_id, longitude, latitude) values (441225, 3, '441225', '封开县', 441200, 'f', null, 111.502973, 23.434731);
insert into bas_area (id, area_level, area_code, area_name, parent_id, letter, baidu_id, longitude, latitude) values (441226, 3, '441226', '德庆县', 441200, 'd', null, 111.78156, 23.141711);
insert into bas_area (id, area_level, area_code, area_name, parent_id, letter, baidu_id, longitude, latitude) values (441284, 3, '441284', '四会市', 441200, 's', null, 112.695028, 23.340324);
insert into bas_area (id, area_level, area_code, area_name, parent_id, letter, baidu_id, longitude, latitude) values (441300, 2, '441300', '惠州市', 440000, 'h', 301, 114.412599, 23.079404);
insert into bas_area (id, area_level, area_code, area_name, parent_id, letter, baidu_id, longitude, latitude) values (441302, 3, '441302', '惠城区', 441300, 'h', null, 114.413978, 23.079883);
insert into bas_area (id, area_level, area_code, area_name, parent_id, letter, baidu_id, longitude, latitude) values (441303, 3, '441303', '惠阳区', 441300, 'h', null, 114.469444, 22.78851);
insert into bas_area (id, area_level, area_code, area_name, parent_id, letter, baidu_id, longitude, latitude) values (441322, 3, '441322', '博罗县', 441300, 'b', null, 114.284254, 23.167575);
insert into bas_area (id, area_level, area_code, area_name, parent_id, letter, baidu_id, longitude, latitude) values (441323, 3, '441323', '惠东县', 441300, 'h', null, 114.723092, 22.983036);
insert into bas_area (id, area_level, area_code, area_name, parent_id, letter, baidu_id, longitude, latitude) values (441324, 3, '441324', '龙门县', 441300, 'l', null, 114.259986, 23.723894);
insert into bas_area (id, area_level, area_code, area_name, parent_id, letter, baidu_id, longitude, latitude) values (441400, 2, '441400', '梅州市', 440000, 'm', 141, 116.117582, 24.299112);
insert into bas_area (id, area_level, area_code, area_name, parent_id, letter, baidu_id, longitude, latitude) values (441402, 3, '441402', '梅江区', 441400, 'm', null, 116.12116, 24.302593);
insert into bas_area (id, area_level, area_code, area_name, parent_id, letter, baidu_id, longitude, latitude) values (441403, 3, '441403', '梅县区', 441400, 'm', null, 116.090091, 24.264179);
insert into bas_area (id, area_level, area_code, area_name, parent_id, letter, baidu_id, longitude, latitude) values (441422, 3, '441422', '大埔县', 441400, 'd', null, 116.69552, 24.351587);
insert into bas_area (id, area_level, area_code, area_name, parent_id, letter, baidu_id, longitude, latitude) values (441423, 3, '441423', '丰顺县', 441400, 'f', null, 116.184419, 23.752771);
insert into bas_area (id, area_level, area_code, area_name, parent_id, letter, baidu_id, longitude, latitude) values (441424, 3, '441424', '五华县', 441400, 'w', null, 115.775004, 23.925424);
insert into bas_area (id, area_level, area_code, area_name, parent_id, letter, baidu_id, longitude, latitude) values (441426, 3, '441426', '平远县', 441400, 'p', null, 115.891729, 24.569651);
insert into bas_area (id, area_level, area_code, area_name, parent_id, letter, baidu_id, longitude, latitude) values (441427, 3, '441427', '蕉岭县', 441400, 'j', null, 116.170531, 24.653313);
insert into bas_area (id, area_level, area_code, area_name, parent_id, letter, baidu_id, longitude, latitude) values (441481, 3, '441481', '兴宁市', 441400, 'x', null, 115.731648, 24.138077);
insert into bas_area (id, area_level, area_code, area_name, parent_id, letter, baidu_id, longitude, latitude) values (441500, 2, '441500', '汕尾市', 440000, 's', 339, 115.364238, 22.774485);
insert into bas_area (id, area_level, area_code, area_name, parent_id, letter, baidu_id, longitude, latitude) values (441502, 3, '441502', '城区', 441500, 'c', null, 115.363667, 22.776227);
insert into bas_area (id, area_level, area_code, area_name, parent_id, letter, baidu_id, longitude, latitude) values (441521, 3, '441521', '海丰县', 441500, 'h', null, 115.337324, 22.971042);
insert into bas_area (id, area_level, area_code, area_name, parent_id, letter, baidu_id, longitude, latitude) values (441523, 3, '441523', '陆河县', 441500, 'l', null, 115.657565, 23.302682);
insert into bas_area (id, area_level, area_code, area_name, parent_id, letter, baidu_id, longitude, latitude) values (441581, 3, '441581', '陆丰市', 441500, 'l', null, 115.644203, 22.946104);
insert into bas_area (id, area_level, area_code, area_name, parent_id, letter, baidu_id, longitude, latitude) values (441600, 2, '441600', '河源市', 440000, 'h', 200, 114.697802, 23.746266);
insert into bas_area (id, area_level, area_code, area_name, parent_id, letter, baidu_id, longitude, latitude) values (441602, 3, '441602', '源城区', 441600, 'y', null, 114.696828, 23.746255);
insert into bas_area (id, area_level, area_code, area_name, parent_id, letter, baidu_id, longitude, latitude) values (441621, 3, '441621', '紫金县', 441600, 'z', null, 115.184383, 23.633744);
insert into bas_area (id, area_level, area_code, area_name, parent_id, letter, baidu_id, longitude, latitude) values (441622, 3, '441622', '龙川县', 441600, 'l', null, 115.256415, 24.101174);
insert into bas_area (id, area_level, area_code, area_name, parent_id, letter, baidu_id, longitude, latitude) values (441623, 3, '441623', '连平县', 441600, 'l', null, 114.495952, 24.364227);
insert into bas_area (id, area_level, area_code, area_name, parent_id, letter, baidu_id, longitude, latitude) values (441624, 3, '441624', '和平县', 441600, 'h', null, 114.941473, 24.44318);
insert into bas_area (id, area_level, area_code, area_name, parent_id, letter, baidu_id, longitude, latitude) values (441625, 3, '441625', '东源县', 441600, 'd', null, 114.742711, 23.789093);
insert into bas_area (id, area_level, area_code, area_name, parent_id, letter, baidu_id, longitude, latitude) values (441700, 2, '441700', '阳江市', 440000, 'y', 199, 111.975107, 21.859222);
insert into bas_area (id, area_level, area_code, area_name, parent_id, letter, baidu_id, longitude, latitude) values (441702, 3, '441702', '江城区', 441700, 'j', null, 111.968909, 21.859182);
insert into bas_area (id, area_level, area_code, area_name, parent_id, letter, baidu_id, longitude, latitude) values (441704, 3, '441704', '阳东区', 441700, 'y', null, 112.066282, 21.963854);
insert into bas_area (id, area_level, area_code, area_name, parent_id, letter, baidu_id, longitude, latitude) values (441721, 3, '441721', '阳西县', 441700, 'y', null, 111.617556, 21.75367);
insert into bas_area (id, area_level, area_code, area_name, parent_id, letter, baidu_id, longitude, latitude) values (441781, 3, '441781', '阳春市', 441700, 'y', null, 111.7905, 22.169598);
insert into bas_area (id, area_level, area_code, area_name, parent_id, letter, baidu_id, longitude, latitude) values (441800, 2, '441800', '清远市', 440000, 'q', 197, 113.051227, 23.685022);
insert into bas_area (id, area_level, area_code, area_name, parent_id, letter, baidu_id, longitude, latitude) values (441802, 3, '441802', '清城区', 441800, 'q', null, 113.048698, 23.688976);
insert into bas_area (id, area_level, area_code, area_name, parent_id, letter, baidu_id, longitude, latitude) values (441803, 3, '441803', '清新区', 441800, 'q', null, 113.015203, 23.736949);
insert into bas_area (id, area_level, area_code, area_name, parent_id, letter, baidu_id, longitude, latitude) values (441821, 3, '441821', '佛冈县', 441800, 'f', null, 113.534094, 23.866739);
insert into bas_area (id, area_level, area_code, area_name, parent_id, letter, baidu_id, longitude, latitude) values (441823, 3, '441823', '阳山县', 441800, 'y', null, 112.634019, 24.470286);
insert into bas_area (id, area_level, area_code, area_name, parent_id, letter, baidu_id, longitude, latitude) values (441825, 3, '441825', '连山壮族瑶族自治县', 441800, 'l', null, 112.086555, 24.567271);
insert into bas_area (id, area_level, area_code, area_name, parent_id, letter, baidu_id, longitude, latitude) values (441826, 3, '441826', '连南瑶族自治县', 441800, 'l', null, 112.290808, 24.719097);
insert into bas_area (id, area_level, area_code, area_name, parent_id, letter, baidu_id, longitude, latitude) values (441881, 3, '441881', '英德市', 441800, 'y', null, 113.405404, 24.18612);
insert into bas_area (id, area_level, area_code, area_name, parent_id, letter, baidu_id, longitude, latitude) values (441882, 3, '441882', '连州市', 441800, 'l', null, 112.379271, 24.783966);
insert into bas_area (id, area_level, area_code, area_name, parent_id, letter, baidu_id, longitude, latitude) values (441900, 2, '441900', '东莞市', 440000, 'd', 119, 113.746262, 23.046237);
insert into bas_area (id, area_level, area_code, area_name, parent_id, letter, baidu_id, longitude, latitude) values (442000, 2, '442000', '中山市', 440000, 'z', 187, 113.382391, 22.521113);
insert into bas_area (id, area_level, area_code, area_name, parent_id, letter, baidu_id, longitude, latitude) values (445100, 2, '445100', '潮州市', 440000, 'c', 201, 116.632301, 23.661701);
insert into bas_area (id, area_level, area_code, area_name, parent_id, letter, baidu_id, longitude, latitude) values (445102, 3, '445102', '湘桥区', 445100, 'x', null, 116.63365, 23.664675);
insert into bas_area (id, area_level, area_code, area_name, parent_id, letter, baidu_id, longitude, latitude) values (445103, 3, '445103', '潮安区', 445100, 'c', null, 116.67931, 23.461012);
insert into bas_area (id, area_level, area_code, area_name, parent_id, letter, baidu_id, longitude, latitude) values (445122, 3, '445122', '饶平县', 445100, 'r', null, 117.00205, 23.668171);
insert into bas_area (id, area_level, area_code, area_name, parent_id, letter, baidu_id, longitude, latitude) values (445200, 2, '445200', '揭阳市', 440000, 'j', 259, 116.355733, 23.543778);
insert into bas_area (id, area_level, area_code, area_name, parent_id, letter, baidu_id, longitude, latitude) values (445202, 3, '445202', '榕城区', 445200, 'r', null, 116.357045, 23.535524);
insert into bas_area (id, area_level, area_code, area_name, parent_id, letter, baidu_id, longitude, latitude) values (445203, 3, '445203', '揭东区', 445200, 'j', null, 116.412947, 23.569887);
insert into bas_area (id, area_level, area_code, area_name, parent_id, letter, baidu_id, longitude, latitude) values (445222, 3, '445222', '揭西县', 445200, 'j', null, 115.838708, 23.4273);
insert into bas_area (id, area_level, area_code, area_name, parent_id, letter, baidu_id, longitude, latitude) values (445224, 3, '445224', '惠来县', 445200, 'h', null, 116.295832, 23.029834);
insert into bas_area (id, area_level, area_code, area_name, parent_id, letter, baidu_id, longitude, latitude) values (445281, 3, '445281', '普宁市', 445200, 'p', null, 116.165082, 23.29788);
insert into bas_area (id, area_level, area_code, area_name, parent_id, letter, baidu_id, longitude, latitude) values (445300, 2, '445300', '云浮市', 440000, 'y', 258, 112.044439, 22.929801);
insert into bas_area (id, area_level, area_code, area_name, parent_id, letter, baidu_id, longitude, latitude) values (445302, 3, '445302', '云城区', 445300, 'y', null, 112.04471, 22.930827);
insert into bas_area (id, area_level, area_code, area_name, parent_id, letter, baidu_id, longitude, latitude) values (445303, 3, '445303', '云安区', 445300, 'y', null, 112.002095, 23.070497);
insert into bas_area (id, area_level, area_code, area_name, parent_id, letter, baidu_id, longitude, latitude) values (445321, 3, '445321', '新兴县', 445300, 'x', null, 112.23083, 22.703204);
insert into bas_area (id, area_level, area_code, area_name, parent_id, letter, baidu_id, longitude, latitude) values (445322, 3, '445322', '郁南县', 445300, 'y', null, 111.535921, 23.237709);
insert into bas_area (id, area_level, area_code, area_name, parent_id, letter, baidu_id, longitude, latitude) values (445381, 3, '445381', '罗定市', 445300, 'l', null, 111.578201, 22.765415);
insert into bas_area (id, area_level, area_code, area_name, parent_id, letter, baidu_id, longitude, latitude) values (450000, 1, '450000', '广西壮族自治区', null, 'g', null, 108.320004, 22.82402);
insert into bas_area (id, area_level, area_code, area_name, parent_id, letter, baidu_id, longitude, latitude) values (450100, 2, '450100', '南宁市', 450000, 'n', 261, 108.320004, 22.82402);
insert into bas_area (id, area_level, area_code, area_name, parent_id, letter, baidu_id, longitude, latitude) values (450102, 3, '450102', '兴宁区', 450100, 'x', null, 108.320189, 22.819511);
insert into bas_area (id, area_level, area_code, area_name, parent_id, letter, baidu_id, longitude, latitude) values (450103, 3, '450103', '青秀区', 450100, 'q', null, 108.346113, 22.816614);
insert into bas_area (id, area_level, area_code, area_name, parent_id, letter, baidu_id, longitude, latitude) values (450105, 3, '450105', '江南区', 450100, 'j', null, 108.310478, 22.799593);
insert into bas_area (id, area_level, area_code, area_name, parent_id, letter, baidu_id, longitude, latitude) values (450107, 3, '450107', '西乡塘区', 450100, 'x', null, 108.306903, 22.832779);
insert into bas_area (id, area_level, area_code, area_name, parent_id, letter, baidu_id, longitude, latitude) values (450108, 3, '450108', '良庆区', 450100, 'l', null, 108.322102, 22.75909);
insert into bas_area (id, area_level, area_code, area_name, parent_id, letter, baidu_id, longitude, latitude) values (450109, 3, '450109', '邕宁区', 450100, 'y', null, 108.484251, 22.756598);
insert into bas_area (id, area_level, area_code, area_name, parent_id, letter, baidu_id, longitude, latitude) values (450110, 3, '450110', '武鸣区', 450100, 'w', null, 108.260139, 23.258065);
insert into bas_area (id, area_level, area_code, area_name, parent_id, letter, baidu_id, longitude, latitude) values (450123, 3, '450123', '隆安县', 450100, 'l', null, 107.688661, 23.174763);
insert into bas_area (id, area_level, area_code, area_name, parent_id, letter, baidu_id, longitude, latitude) values (450124, 3, '450124', '马山县', 450100, 'm', null, 108.172903, 23.711758);
insert into bas_area (id, area_level, area_code, area_name, parent_id, letter, baidu_id, longitude, latitude) values (450125, 3, '450125', '上林县', 450100, 's', null, 108.603937, 23.431769);
insert into bas_area (id, area_level, area_code, area_name, parent_id, letter, baidu_id, longitude, latitude) values (450126, 3, '450126', '宾阳县', 450100, 'b', null, 108.816735, 23.216884);
insert into bas_area (id, area_level, area_code, area_name, parent_id, letter, baidu_id, longitude, latitude) values (450127, 3, '450127', '横县', 450100, 'h', null, 109.270987, 22.68743);
insert into bas_area (id, area_level, area_code, area_name, parent_id, letter, baidu_id, longitude, latitude) values (450200, 2, '450200', '柳州市', 450000, 'l', 305, 109.411703, 24.314617);
insert into bas_area (id, area_level, area_code, area_name, parent_id, letter, baidu_id, longitude, latitude) values (450202, 3, '450202', '城中区', 450200, 'c', null, 109.411749, 24.312324);
insert into bas_area (id, area_level, area_code, area_name, parent_id, letter, baidu_id, longitude, latitude) values (450203, 3, '450203', '鱼峰区', 450200, 'y', null, 109.415364, 24.303848);
insert into bas_area (id, area_level, area_code, area_name, parent_id, letter, baidu_id, longitude, latitude) values (450204, 3, '450204', '柳南区', 450200, 'l', null, 109.395936, 24.287013);
insert into bas_area (id, area_level, area_code, area_name, parent_id, letter, baidu_id, longitude, latitude) values (450205, 3, '450205', '柳北区', 450200, 'l', null, 109.406577, 24.359145);
insert into bas_area (id, area_level, area_code, area_name, parent_id, letter, baidu_id, longitude, latitude) values (450206, 3, '450206', '柳江区', 450200, 'l', null, 109.27422, 24.209538);
insert into bas_area (id, area_level, area_code, area_name, parent_id, letter, baidu_id, longitude, latitude) values (450222, 3, '450222', '柳城县', 450200, 'l', null, 109.245812, 24.655121);
insert into bas_area (id, area_level, area_code, area_name, parent_id, letter, baidu_id, longitude, latitude) values (450223, 3, '450223', '鹿寨县', 450200, 'l', null, 109.740805, 24.483405);
insert into bas_area (id, area_level, area_code, area_name, parent_id, letter, baidu_id, longitude, latitude) values (450224, 3, '450224', '融安县', 450200, 'r', null, 109.403621, 25.214703);
insert into bas_area (id, area_level, area_code, area_name, parent_id, letter, baidu_id, longitude, latitude) values (450225, 3, '450225', '融水苗族自治县', 450200, 'r', null, 109.252744, 25.068812);
insert into bas_area (id, area_level, area_code, area_name, parent_id, letter, baidu_id, longitude, latitude) values (450226, 3, '450226', '三江侗族自治县', 450200, 's', null, 109.614846, 25.78553);
insert into bas_area (id, area_level, area_code, area_name, parent_id, letter, baidu_id, longitude, latitude) values (450300, 2, '450300', '桂林市', 450000, 'g', 142, 110.299121, 25.274215);
insert into bas_area (id, area_level, area_code, area_name, parent_id, letter, baidu_id, longitude, latitude) values (450302, 3, '450302', '秀峰区', 450300, 'x', null, 110.292445, 25.278544);
insert into bas_area (id, area_level, area_code, area_name, parent_id, letter, baidu_id, longitude, latitude) values (450303, 3, '450303', '叠彩区', 450300, 'd', null, 110.300783, 25.301334);
insert into bas_area (id, area_level, area_code, area_name, parent_id, letter, baidu_id, longitude, latitude) values (450304, 3, '450304', '象山区', 450300, 'x', null, 110.284882, 25.261986);
insert into bas_area (id, area_level, area_code, area_name, parent_id, letter, baidu_id, longitude, latitude) values (450305, 3, '450305', '七星区', 450300, 'q', null, 110.317577, 25.254339);
insert into bas_area (id, area_level, area_code, area_name, parent_id, letter, baidu_id, longitude, latitude) values (450311, 3, '450311', '雁山区', 450300, 'y', null, 110.305667, 25.077646);
insert into bas_area (id, area_level, area_code, area_name, parent_id, letter, baidu_id, longitude, latitude) values (450312, 3, '450312', '临桂区', 450300, 'l', null, 110.205487, 25.246257);
insert into bas_area (id, area_level, area_code, area_name, parent_id, letter, baidu_id, longitude, latitude) values (450321, 3, '450321', '阳朔县', 450300, 'y', null, 110.494699, 24.77534);
insert into bas_area (id, area_level, area_code, area_name, parent_id, letter, baidu_id, longitude, latitude) values (450323, 3, '450323', '灵川县', 450300, 'l', null, 110.325712, 25.408541);
insert into bas_area (id, area_level, area_code, area_name, parent_id, letter, baidu_id, longitude, latitude) values (450324, 3, '450324', '全州县', 450300, 'q', null, 111.072989, 25.929897);
insert into bas_area (id, area_level, area_code, area_name, parent_id, letter, baidu_id, longitude, latitude) values (450325, 3, '450325', '兴安县', 450300, 'x', null, 110.670783, 25.609554);
insert into bas_area (id, area_level, area_code, area_name, parent_id, letter, baidu_id, longitude, latitude) values (450326, 3, '450326', '永福县', 450300, 'y', null, 109.989208, 24.986692);
insert into bas_area (id, area_level, area_code, area_name, parent_id, letter, baidu_id, longitude, latitude) values (450327, 3, '450327', '灌阳县', 450300, 'g', null, 111.160248, 25.489098);
insert into bas_area (id, area_level, area_code, area_name, parent_id, letter, baidu_id, longitude, latitude) values (450328, 3, '450328', '龙胜各族自治县', 450300, 'l', null, 110.009423, 25.796428);
insert into bas_area (id, area_level, area_code, area_name, parent_id, letter, baidu_id, longitude, latitude) values (450329, 3, '450329', '资源县', 450300, 'z', null, 110.642587, 26.0342);
insert into bas_area (id, area_level, area_code, area_name, parent_id, letter, baidu_id, longitude, latitude) values (450330, 3, '450330', '平乐县', 450300, 'p', null, 110.642821, 24.632216);
insert into bas_area (id, area_level, area_code, area_name, parent_id, letter, baidu_id, longitude, latitude) values (450331, 3, '450331', '荔浦县', 450300, 'l', null, 110.400149, 24.497786);
insert into bas_area (id, area_level, area_code, area_name, parent_id, letter, baidu_id, longitude, latitude) values (450332, 3, '450332', '恭城瑶族自治县', 450300, 'g', null, 110.82952, 24.833612);
insert into bas_area (id, area_level, area_code, area_name, parent_id, letter, baidu_id, longitude, latitude) values (450400, 2, '450400', '梧州市', 450000, 'w', 304, 111.297604, 23.474803);
insert into bas_area (id, area_level, area_code, area_name, parent_id, letter, baidu_id, longitude, latitude) values (450403, 3, '450403', '万秀区', 450400, 'w', null, 111.315817, 23.471318);
insert into bas_area (id, area_level, area_code, area_name, parent_id, letter, baidu_id, longitude, latitude) values (450405, 3, '450405', '长洲区', 450400, 'z', null, 111.275678, 23.4777);
insert into bas_area (id, area_level, area_code, area_name, parent_id, letter, baidu_id, longitude, latitude) values (450406, 3, '450406', '龙圩区', 450400, 'l', null, 111.246035, 23.40996);
insert into bas_area (id, area_level, area_code, area_name, parent_id, letter, baidu_id, longitude, latitude) values (450421, 3, '450421', '苍梧县', 450400, 'c', null, 111.544008, 23.845097);
insert into bas_area (id, area_level, area_code, area_name, parent_id, letter, baidu_id, longitude, latitude) values (450422, 3, '450422', '藤县', 450400, 't', null, 110.931826, 23.373963);
insert into bas_area (id, area_level, area_code, area_name, parent_id, letter, baidu_id, longitude, latitude) values (450423, 3, '450423', '蒙山县', 450400, 'm', null, 110.5226, 24.199829);
insert into bas_area (id, area_level, area_code, area_name, parent_id, letter, baidu_id, longitude, latitude) values (450481, 3, '450481', '岑溪市', 450400, 'c', null, 110.998114, 22.918406);
insert into bas_area (id, area_level, area_code, area_name, parent_id, letter, baidu_id, longitude, latitude) values (450500, 2, '450500', '北海市', 450000, 'b', 295, 109.119254, 21.473343);
insert into bas_area (id, area_level, area_code, area_name, parent_id, letter, baidu_id, longitude, latitude) values (450502, 3, '450502', '海城区', 450500, 'h', null, 109.107529, 21.468443);
insert into bas_area (id, area_level, area_code, area_name, parent_id, letter, baidu_id, longitude, latitude) values (450503, 3, '450503', '银海区', 450500, 'y', null, 109.118707, 21.444909);
insert into bas_area (id, area_level, area_code, area_name, parent_id, letter, baidu_id, longitude, latitude) values (450512, 3, '450512', '铁山港区', 450500, 't', null, 109.450573, 21.5928);
insert into bas_area (id, area_level, area_code, area_name, parent_id, letter, baidu_id, longitude, latitude) values (450521, 3, '450521', '合浦县', 450500, 'h', null, 109.200695, 21.663554);
insert into bas_area (id, area_level, area_code, area_name, parent_id, letter, baidu_id, longitude, latitude) values (450600, 2, '450600', '防城港市', 450000, 'f', 204, 108.345478, 21.614631);
insert into bas_area (id, area_level, area_code, area_name, parent_id, letter, baidu_id, longitude, latitude) values (450602, 3, '450602', '港口区', 450600, 'g', null, 108.346281, 21.614406);
insert into bas_area (id, area_level, area_code, area_name, parent_id, letter, baidu_id, longitude, latitude) values (450603, 3, '450603', '防城区', 450600, 'f', null, 108.358426, 21.764758);
insert into bas_area (id, area_level, area_code, area_name, parent_id, letter, baidu_id, longitude, latitude) values (450621, 3, '450621', '上思县', 450600, 's', null, 107.982139, 22.151423);
insert into bas_area (id, area_level, area_code, area_name, parent_id, letter, baidu_id, longitude, latitude) values (450681, 3, '450681', '东兴市', 450600, 'd', null, 107.97017, 21.541172);
insert into bas_area (id, area_level, area_code, area_name, parent_id, letter, baidu_id, longitude, latitude) values (450700, 2, '450700', '钦州市', 450000, 'q', 145, 108.624175, 21.967127);
insert into bas_area (id, area_level, area_code, area_name, parent_id, letter, baidu_id, longitude, latitude) values (450702, 3, '450702', '钦南区', 450700, 'q', null, 108.626629, 21.966808);
insert into bas_area (id, area_level, area_code, area_name, parent_id, letter, baidu_id, longitude, latitude) values (450703, 3, '450703', '钦北区', 450700, 'q', null, 108.44911, 22.132761);
insert into bas_area (id, area_level, area_code, area_name, parent_id, letter, baidu_id, longitude, latitude) values (450721, 3, '450721', '灵山县', 450700, 'l', null, 109.293468, 22.418041);
insert into bas_area (id, area_level, area_code, area_name, parent_id, letter, baidu_id, longitude, latitude) values (450722, 3, '450722', '浦北县', 450700, 'p', null, 109.556341, 22.268335);
insert into bas_area (id, area_level, area_code, area_name, parent_id, letter, baidu_id, longitude, latitude) values (450800, 2, '450800', '贵港市', 450000, 'g', 341, 109.602146, 23.0936);
insert into bas_area (id, area_level, area_code, area_name, parent_id, letter, baidu_id, longitude, latitude) values (450802, 3, '450802', '港北区', 450800, 'g', null, 109.59481, 23.107677);
insert into bas_area (id, area_level, area_code, area_name, parent_id, letter, baidu_id, longitude, latitude) values (450803, 3, '450803', '港南区', 450800, 'g', null, 109.604665, 23.067516);
insert into bas_area (id, area_level, area_code, area_name, parent_id, letter, baidu_id, longitude, latitude) values (450804, 3, '450804', '覃塘区', 450800, 't', null, 109.415697, 23.132815);
insert into bas_area (id, area_level, area_code, area_name, parent_id, letter, baidu_id, longitude, latitude) values (450821, 3, '450821', '平南县', 450800, 'p', null, 110.397485, 23.544546);
insert into bas_area (id, area_level, area_code, area_name, parent_id, letter, baidu_id, longitude, latitude) values (450881, 3, '450881', '桂平市', 450800, 'g', null, 110.074668, 23.382473);
insert into bas_area (id, area_level, area_code, area_name, parent_id, letter, baidu_id, longitude, latitude) values (450900, 2, '450900', '玉林市', 450000, 'y', 361, 110.154393, 22.63136);
insert into bas_area (id, area_level, area_code, area_name, parent_id, letter, baidu_id, longitude, latitude) values (450902, 3, '450902', '玉州区', 450900, 'y', null, 110.154912, 22.632132);
insert into bas_area (id, area_level, area_code, area_name, parent_id, letter, baidu_id, longitude, latitude) values (450903, 3, '450903', '福绵区', 450900, 'f', null, 110.054155, 22.58163);
insert into bas_area (id, area_level, area_code, area_name, parent_id, letter, baidu_id, longitude, latitude) values (450921, 3, '450921', '容县', 450900, 'r', null, 110.552467, 22.856435);
insert into bas_area (id, area_level, area_code, area_name, parent_id, letter, baidu_id, longitude, latitude) values (450922, 3, '450922', '陆川县', 450900, 'l', null, 110.264842, 22.321054);
insert into bas_area (id, area_level, area_code, area_name, parent_id, letter, baidu_id, longitude, latitude) values (450923, 3, '450923', '博白县', 450900, 'b', null, 109.980004, 22.271285);
insert into bas_area (id, area_level, area_code, area_name, parent_id, letter, baidu_id, longitude, latitude) values (450924, 3, '450924', '兴业县', 450900, 'x', null, 109.877768, 22.74187);
insert into bas_area (id, area_level, area_code, area_name, parent_id, letter, baidu_id, longitude, latitude) values (450981, 3, '450981', '北流市', 450900, 'b', null, 110.348052, 22.701648);
insert into bas_area (id, area_level, area_code, area_name, parent_id, letter, baidu_id, longitude, latitude) values (451000, 2, '451000', '百色市', 450000, 'b', 203, 106.616285, 23.897742);
insert into bas_area (id, area_level, area_code, area_name, parent_id, letter, baidu_id, longitude, latitude) values (451002, 3, '451002', '右江区', 451000, 'y', null, 106.615727, 23.897675);
insert into bas_area (id, area_level, area_code, area_name, parent_id, letter, baidu_id, longitude, latitude) values (451021, 3, '451021', '田阳县', 451000, 't', null, 106.904315, 23.736079);
insert into bas_area (id, area_level, area_code, area_name, parent_id, letter, baidu_id, longitude, latitude) values (451022, 3, '451022', '田东县', 451000, 't', null, 107.12426, 23.600444);
insert into bas_area (id, area_level, area_code, area_name, parent_id, letter, baidu_id, longitude, latitude) values (451023, 3, '451023', '平果县', 451000, 'p', null, 107.580403, 23.320479);
insert into bas_area (id, area_level, area_code, area_name, parent_id, letter, baidu_id, longitude, latitude) values (451024, 3, '451024', '德保县', 451000, 'd', null, 106.618164, 23.321464);
insert into bas_area (id, area_level, area_code, area_name, parent_id, letter, baidu_id, longitude, latitude) values (451026, 3, '451026', '那坡县', 451000, 'n', null, 105.833553, 23.400785);
insert into bas_area (id, area_level, area_code, area_name, parent_id, letter, baidu_id, longitude, latitude) values (451027, 3, '451027', '凌云县', 451000, 'l', null, 106.56487, 24.345643);
insert into bas_area (id, area_level, area_code, area_name, parent_id, letter, baidu_id, longitude, latitude) values (451028, 3, '451028', '乐业县', 451000, 'l', null, 106.559638, 24.782204);
insert into bas_area (id, area_level, area_code, area_name, parent_id, letter, baidu_id, longitude, latitude) values (451029, 3, '451029', '田林县', 451000, 't', null, 106.235047, 24.290262);
insert into bas_area (id, area_level, area_code, area_name, parent_id, letter, baidu_id, longitude, latitude) values (451030, 3, '451030', '西林县', 451000, 'x', null, 105.095025, 24.492041);
insert into bas_area (id, area_level, area_code, area_name, parent_id, letter, baidu_id, longitude, latitude) values (451031, 3, '451031', '隆林各族自治县', 451000, 'l', null, 105.342363, 24.774318);
insert into bas_area (id, area_level, area_code, area_name, parent_id, letter, baidu_id, longitude, latitude) values (451081, 3, '451081', '靖西市', 451000, 'j', null, 106.321095, 23.149605);
insert into bas_area (id, area_level, area_code, area_name, parent_id, letter, baidu_id, longitude, latitude) values (451100, 2, '451100', '贺州市', 450000, 'h', 260, 111.552056, 24.414141);
insert into bas_area (id, area_level, area_code, area_name, parent_id, letter, baidu_id, longitude, latitude) values (451102, 3, '451102', '八步区', 451100, 'b', null, 111.551991, 24.412446);
insert into bas_area (id, area_level, area_code, area_name, parent_id, letter, baidu_id, longitude, latitude) values (451103, 3, '451103', '平桂区', 451100, 'p', null, 106.058477, 24.469729);
insert into bas_area (id, area_level, area_code, area_name, parent_id, letter, baidu_id, longitude, latitude) values (451121, 3, '451121', '昭平县', 451100, 'z', null, 110.810865, 24.172958);
insert into bas_area (id, area_level, area_code, area_name, parent_id, letter, baidu_id, longitude, latitude) values (451122, 3, '451122', '钟山县', 451100, 'z', null, 111.303629, 24.528566);
insert into bas_area (id, area_level, area_code, area_name, parent_id, letter, baidu_id, longitude, latitude) values (451123, 3, '451123', '富川瑶族自治县', 451100, 'f', null, 111.277228, 24.81896);
insert into bas_area (id, area_level, area_code, area_name, parent_id, letter, baidu_id, longitude, latitude) values (451200, 2, '451200', '河池市', 450000, 'h', 143, 108.062105, 24.695899);
insert into bas_area (id, area_level, area_code, area_name, parent_id, letter, baidu_id, longitude, latitude) values (451202, 3, '451202', '金城江区', 451200, 'j', null, 108.062131, 24.695625);
insert into bas_area (id, area_level, area_code, area_name, parent_id, letter, baidu_id, longitude, latitude) values (451221, 3, '451221', '南丹县', 451200, 'n', null, 107.546605, 24.983192);
insert into bas_area (id, area_level, area_code, area_name, parent_id, letter, baidu_id, longitude, latitude) values (451222, 3, '451222', '天峨县', 451200, 't', null, 107.174939, 24.985964);
insert into bas_area (id, area_level, area_code, area_name, parent_id, letter, baidu_id, longitude, latitude) values (451223, 3, '451223', '凤山县', 451200, 'f', null, 107.044592, 24.544561);
insert into bas_area (id, area_level, area_code, area_name, parent_id, letter, baidu_id, longitude, latitude) values (451224, 3, '451224', '东兰县', 451200, 'd', null, 107.373696, 24.509367);
insert into bas_area (id, area_level, area_code, area_name, parent_id, letter, baidu_id, longitude, latitude) values (451225, 3, '451225', '罗城仫佬族自治县', 451200, 'l', null, 108.902453, 24.779327);
insert into bas_area (id, area_level, area_code, area_name, parent_id, letter, baidu_id, longitude, latitude) values (451226, 3, '451226', '环江毛南族自治县', 451200, 'h', null, 108.258669, 24.827628);
insert into bas_area (id, area_level, area_code, area_name, parent_id, letter, baidu_id, longitude, latitude) values (451227, 3, '451227', '巴马瑶族自治县', 451200, 'b', null, 107.253126, 24.139538);
insert into bas_area (id, area_level, area_code, area_name, parent_id, letter, baidu_id, longitude, latitude) values (451228, 3, '451228', '都安瑶族自治县', 451200, 'd', null, 108.102761, 23.934964);
insert into bas_area (id, area_level, area_code, area_name, parent_id, letter, baidu_id, longitude, latitude) values (451229, 3, '451229', '大化瑶族自治县', 451200, 'd', null, 107.9945, 23.739596);
insert into bas_area (id, area_level, area_code, area_name, parent_id, letter, baidu_id, longitude, latitude) values (451281, 3, '451281', '宜州市', 451200, 'y', null, 108.653965, 24.492193);
insert into bas_area (id, area_level, area_code, area_name, parent_id, letter, baidu_id, longitude, latitude) values (451300, 2, '451300', '来宾市', 450000, 'l', 202, 109.229772, 23.733766);
insert into bas_area (id, area_level, area_code, area_name, parent_id, letter, baidu_id, longitude, latitude) values (451302, 3, '451302', '兴宾区', 451300, 'x', null, 109.230541, 23.732926);
insert into bas_area (id, area_level, area_code, area_name, parent_id, letter, baidu_id, longitude, latitude) values (451321, 3, '451321', '忻城县', 451300, 'x', null, 108.667361, 24.064779);
insert into bas_area (id, area_level, area_code, area_name, parent_id, letter, baidu_id, longitude, latitude) values (451322, 3, '451322', '象州县', 451300, 'x', null, 109.684555, 23.959824);
insert into bas_area (id, area_level, area_code, area_name, parent_id, letter, baidu_id, longitude, latitude) values (451323, 3, '451323', '武宣县', 451300, 'w', null, 109.66287, 23.604162);
insert into bas_area (id, area_level, area_code, area_name, parent_id, letter, baidu_id, longitude, latitude) values (451324, 3, '451324', '金秀瑶族自治县', 451300, 'j', null, 110.188556, 24.134941);
insert into bas_area (id, area_level, area_code, area_name, parent_id, letter, baidu_id, longitude, latitude) values (451381, 3, '451381', '合山市', 451300, 'h', null, 108.88858, 23.81311);
insert into bas_area (id, area_level, area_code, area_name, parent_id, letter, baidu_id, longitude, latitude) values (451400, 2, '451400', '崇左市', 450000, 'c', 144, 107.353926, 22.404108);
insert into bas_area (id, area_level, area_code, area_name, parent_id, letter, baidu_id, longitude, latitude) values (451402, 3, '451402', '江州区', 451400, 'j', null, 107.354443, 22.40469);
insert into bas_area (id, area_level, area_code, area_name, parent_id, letter, baidu_id, longitude, latitude) values (451421, 3, '451421', '扶绥县', 451400, 'f', null, 107.911533, 22.635821);
insert into bas_area (id, area_level, area_code, area_name, parent_id, letter, baidu_id, longitude, latitude) values (451422, 3, '451422', '宁明县', 451400, 'n', null, 107.067616, 22.131353);
insert into bas_area (id, area_level, area_code, area_name, parent_id, letter, baidu_id, longitude, latitude) values (451423, 3, '451423', '龙州县', 451400, 'l', null, 106.857502, 22.343716);
insert into bas_area (id, area_level, area_code, area_name, parent_id, letter, baidu_id, longitude, latitude) values (451424, 3, '451424', '大新县', 451400, 'd', null, 107.200803, 22.833369);
insert into bas_area (id, area_level, area_code, area_name, parent_id, letter, baidu_id, longitude, latitude) values (451425, 3, '451425', '天等县', 451400, 't', null, 107.142441, 23.082484);
insert into bas_area (id, area_level, area_code, area_name, parent_id, letter, baidu_id, longitude, latitude) values (451481, 3, '451481', '凭祥市', 451400, 'p', null, 106.759038, 22.108882);
insert into bas_area (id, area_level, area_code, area_name, parent_id, letter, baidu_id, longitude, latitude) values (460000, 1, '460000', '海南省', null, 'h', null, 110.33119, 20.031971);
insert into bas_area (id, area_level, area_code, area_name, parent_id, letter, baidu_id, longitude, latitude) values (460100, 2, '460100', '海口市', 460000, 'h', 125, 110.33119, 20.031971);
insert into bas_area (id, area_level, area_code, area_name, parent_id, letter, baidu_id, longitude, latitude) values (460105, 3, '460105', '秀英区', 460100, 'x', null, 110.282393, 20.008145);
insert into bas_area (id, area_level, area_code, area_name, parent_id, letter, baidu_id, longitude, latitude) values (460106, 3, '460106', '龙华区', 460100, 'l', null, 110.330373, 20.031026);
insert into bas_area (id, area_level, area_code, area_name, parent_id, letter, baidu_id, longitude, latitude) values (460107, 3, '460107', '琼山区', 460100, 'q', null, 110.354722, 20.001051);
insert into bas_area (id, area_level, area_code, area_name, parent_id, letter, baidu_id, longitude, latitude) values (460108, 3, '460108', '美兰区', 460100, 'm', null, 110.356566, 20.03074);
insert into bas_area (id, area_level, area_code, area_name, parent_id, letter, baidu_id, longitude, latitude) values (460200, 2, '460200', '三亚市', 460000, 's', 121, 109.508268, 18.247872);
insert into bas_area (id, area_level, area_code, area_name, parent_id, letter, baidu_id, longitude, latitude) values (460202, 3, '460202', '海棠区', 460200, 'h', null, 109.760778, 18.407516);
insert into bas_area (id, area_level, area_code, area_name, parent_id, letter, baidu_id, longitude, latitude) values (460203, 3, '460203', '吉阳区', 460200, 'j', null, 109.512081, 18.247436);
insert into bas_area (id, area_level, area_code, area_name, parent_id, letter, baidu_id, longitude, latitude) values (460204, 3, '460204', '天涯区', 460200, 't', null, 109.506357, 18.24734);
insert into bas_area (id, area_level, area_code, area_name, parent_id, letter, baidu_id, longitude, latitude) values (460205, 3, '460205', '崖州区', 460200, 'y', null, 109.174306, 18.352192);
insert into bas_area (id, area_level, area_code, area_name, parent_id, letter, baidu_id, longitude, latitude) values (460300, 2, '460300', '三沙市', 460000, 's', null, 112.34882, 16.831039);
insert into bas_area (id, area_level, area_code, area_name, parent_id, letter, baidu_id, longitude, latitude) values (460400, 2, '460400', '儋州市', 460000, 'd', null, 109.413973, 19.571153);
insert into bas_area (id, area_level, area_code, area_name, parent_id, letter, baidu_id, longitude, latitude) values (469001, 2, '469001', '五指山市', 460000, 'w', 1644, 109.516662, 18.776921);
insert into bas_area (id, area_level, area_code, area_name, parent_id, letter, baidu_id, longitude, latitude) values (469002, 2, '469002', '琼海市', 460000, 'q', 2358, 110.466785, 19.246011);
insert into bas_area (id, area_level, area_code, area_name, parent_id, letter, baidu_id, longitude, latitude) values (469005, 2, '469005', '文昌市', 460000, 'w', 2758, 110.753975, 19.612986);
insert into bas_area (id, area_level, area_code, area_name, parent_id, letter, baidu_id, longitude, latitude) values (469006, 2, '469006', '万宁市', 460000, 'w', 1216, 110.388793, 18.796216);
insert into bas_area (id, area_level, area_code, area_name, parent_id, letter, baidu_id, longitude, latitude) values (469007, 2, '469007', '东方市', 460000, 'd', 2634, 108.653789, 19.10198);
insert into bas_area (id, area_level, area_code, area_name, parent_id, letter, baidu_id, longitude, latitude) values (469021, 2, '469021', '定安县', 460000, 'd', 1214, 110.349235, 19.684966);
insert into bas_area (id, area_level, area_code, area_name, parent_id, letter, baidu_id, longitude, latitude) values (469022, 2, '469022', '屯昌县', 460000, 't', 1641, 110.102773, 19.362916);
insert into bas_area (id, area_level, area_code, area_name, parent_id, letter, baidu_id, longitude, latitude) values (469023, 2, '469023', '澄迈县', 460000, 'c', 2757, 110.007147, 19.737095);
insert into bas_area (id, area_level, area_code, area_name, parent_id, letter, baidu_id, longitude, latitude) values (469024, 2, '469024', '临高县', 460000, 'l', 2033, 109.687697, 19.908293);
insert into bas_area (id, area_level, area_code, area_name, parent_id, letter, baidu_id, longitude, latitude) values (469025, 2, '469025', '白沙黎族自治县', 460000, 'b', 2359, 109.452606, 19.224584);
insert into bas_area (id, area_level, area_code, area_name, parent_id, letter, baidu_id, longitude, latitude) values (469026, 2, '469026', '昌江黎族自治县', 460000, 'c', 1642, 109.053351, 19.260968);
insert into bas_area (id, area_level, area_code, area_name, parent_id, letter, baidu_id, longitude, latitude) values (469027, 2, '469027', '乐东黎族自治县', 460000, 'l', 2032, 109.175444, 18.74758);
insert into bas_area (id, area_level, area_code, area_name, parent_id, letter, baidu_id, longitude, latitude) values (469028, 2, '469028', '陵水黎族自治县', 460000, 'l', 1643, 110.037218, 18.505006);
insert into bas_area (id, area_level, area_code, area_name, parent_id, letter, baidu_id, longitude, latitude) values (469029, 2, '469029', '保亭黎族苗族自治县', 460000, 'b', 1217, 109.70245, 18.636371);
insert into bas_area (id, area_level, area_code, area_name, parent_id, letter, baidu_id, longitude, latitude) values (469030, 2, '469030', '琼中黎族苗族自治县', 460000, 'q', 2031, 109.839996, 19.03557);
insert into bas_area (id, area_level, area_code, area_name, parent_id, letter, baidu_id, longitude, latitude) values (500000, 1, '500000', '重庆', null, 'c', null, 106.504962, 29.533155);
insert into bas_area (id, area_level, area_code, area_name, parent_id, letter, baidu_id, longitude, latitude) values (500100, 2, '500100', '重庆市', 500000, 'z', 132, 106.504962, 29.533155);
insert into bas_area (id, area_level, area_code, area_name, parent_id, letter, baidu_id, longitude, latitude) values (500101, 3, '500101', '万州区', 500100, 'w', null, 108.380246, 30.807807);
insert into bas_area (id, area_level, area_code, area_name, parent_id, letter, baidu_id, longitude, latitude) values (500102, 3, '500102', '涪陵区', 500100, 'f', null, 107.394905, 29.703652);
insert into bas_area (id, area_level, area_code, area_name, parent_id, letter, baidu_id, longitude, latitude) values (500103, 3, '500103', '渝中区', 500100, 'y', null, 106.56288, 29.556742);
insert into bas_area (id, area_level, area_code, area_name, parent_id, letter, baidu_id, longitude, latitude) values (500104, 3, '500104', '大渡口区', 500100, 'd', null, 106.48613, 29.481002);
insert into bas_area (id, area_level, area_code, area_name, parent_id, letter, baidu_id, longitude, latitude) values (500105, 3, '500105', '江北区', 500100, 'j', null, 106.532844, 29.575352);
insert into bas_area (id, area_level, area_code, area_name, parent_id, letter, baidu_id, longitude, latitude) values (500106, 3, '500106', '沙坪坝区', 500100, 's', null, 106.4542, 29.541224);
insert into bas_area (id, area_level, area_code, area_name, parent_id, letter, baidu_id, longitude, latitude) values (500107, 3, '500107', '九龙坡区', 500100, 'j', null, 106.480989, 29.523492);
insert into bas_area (id, area_level, area_code, area_name, parent_id, letter, baidu_id, longitude, latitude) values (500108, 3, '500108', '南岸区', 500100, 'n', null, 106.560813, 29.523992);
insert into bas_area (id, area_level, area_code, area_name, parent_id, letter, baidu_id, longitude, latitude) values (500109, 3, '500109', '北碚区', 500100, 'b', null, 106.437868, 29.82543);
insert into bas_area (id, area_level, area_code, area_name, parent_id, letter, baidu_id, longitude, latitude) values (500110, 3, '500110', '綦江区', 500100, 'q', null, 106.651417, 29.028091);
insert into bas_area (id, area_level, area_code, area_name, parent_id, letter, baidu_id, longitude, latitude) values (500111, 3, '500111', '大足区', 500100, 'd', null, 105.715319, 29.700498);
insert into bas_area (id, area_level, area_code, area_name, parent_id, letter, baidu_id, longitude, latitude) values (500112, 3, '500112', '渝北区', 500100, 'y', null, 106.512851, 29.601451);
insert into bas_area (id, area_level, area_code, area_name, parent_id, letter, baidu_id, longitude, latitude) values (500113, 3, '500113', '巴南区', 500100, 'b', null, 106.519423, 29.381919);
insert into bas_area (id, area_level, area_code, area_name, parent_id, letter, baidu_id, longitude, latitude) values (500114, 3, '500114', '黔江区', 500100, 'q', null, 108.782577, 29.527548);
insert into bas_area (id, area_level, area_code, area_name, parent_id, letter, baidu_id, longitude, latitude) values (500115, 3, '500115', '长寿区', 500100, 'z', null, 107.074854, 29.833671);
insert into bas_area (id, area_level, area_code, area_name, parent_id, letter, baidu_id, longitude, latitude) values (500116, 3, '500116', '江津区', 500100, 'j', null, 106.253156, 29.283387);
insert into bas_area (id, area_level, area_code, area_name, parent_id, letter, baidu_id, longitude, latitude) values (500117, 3, '500117', '合川区', 500100, 'h', null, 106.265554, 29.990993);
insert into bas_area (id, area_level, area_code, area_name, parent_id, letter, baidu_id, longitude, latitude) values (500118, 3, '500118', '永川区', 500100, 'y', null, 105.894714, 29.348748);
insert into bas_area (id, area_level, area_code, area_name, parent_id, letter, baidu_id, longitude, latitude) values (500119, 3, '500119', '南川区', 500100, 'n', null, 107.098153, 29.156646);
insert into bas_area (id, area_level, area_code, area_name, parent_id, letter, baidu_id, longitude, latitude) values (500120, 3, '500120', '璧山区', 500100, 'b', null, 106.206234, 29.584767);
insert into bas_area (id, area_level, area_code, area_name, parent_id, letter, baidu_id, longitude, latitude) values (500151, 3, '500151', '铜梁区', 500100, 't', null, 106.053123, 29.853985);
insert into bas_area (id, area_level, area_code, area_name, parent_id, letter, baidu_id, longitude, latitude) values (500152, 3, '500152', '潼南区', 500100, 't', null, 105.819678, 30.149932);
insert into bas_area (id, area_level, area_code, area_name, parent_id, letter, baidu_id, longitude, latitude) values (500153, 3, '500153', '荣昌区', 500100, 'r', null, 105.512656, 29.471195);
insert into bas_area (id, area_level, area_code, area_name, parent_id, letter, baidu_id, longitude, latitude) values (500154, 3, '500154', '开州区', 500100, 'k', null, 108.302174, 31.151324);
insert into bas_area (id, area_level, area_code, area_name, parent_id, letter, baidu_id, longitude, latitude) values (500228, 3, '500228', '梁平县', 500100, 'l', null, 107.800034, 30.672168);
insert into bas_area (id, area_level, area_code, area_name, parent_id, letter, baidu_id, longitude, latitude) values (500229, 3, '500229', '城口县', 500100, 'c', null, 108.6649, 31.946293);
insert into bas_area (id, area_level, area_code, area_name, parent_id, letter, baidu_id, longitude, latitude) values (500230, 3, '500230', '丰都县', 500100, 'f', null, 107.73248, 29.866424);
insert into bas_area (id, area_level, area_code, area_name, parent_id, letter, baidu_id, longitude, latitude) values (500231, 3, '500231', '垫江县', 500100, 'd', null, 107.348692, 30.330012);
insert into bas_area (id, area_level, area_code, area_name, parent_id, letter, baidu_id, longitude, latitude) values (500232, 3, '500232', '武隆县', 500100, 'w', null, 107.75655, 29.32376);
insert into bas_area (id, area_level, area_code, area_name, parent_id, letter, baidu_id, longitude, latitude) values (500233, 3, '500233', '忠县', 500100, 'z', null, 108.037518, 30.291537);
insert into bas_area (id, area_level, area_code, area_name, parent_id, letter, baidu_id, longitude, latitude) values (500235, 3, '500235', '云阳县', 500100, 'y', null, 108.697698, 30.930529);
insert into bas_area (id, area_level, area_code, area_name, parent_id, letter, baidu_id, longitude, latitude) values (500236, 3, '500236', '奉节县', 500100, 'f', null, 109.465774, 31.019967);
insert into bas_area (id, area_level, area_code, area_name, parent_id, letter, baidu_id, longitude, latitude) values (500237, 3, '500237', '巫山县', 500100, 'w', null, 109.878928, 31.074843);
insert into bas_area (id, area_level, area_code, area_name, parent_id, letter, baidu_id, longitude, latitude) values (500238, 3, '500238', '巫溪县', 500100, 'w', null, 109.628912, 31.3966);
insert into bas_area (id, area_level, area_code, area_name, parent_id, letter, baidu_id, longitude, latitude) values (500240, 3, '500240', '石柱土家族自治县', 500100, 's', null, 108.112448, 29.99853);
insert into bas_area (id, area_level, area_code, area_name, parent_id, letter, baidu_id, longitude, latitude) values (500241, 3, '500241', '秀山土家族苗族自治县', 500100, 'x', null, 108.996043, 28.444772);
insert into bas_area (id, area_level, area_code, area_name, parent_id, letter, baidu_id, longitude, latitude) values (500242, 3, '500242', '酉阳土家族苗族自治县', 500100, 'y', null, 108.767201, 28.839828);
insert into bas_area (id, area_level, area_code, area_name, parent_id, letter, baidu_id, longitude, latitude) values (500243, 3, '500243', '彭水苗族土家族自治县', 500100, 'p', null, 108.166551, 29.293856);
insert into bas_area (id, area_level, area_code, area_name, parent_id, letter, baidu_id, longitude, latitude) values (510000, 1, '510000', '四川省', null, 's', null, 104.065735, 30.659462);
insert into bas_area (id, area_level, area_code, area_name, parent_id, letter, baidu_id, longitude, latitude) values (510100, 2, '510100', '成都市', 510000, 'c', 75, 104.065735, 30.659462);
insert into bas_area (id, area_level, area_code, area_name, parent_id, letter, baidu_id, longitude, latitude) values (510104, 3, '510104', '锦江区', 510100, 'j', null, 104.080989, 30.657689);
insert into bas_area (id, area_level, area_code, area_name, parent_id, letter, baidu_id, longitude, latitude) values (510105, 3, '510105', '青羊区', 510100, 'q', null, 104.055731, 30.667648);
insert into bas_area (id, area_level, area_code, area_name, parent_id, letter, baidu_id, longitude, latitude) values (510106, 3, '510106', '金牛区', 510100, 'j', null, 104.043487, 30.692058);
insert into bas_area (id, area_level, area_code, area_name, parent_id, letter, baidu_id, longitude, latitude) values (510107, 3, '510107', '武侯区', 510100, 'w', null, 104.05167, 30.630862);
insert into bas_area (id, area_level, area_code, area_name, parent_id, letter, baidu_id, longitude, latitude) values (510108, 3, '510108', '成华区', 510100, 'c', null, 104.103077, 30.660275);
insert into bas_area (id, area_level, area_code, area_name, parent_id, letter, baidu_id, longitude, latitude) values (510112, 3, '510112', '龙泉驿区', 510100, 'l', null, 104.269181, 30.56065);
insert into bas_area (id, area_level, area_code, area_name, parent_id, letter, baidu_id, longitude, latitude) values (510113, 3, '510113', '青白江区', 510100, 'q', null, 104.25494, 30.883438);
insert into bas_area (id, area_level, area_code, area_name, parent_id, letter, baidu_id, longitude, latitude) values (510114, 3, '510114', '新都区', 510100, 'x', null, 104.16022, 30.824223);
insert into bas_area (id, area_level, area_code, area_name, parent_id, letter, baidu_id, longitude, latitude) values (510115, 3, '510115', '温江区', 510100, 'w', null, 103.836776, 30.697996);
insert into bas_area (id, area_level, area_code, area_name, parent_id, letter, baidu_id, longitude, latitude) values (510116, 3, '510116', '双流区', 510100, 's', null, 104.040899, 30.459477);
insert into bas_area (id, area_level, area_code, area_name, parent_id, letter, baidu_id, longitude, latitude) values (510121, 3, '510121', '金堂县', 510100, 'j', null, 104.415604, 30.858417);
insert into bas_area (id, area_level, area_code, area_name, parent_id, letter, baidu_id, longitude, latitude) values (510124, 3, '510124', '郫县', 510100, 'p', null, 103.887842, 30.808752);
insert into bas_area (id, area_level, area_code, area_name, parent_id, letter, baidu_id, longitude, latitude) values (510129, 3, '510129', '大邑县', 510100, 'd', null, 103.522397, 30.586602);
insert into bas_area (id, area_level, area_code, area_name, parent_id, letter, baidu_id, longitude, latitude) values (510131, 3, '510131', '蒲江县', 510100, 'p', null, 103.511541, 30.194359);
insert into bas_area (id, area_level, area_code, area_name, parent_id, letter, baidu_id, longitude, latitude) values (510132, 3, '510132', '新津县', 510100, 'x', null, 103.812449, 30.414284);
insert into bas_area (id, area_level, area_code, area_name, parent_id, letter, baidu_id, longitude, latitude) values (510181, 3, '510181', '都江堰市', 510100, 'd', null, 103.627898, 30.99114);
insert into bas_area (id, area_level, area_code, area_name, parent_id, letter, baidu_id, longitude, latitude) values (510182, 3, '510182', '彭州市', 510100, 'p', null, 103.941173, 30.985161);
insert into bas_area (id, area_level, area_code, area_name, parent_id, letter, baidu_id, longitude, latitude) values (510183, 3, '510183', '邛崃市', 510100, 'q', null, 103.46143, 30.413271);
insert into bas_area (id, area_level, area_code, area_name, parent_id, letter, baidu_id, longitude, latitude) values (510184, 3, '510184', '崇州市', 510100, 'c', null, 103.671049, 30.631478);
insert into bas_area (id, area_level, area_code, area_name, parent_id, letter, baidu_id, longitude, latitude) values (510185, 3, '510185', '简阳市', 510100, 'j', null, 104.536304, 30.393006);
insert into bas_area (id, area_level, area_code, area_name, parent_id, letter, baidu_id, longitude, latitude) values (510300, 2, '510300', '自贡市', 510000, 'z', 78, 104.773447, 29.352765);
insert into bas_area (id, area_level, area_code, area_name, parent_id, letter, baidu_id, longitude, latitude) values (510302, 3, '510302', '自流井区', 510300, 'z', null, 104.778188, 29.343231);
insert into bas_area (id, area_level, area_code, area_name, parent_id, letter, baidu_id, longitude, latitude) values (510303, 3, '510303', '贡井区', 510300, 'g', null, 104.714372, 29.345675);
insert into bas_area (id, area_level, area_code, area_name, parent_id, letter, baidu_id, longitude, latitude) values (510304, 3, '510304', '大安区', 510300, 'd', null, 104.783229, 29.367136);
insert into bas_area (id, area_level, area_code, area_name, parent_id, letter, baidu_id, longitude, latitude) values (510311, 3, '510311', '沿滩区', 510300, 'y', null, 104.876417, 29.272521);
insert into bas_area (id, area_level, area_code, area_name, parent_id, letter, baidu_id, longitude, latitude) values (510321, 3, '510321', '荣县', 510300, 'r', null, 104.423932, 29.454851);
insert into bas_area (id, area_level, area_code, area_name, parent_id, letter, baidu_id, longitude, latitude) values (510322, 3, '510322', '富顺县', 510300, 'f', null, 104.984256, 29.181282);
insert into bas_area (id, area_level, area_code, area_name, parent_id, letter, baidu_id, longitude, latitude) values (510400, 2, '510400', '攀枝花市', 510000, 'p', 81, 101.716007, 26.580446);
insert into bas_area (id, area_level, area_code, area_name, parent_id, letter, baidu_id, longitude, latitude) values (510402, 3, '510402', '东区', 510400, 'd', null, 101.715134, 26.580887);
insert into bas_area (id, area_level, area_code, area_name, parent_id, letter, baidu_id, longitude, latitude) values (510403, 3, '510403', '西区', 510400, 'x', null, 101.637969, 26.596776);
insert into bas_area (id, area_level, area_code, area_name, parent_id, letter, baidu_id, longitude, latitude) values (510411, 3, '510411', '仁和区', 510400, 'r', null, 101.737916, 26.497185);
insert into bas_area (id, area_level, area_code, area_name, parent_id, letter, baidu_id, longitude, latitude) values (510421, 3, '510421', '米易县', 510400, 'm', null, 102.109877, 26.887474);
insert into bas_area (id, area_level, area_code, area_name, parent_id, letter, baidu_id, longitude, latitude) values (510422, 3, '510422', '盐边县', 510400, 'y', null, 101.851848, 26.677619);
insert into bas_area (id, area_level, area_code, area_name, parent_id, letter, baidu_id, longitude, latitude) values (510500, 2, '510500', '泸州市', 510000, 'l', 331, 105.443348, 28.889138);
insert into bas_area (id, area_level, area_code, area_name, parent_id, letter, baidu_id, longitude, latitude) values (510502, 3, '510502', '江阳区', 510500, 'j', null, 105.445131, 28.882889);
insert into bas_area (id, area_level, area_code, area_name, parent_id, letter, baidu_id, longitude, latitude) values (510503, 3, '510503', '纳溪区', 510500, 'n', null, 105.37721, 28.77631);
insert into bas_area (id, area_level, area_code, area_name, parent_id, letter, baidu_id, longitude, latitude) values (510504, 3, '510504', '龙马潭区', 510500, 'l', null, 105.435228, 28.897572);
insert into bas_area (id, area_level, area_code, area_name, parent_id, letter, baidu_id, longitude, latitude) values (510521, 3, '510521', '泸县', 510500, 'l', null, 105.376335, 29.151288);
insert into bas_area (id, area_level, area_code, area_name, parent_id, letter, baidu_id, longitude, latitude) values (510522, 3, '510522', '合江县', 510500, 'h', null, 105.834098, 28.810325);
insert into bas_area (id, area_level, area_code, area_name, parent_id, letter, baidu_id, longitude, latitude) values (510524, 3, '510524', '叙永县', 510500, 'x', null, 105.437775, 28.167919);
insert into bas_area (id, area_level, area_code, area_name, parent_id, letter, baidu_id, longitude, latitude) values (510525, 3, '510525', '古蔺县', 510500, 'g', null, 105.813359, 28.03948);
insert into bas_area (id, area_level, area_code, area_name, parent_id, letter, baidu_id, longitude, latitude) values (510600, 2, '510600', '德阳市', 510000, 'd', 74, 104.398651, 31.127991);
insert into bas_area (id, area_level, area_code, area_name, parent_id, letter, baidu_id, longitude, latitude) values (510603, 3, '510603', '旌阳区', 510600, 'j', null, 104.389648, 31.130428);
insert into bas_area (id, area_level, area_code, area_name, parent_id, letter, baidu_id, longitude, latitude) values (510623, 3, '510623', '中江县', 510600, 'z', null, 104.677831, 31.03681);
insert into bas_area (id, area_level, area_code, area_name, parent_id, letter, baidu_id, longitude, latitude) values (510626, 3, '510626', '罗江县', 510600, 'l', null, 104.507126, 31.303281);
insert into bas_area (id, area_level, area_code, area_name, parent_id, letter, baidu_id, longitude, latitude) values (510681, 3, '510681', '广汉市', 510600, 'g', null, 104.281903, 30.97715);
insert into bas_area (id, area_level, area_code, area_name, parent_id, letter, baidu_id, longitude, latitude) values (510682, 3, '510682', '什邡市', 510600, 's', null, 104.173653, 31.126881);
insert into bas_area (id, area_level, area_code, area_name, parent_id, letter, baidu_id, longitude, latitude) values (510683, 3, '510683', '绵竹市', 510600, 'm', null, 104.200162, 31.343084);
insert into bas_area (id, area_level, area_code, area_name, parent_id, letter, baidu_id, longitude, latitude) values (510700, 2, '510700', '绵阳市', 510000, 'm', 240, 104.741722, 31.46402);
insert into bas_area (id, area_level, area_code, area_name, parent_id, letter, baidu_id, longitude, latitude) values (510703, 3, '510703', '涪城区', 510700, 'f', null, 104.740971, 31.463557);
insert into bas_area (id, area_level, area_code, area_name, parent_id, letter, baidu_id, longitude, latitude) values (510704, 3, '510704', '游仙区', 510700, 'y', null, 104.770006, 31.484772);
insert into bas_area (id, area_level, area_code, area_name, parent_id, letter, baidu_id, longitude, latitude) values (510705, 3, '510705', '安州区', 510700, 'a', null, 104.558599, 31.541222);
insert into bas_area (id, area_level, area_code, area_name, parent_id, letter, baidu_id, longitude, latitude) values (510722, 3, '510722', '三台县', 510700, 's', null, 105.090316, 31.090909);
insert into bas_area (id, area_level, area_code, area_name, parent_id, letter, baidu_id, longitude, latitude) values (510723, 3, '510723', '盐亭县', 510700, 'y', null, 105.391991, 31.22318);
insert into bas_area (id, area_level, area_code, area_name, parent_id, letter, baidu_id, longitude, latitude) values (510725, 3, '510725', '梓潼县', 510700, 'z', null, 105.16353, 31.635225);
insert into bas_area (id, area_level, area_code, area_name, parent_id, letter, baidu_id, longitude, latitude) values (510726, 3, '510726', '北川羌族自治县', 510700, 'b', null, 104.468069, 31.615863);
insert into bas_area (id, area_level, area_code, area_name, parent_id, letter, baidu_id, longitude, latitude) values (510727, 3, '510727', '平武县', 510700, 'p', null, 104.530555, 32.407588);
insert into bas_area (id, area_level, area_code, area_name, parent_id, letter, baidu_id, longitude, latitude) values (510781, 3, '510781', '江油市', 510700, 'j', null, 104.744431, 31.776386);
insert into bas_area (id, area_level, area_code, area_name, parent_id, letter, baidu_id, longitude, latitude) values (510800, 2, '510800', '广元市', 510000, 'g', 329, 105.829757, 32.433668);
insert into bas_area (id, area_level, area_code, area_name, parent_id, letter, baidu_id, longitude, latitude) values (510802, 3, '510802', '利州区', 510800, 'l', null, 105.826194, 32.432276);
insert into bas_area (id, area_level, area_code, area_name, parent_id, letter, baidu_id, longitude, latitude) values (510811, 3, '510811', '昭化区', 510800, 'z', null, 105.964121, 32.322788);
insert into bas_area (id, area_level, area_code, area_name, parent_id, letter, baidu_id, longitude, latitude) values (510812, 3, '510812', '朝天区', 510800, 'c', null, 105.88917, 32.642632);
insert into bas_area (id, area_level, area_code, area_name, parent_id, letter, baidu_id, longitude, latitude) values (510821, 3, '510821', '旺苍县', 510800, 'w', null, 106.290426, 32.22833);
insert into bas_area (id, area_level, area_code, area_name, parent_id, letter, baidu_id, longitude, latitude) values (510822, 3, '510822', '青川县', 510800, 'q', null, 105.238847, 32.585655);
insert into bas_area (id, area_level, area_code, area_name, parent_id, letter, baidu_id, longitude, latitude) values (510823, 3, '510823', '剑阁县', 510800, 'j', null, 105.527035, 32.286517);
insert into bas_area (id, area_level, area_code, area_name, parent_id, letter, baidu_id, longitude, latitude) values (510824, 3, '510824', '苍溪县', 510800, 'c', null, 105.939706, 31.732251);
insert into bas_area (id, area_level, area_code, area_name, parent_id, letter, baidu_id, longitude, latitude) values (510900, 2, '510900', '遂宁市', 510000, 's', 330, 105.571331, 30.513311);
insert into bas_area (id, area_level, area_code, area_name, parent_id, letter, baidu_id, longitude, latitude) values (510903, 3, '510903', '船山区', 510900, 'c', null, 105.582215, 30.502647);
insert into bas_area (id, area_level, area_code, area_name, parent_id, letter, baidu_id, longitude, latitude) values (510904, 3, '510904', '安居区', 510900, 'a', null, 105.459383, 30.346121);
insert into bas_area (id, area_level, area_code, area_name, parent_id, letter, baidu_id, longitude, latitude) values (510921, 3, '510921', '蓬溪县', 510900, 'p', null, 105.713699, 30.774883);
insert into bas_area (id, area_level, area_code, area_name, parent_id, letter, baidu_id, longitude, latitude) values (510922, 3, '510922', '射洪县', 510900, 's', null, 105.381849, 30.868752);
insert into bas_area (id, area_level, area_code, area_name, parent_id, letter, baidu_id, longitude, latitude) values (510923, 3, '510923', '大英县', 510900, 'd', null, 105.252187, 30.581571);
insert into bas_area (id, area_level, area_code, area_name, parent_id, letter, baidu_id, longitude, latitude) values (511000, 2, '511000', '内江市', 510000, 'n', 248, 105.066138, 29.58708);
insert into bas_area (id, area_level, area_code, area_name, parent_id, letter, baidu_id, longitude, latitude) values (511002, 3, '511002', '市中区', 511000, 's', null, 105.065467, 29.585265);
insert into bas_area (id, area_level, area_code, area_name, parent_id, letter, baidu_id, longitude, latitude) values (511011, 3, '511011', '东兴区', 511000, 'd', null, 105.067203, 29.600107);
insert into bas_area (id, area_level, area_code, area_name, parent_id, letter, baidu_id, longitude, latitude) values (511024, 3, '511024', '威远县', 511000, 'w', null, 104.668327, 29.52686);
insert into bas_area (id, area_level, area_code, area_name, parent_id, letter, baidu_id, longitude, latitude) values (511025, 3, '511025', '资中县', 511000, 'z', null, 104.852463, 29.775295);
insert into bas_area (id, area_level, area_code, area_name, parent_id, letter, baidu_id, longitude, latitude) values (511028, 3, '511028', '隆昌县', 511000, 'l', null, 105.288074, 29.338162);
insert into bas_area (id, area_level, area_code, area_name, parent_id, letter, baidu_id, longitude, latitude) values (511100, 2, '511100', '乐山市', 510000, 'l', 79, 103.761263, 29.582024);
insert into bas_area (id, area_level, area_code, area_name, parent_id, letter, baidu_id, longitude, latitude) values (511102, 3, '511102', '市中区', 511100, 's', null, 103.75539, 29.588327);
insert into bas_area (id, area_level, area_code, area_name, parent_id, letter, baidu_id, longitude, latitude) values (511111, 3, '511111', '沙湾区', 511100, 's', null, 103.549961, 29.416536);
insert into bas_area (id, area_level, area_code, area_name, parent_id, letter, baidu_id, longitude, latitude) values (511112, 3, '511112', '五通桥区', 511100, 'w', null, 103.816837, 29.406186);
insert into bas_area (id, area_level, area_code, area_name, parent_id, letter, baidu_id, longitude, latitude) values (511113, 3, '511113', '金口河区', 511100, 'j', null, 103.077831, 29.24602);
insert into bas_area (id, area_level, area_code, area_name, parent_id, letter, baidu_id, longitude, latitude) values (511123, 3, '511123', '犍为县', 511100, 'j', null, 103.944266, 29.209782);
insert into bas_area (id, area_level, area_code, area_name, parent_id, letter, baidu_id, longitude, latitude) values (511124, 3, '511124', '井研县', 511100, 'j', null, 104.06885, 29.651645);
insert into bas_area (id, area_level, area_code, area_name, parent_id, letter, baidu_id, longitude, latitude) values (511126, 3, '511126', '夹江县', 511100, 'j', null, 103.578862, 29.741019);
insert into bas_area (id, area_level, area_code, area_name, parent_id, letter, baidu_id, longitude, latitude) values (511129, 3, '511129', '沐川县', 511100, 'm', null, 103.90211, 28.956338);
insert into bas_area (id, area_level, area_code, area_name, parent_id, letter, baidu_id, longitude, latitude) values (511132, 3, '511132', '峨边彝族自治县', 511100, 'e', null, 103.262148, 29.230271);
insert into bas_area (id, area_level, area_code, area_name, parent_id, letter, baidu_id, longitude, latitude) values (511133, 3, '511133', '马边彝族自治县', 511100, 'm', null, 103.546851, 28.838933);
insert into bas_area (id, area_level, area_code, area_name, parent_id, letter, baidu_id, longitude, latitude) values (511181, 3, '511181', '峨眉山市', 511100, 'e', null, 103.492488, 29.597478);
insert into bas_area (id, area_level, area_code, area_name, parent_id, letter, baidu_id, longitude, latitude) values (511300, 2, '511300', '南充市', 510000, 'n', 291, 106.082974, 30.795281);
insert into bas_area (id, area_level, area_code, area_name, parent_id, letter, baidu_id, longitude, latitude) values (511302, 3, '511302', '顺庆区', 511300, 's', null, 106.084091, 30.795572);
insert into bas_area (id, area_level, area_code, area_name, parent_id, letter, baidu_id, longitude, latitude) values (511303, 3, '511303', '高坪区', 511300, 'g', null, 106.108996, 30.781809);
insert into bas_area (id, area_level, area_code, area_name, parent_id, letter, baidu_id, longitude, latitude) values (511304, 3, '511304', '嘉陵区', 511300, 'j', null, 106.067027, 30.762976);
insert into bas_area (id, area_level, area_code, area_name, parent_id, letter, baidu_id, longitude, latitude) values (511321, 3, '511321', '南部县', 511300, 'n', null, 106.061138, 31.349407);
insert into bas_area (id, area_level, area_code, area_name, parent_id, letter, baidu_id, longitude, latitude) values (511322, 3, '511322', '营山县', 511300, 'y', null, 106.564893, 31.075907);
insert into bas_area (id, area_level, area_code, area_name, parent_id, letter, baidu_id, longitude, latitude) values (511323, 3, '511323', '蓬安县', 511300, 'p', null, 106.413488, 31.027978);
insert into bas_area (id, area_level, area_code, area_name, parent_id, letter, baidu_id, longitude, latitude) values (511324, 3, '511324', '仪陇县', 511300, 'y', null, 106.297083, 31.271261);
insert into bas_area (id, area_level, area_code, area_name, parent_id, letter, baidu_id, longitude, latitude) values (511325, 3, '511325', '西充县', 511300, 'x', null, 105.893021, 30.994616);
insert into bas_area (id, area_level, area_code, area_name, parent_id, letter, baidu_id, longitude, latitude) values (511381, 3, '511381', '阆中市', 511300, 'l', null, 105.975266, 31.580466);
insert into bas_area (id, area_level, area_code, area_name, parent_id, letter, baidu_id, longitude, latitude) values (511400, 2, '511400', '眉山市', 510000, 'm', 77, 103.831788, 30.048318);
insert into bas_area (id, area_level, area_code, area_name, parent_id, letter, baidu_id, longitude, latitude) values (511402, 3, '511402', '东坡区', 511400, 'd', null, 103.831553, 30.048128);
insert into bas_area (id, area_level, area_code, area_name, parent_id, letter, baidu_id, longitude, latitude) values (511403, 3, '511403', '彭山区', 511400, 'p', null, 103.851412, 30.200812);
insert into bas_area (id, area_level, area_code, area_name, parent_id, letter, baidu_id, longitude, latitude) values (511421, 3, '511421', '仁寿县', 511400, 'r', null, 104.147646, 29.996721);
insert into bas_area (id, area_level, area_code, area_name, parent_id, letter, baidu_id, longitude, latitude) values (511423, 3, '511423', '洪雅县', 511400, 'h', null, 103.375006, 29.904867);
insert into bas_area (id, area_level, area_code, area_name, parent_id, letter, baidu_id, longitude, latitude) values (511424, 3, '511424', '丹棱县', 511400, 'd', null, 103.518333, 30.012751);
insert into bas_area (id, area_level, area_code, area_name, parent_id, letter, baidu_id, longitude, latitude) values (511425, 3, '511425', '青神县', 511400, 'q', null, 103.846131, 29.831469);
insert into bas_area (id, area_level, area_code, area_name, parent_id, letter, baidu_id, longitude, latitude) values (511500, 2, '511500', '宜宾市', 510000, 'y', 186, 104.630825, 28.760189);
insert into bas_area (id, area_level, area_code, area_name, parent_id, letter, baidu_id, longitude, latitude) values (511502, 3, '511502', '翠屏区', 511500, 'c', null, 104.630231, 28.760179);
insert into bas_area (id, area_level, area_code, area_name, parent_id, letter, baidu_id, longitude, latitude) values (511503, 3, '511503', '南溪区', 511500, 'n', null, 104.981133, 28.839806);
insert into bas_area (id, area_level, area_code, area_name, parent_id, letter, baidu_id, longitude, latitude) values (511521, 3, '511521', '宜宾县', 511500, 'y', null, 104.541489, 28.695678);
insert into bas_area (id, area_level, area_code, area_name, parent_id, letter, baidu_id, longitude, latitude) values (511523, 3, '511523', '江安县', 511500, 'j', null, 105.068697, 28.728102);
insert into bas_area (id, area_level, area_code, area_name, parent_id, letter, baidu_id, longitude, latitude) values (511524, 3, '511524', '长宁县', 511500, 'z', null, 104.921116, 28.577271);
insert into bas_area (id, area_level, area_code, area_name, parent_id, letter, baidu_id, longitude, latitude) values (511525, 3, '511525', '高县', 511500, 'g', null, 104.519187, 28.435676);
insert into bas_area (id, area_level, area_code, area_name, parent_id, letter, baidu_id, longitude, latitude) values (511526, 3, '511526', '珙县', 511500, 'g', null, 104.712268, 28.449041);
insert into bas_area (id, area_level, area_code, area_name, parent_id, letter, baidu_id, longitude, latitude) values (511527, 3, '511527', '筠连县', 511500, 'j', null, 104.507848, 28.162017);
insert into bas_area (id, area_level, area_code, area_name, parent_id, letter, baidu_id, longitude, latitude) values (511528, 3, '511528', '兴文县', 511500, 'x', null, 105.236549, 28.302988);
insert into bas_area (id, area_level, area_code, area_name, parent_id, letter, baidu_id, longitude, latitude) values (511529, 3, '511529', '屏山县', 511500, 'p', null, 104.162617, 28.64237);
insert into bas_area (id, area_level, area_code, area_name, parent_id, letter, baidu_id, longitude, latitude) values (511600, 2, '511600', '广安市', 510000, 'g', 241, 106.633369, 30.456398);
insert into bas_area (id, area_level, area_code, area_name, parent_id, letter, baidu_id, longitude, latitude) values (511602, 3, '511602', '广安区', 511600, 'g', null, 106.632907, 30.456462);
insert into bas_area (id, area_level, area_code, area_name, parent_id, letter, baidu_id, longitude, latitude) values (511603, 3, '511603', '前锋区', 511600, 'q', null, 106.893277, 30.4963);
insert into bas_area (id, area_level, area_code, area_name, parent_id, letter, baidu_id, longitude, latitude) values (511621, 3, '511621', '岳池县', 511600, 'y', null, 106.444451, 30.533538);
insert into bas_area (id, area_level, area_code, area_name, parent_id, letter, baidu_id, longitude, latitude) values (511622, 3, '511622', '武胜县', 511600, 'w', null, 106.292473, 30.344291);
insert into bas_area (id, area_level, area_code, area_name, parent_id, letter, baidu_id, longitude, latitude) values (511623, 3, '511623', '邻水县', 511600, 'l', null, 106.934968, 30.334323);
insert into bas_area (id, area_level, area_code, area_name, parent_id, letter, baidu_id, longitude, latitude) values (511681, 3, '511681', '华蓥市', 511600, 'h', null, 106.777882, 30.380574);
insert into bas_area (id, area_level, area_code, area_name, parent_id, letter, baidu_id, longitude, latitude) values (511700, 2, '511700', '达州市', 510000, 'd', 369, 107.502262, 31.209484);
insert into bas_area (id, area_level, area_code, area_name, parent_id, letter, baidu_id, longitude, latitude) values (511702, 3, '511702', '通川区', 511700, 't', null, 107.501062, 31.213522);
insert into bas_area (id, area_level, area_code, area_name, parent_id, letter, baidu_id, longitude, latitude) values (511703, 3, '511703', '达川区', 511700, 'd', null, 107.507926, 31.199062);
insert into bas_area (id, area_level, area_code, area_name, parent_id, letter, baidu_id, longitude, latitude) values (511722, 3, '511722', '宣汉县', 511700, 'x', null, 107.722254, 31.355025);
insert into bas_area (id, area_level, area_code, area_name, parent_id, letter, baidu_id, longitude, latitude) values (511723, 3, '511723', '开江县', 511700, 'k', null, 107.864135, 31.085537);
insert into bas_area (id, area_level, area_code, area_name, parent_id, letter, baidu_id, longitude, latitude) values (511724, 3, '511724', '大竹县', 511700, 'd', null, 107.20742, 30.736289);
insert into bas_area (id, area_level, area_code, area_name, parent_id, letter, baidu_id, longitude, latitude) values (511725, 3, '511725', '渠县', 511700, 'q', null, 106.970746, 30.836348);
insert into bas_area (id, area_level, area_code, area_name, parent_id, letter, baidu_id, longitude, latitude) values (511781, 3, '511781', '万源市', 511700, 'w', null, 108.037548, 32.06777);
insert into bas_area (id, area_level, area_code, area_name, parent_id, letter, baidu_id, longitude, latitude) values (511800, 2, '511800', '雅安市', 510000, 'y', 76, 103.001033, 29.987722);
insert into bas_area (id, area_level, area_code, area_name, parent_id, letter, baidu_id, longitude, latitude) values (511802, 3, '511802', '雨城区', 511800, 'y', null, 103.003398, 29.981831);
insert into bas_area (id, area_level, area_code, area_name, parent_id, letter, baidu_id, longitude, latitude) values (511803, 3, '511803', '名山区', 511800, 'm', null, 103.112214, 30.084718);
insert into bas_area (id, area_level, area_code, area_name, parent_id, letter, baidu_id, longitude, latitude) values (511822, 3, '511822', '荥经县', 511800, 'y', null, 102.844674, 29.795529);
insert into bas_area (id, area_level, area_code, area_name, parent_id, letter, baidu_id, longitude, latitude) values (511823, 3, '511823', '汉源县', 511800, 'h', null, 102.677145, 29.349915);
insert into bas_area (id, area_level, area_code, area_name, parent_id, letter, baidu_id, longitude, latitude) values (511824, 3, '511824', '石棉县', 511800, 's', null, 102.35962, 29.234063);
insert into bas_area (id, area_level, area_code, area_name, parent_id, letter, baidu_id, longitude, latitude) values (511825, 3, '511825', '天全县', 511800, 't', null, 102.763462, 30.059955);
insert into bas_area (id, area_level, area_code, area_name, parent_id, letter, baidu_id, longitude, latitude) values (511826, 3, '511826', '芦山县', 511800, 'l', null, 102.924016, 30.152907);
insert into bas_area (id, area_level, area_code, area_name, parent_id, letter, baidu_id, longitude, latitude) values (511827, 3, '511827', '宝兴县', 511800, 'b', null, 102.813377, 30.369026);
insert into bas_area (id, area_level, area_code, area_name, parent_id, letter, baidu_id, longitude, latitude) values (511900, 2, '511900', '巴中市', 510000, 'b', 239, 106.753669, 31.858809);
insert into bas_area (id, area_level, area_code, area_name, parent_id, letter, baidu_id, longitude, latitude) values (511902, 3, '511902', '巴州区', 511900, 'b', null, 106.753671, 31.858366);
insert into bas_area (id, area_level, area_code, area_name, parent_id, letter, baidu_id, longitude, latitude) values (511903, 3, '511903', '恩阳区', 511900, 'e', null, 106.486515, 31.816336);
insert into bas_area (id, area_level, area_code, area_name, parent_id, letter, baidu_id, longitude, latitude) values (511921, 3, '511921', '通江县', 511900, 't', null, 107.247621, 31.91212);
insert into bas_area (id, area_level, area_code, area_name, parent_id, letter, baidu_id, longitude, latitude) values (511922, 3, '511922', '南江县', 511900, 'n', null, 106.843418, 32.353164);
insert into bas_area (id, area_level, area_code, area_name, parent_id, letter, baidu_id, longitude, latitude) values (511923, 3, '511923', '平昌县', 511900, 'p', null, 107.101937, 31.562814);
insert into bas_area (id, area_level, area_code, area_name, parent_id, letter, baidu_id, longitude, latitude) values (512000, 2, '512000', '建设中', 510000, 'z', 242, 104.641917, 30.122211);
insert into bas_area (id, area_level, area_code, area_name, parent_id, letter, baidu_id, longitude, latitude) values (512002, 3, '512002', '雁江区', 512000, 'y', null, 104.642338, 30.121686);
insert into bas_area (id, area_level, area_code, area_name, parent_id, letter, baidu_id, longitude, latitude) values (512021, 3, '512021', '安岳县', 512000, 'a', null, 105.336764, 30.099206);
insert into bas_area (id, area_level, area_code, area_name, parent_id, letter, baidu_id, longitude, latitude) values (512022, 3, '512022', '乐至县', 512000, 'l', null, 105.031142, 30.275619);
insert into bas_area (id, area_level, area_code, area_name, parent_id, letter, baidu_id, longitude, latitude) values (513200, 2, '513200', '阿坝藏族羌族自治州', 510000, 'a', 185, 102.221374, 31.899792);
insert into bas_area (id, area_level, area_code, area_name, parent_id, letter, baidu_id, longitude, latitude) values (513201, 3, '513201', '马尔康市', 513200, 'm', null, 102.023304, 32.019303);
insert into bas_area (id, area_level, area_code, area_name, parent_id, letter, baidu_id, longitude, latitude) values (513221, 3, '513221', '汶川县', 513200, 'w', null, 103.580675, 31.47463);
insert into bas_area (id, area_level, area_code, area_name, parent_id, letter, baidu_id, longitude, latitude) values (513222, 3, '513222', '理县', 513200, 'l', null, 103.165486, 31.436764);
insert into bas_area (id, area_level, area_code, area_name, parent_id, letter, baidu_id, longitude, latitude) values (513223, 3, '513223', '茂县', 513200, 'm', null, 103.850684, 31.680407);
insert into bas_area (id, area_level, area_code, area_name, parent_id, letter, baidu_id, longitude, latitude) values (513224, 3, '513224', '松潘县', 513200, 's', null, 103.599177, 32.63838);
insert into bas_area (id, area_level, area_code, area_name, parent_id, letter, baidu_id, longitude, latitude) values (513225, 3, '513225', '九寨沟县', 513200, 'j', null, 104.236344, 33.262097);
insert into bas_area (id, area_level, area_code, area_name, parent_id, letter, baidu_id, longitude, latitude) values (513226, 3, '513226', '金川县', 513200, 'j', null, 102.064647, 31.476356);
insert into bas_area (id, area_level, area_code, area_name, parent_id, letter, baidu_id, longitude, latitude) values (513227, 3, '513227', '小金县', 513200, 'x', null, 102.363193, 30.999016);
insert into bas_area (id, area_level, area_code, area_name, parent_id, letter, baidu_id, longitude, latitude) values (513228, 3, '513228', '黑水县', 513200, 'h', null, 102.990805, 32.061721);
insert into bas_area (id, area_level, area_code, area_name, parent_id, letter, baidu_id, longitude, latitude) values (513230, 3, '513230', '壤塘县', 513200, 'r', null, 100.979136, 32.264887);
insert into bas_area (id, area_level, area_code, area_name, parent_id, letter, baidu_id, longitude, latitude) values (513231, 3, '513231', '阿坝县', 513200, 'a', null, 101.700985, 32.904223);
insert into bas_area (id, area_level, area_code, area_name, parent_id, letter, baidu_id, longitude, latitude) values (513232, 3, '513232', '若尔盖县', 513200, 'r', null, 102.963726, 33.575934);
insert into bas_area (id, area_level, area_code, area_name, parent_id, letter, baidu_id, longitude, latitude) values (513233, 3, '513233', '红原县', 513200, 'h', null, 102.544906, 32.793902);
insert into bas_area (id, area_level, area_code, area_name, parent_id, letter, baidu_id, longitude, latitude) values (513300, 2, '513300', '甘孜藏族自治州', 510000, 'g', 73, 101.963815, 30.050663);
insert into bas_area (id, area_level, area_code, area_name, parent_id, letter, baidu_id, longitude, latitude) values (513301, 3, '513301', '康定市', 513300, 'k', null, 101.75533, 29.957989);
insert into bas_area (id, area_level, area_code, area_name, parent_id, letter, baidu_id, longitude, latitude) values (513322, 3, '513322', '泸定县', 513300, 'l', null, 102.233225, 29.912482);
insert into bas_area (id, area_level, area_code, area_name, parent_id, letter, baidu_id, longitude, latitude) values (513323, 3, '513323', '丹巴县', 513300, 'd', null, 101.886125, 30.877083);
insert into bas_area (id, area_level, area_code, area_name, parent_id, letter, baidu_id, longitude, latitude) values (513324, 3, '513324', '九龙县', 513300, 'j', null, 101.506942, 29.001975);
insert into bas_area (id, area_level, area_code, area_name, parent_id, letter, baidu_id, longitude, latitude) values (513325, 3, '513325', '雅江县', 513300, 'y', null, 101.015735, 30.03225);
insert into bas_area (id, area_level, area_code, area_name, parent_id, letter, baidu_id, longitude, latitude) values (513326, 3, '513326', '道孚县', 513300, 'd', null, 101.123327, 30.978767);
insert into bas_area (id, area_level, area_code, area_name, parent_id, letter, baidu_id, longitude, latitude) values (513327, 3, '513327', '炉霍县', 513300, 'l', null, 100.679495, 31.392674);
insert into bas_area (id, area_level, area_code, area_name, parent_id, letter, baidu_id, longitude, latitude) values (513328, 3, '513328', '甘孜县', 513300, 'g', null, 99.991753, 31.61975);
insert into bas_area (id, area_level, area_code, area_name, parent_id, letter, baidu_id, longitude, latitude) values (513329, 3, '513329', '新龙县', 513300, 'x', null, 100.312094, 30.93896);
insert into bas_area (id, area_level, area_code, area_name, parent_id, letter, baidu_id, longitude, latitude) values (513330, 3, '513330', '德格县', 513300, 'd', null, 98.57999, 31.806729);
insert into bas_area (id, area_level, area_code, area_name, parent_id, letter, baidu_id, longitude, latitude) values (513331, 3, '513331', '白玉县', 513300, 'b', null, 98.824343, 31.208805);
insert into bas_area (id, area_level, area_code, area_name, parent_id, letter, baidu_id, longitude, latitude) values (513332, 3, '513332', '石渠县', 513300, 's', null, 98.100887, 32.975302);
insert into bas_area (id, area_level, area_code, area_name, parent_id, letter, baidu_id, longitude, latitude) values (513333, 3, '513333', '色达县', 513300, 's', null, 100.331657, 32.268777);
insert into bas_area (id, area_level, area_code, area_name, parent_id, letter, baidu_id, longitude, latitude) values (513334, 3, '513334', '理塘县', 513300, 'l', null, 100.269862, 29.991807);
insert into bas_area (id, area_level, area_code, area_name, parent_id, letter, baidu_id, longitude, latitude) values (513335, 3, '513335', '巴塘县', 513300, 'b', null, 99.109037, 30.005723);
insert into bas_area (id, area_level, area_code, area_name, parent_id, letter, baidu_id, longitude, latitude) values (513336, 3, '513336', '乡城县', 513300, 'x', null, 99.799943, 28.930855);
insert into bas_area (id, area_level, area_code, area_name, parent_id, letter, baidu_id, longitude, latitude) values (513337, 3, '513337', '稻城县', 513300, 'd', null, 100.296689, 29.037544);
insert into bas_area (id, area_level, area_code, area_name, parent_id, letter, baidu_id, longitude, latitude) values (513338, 3, '513338', '得荣县', 513300, 'd', null, 99.288036, 28.71134);
insert into bas_area (id, area_level, area_code, area_name, parent_id, letter, baidu_id, longitude, latitude) values (513400, 2, '513400', '凉山彝族自治州', 510000, 'l', 80, 102.258746, 27.886762);
insert into bas_area (id, area_level, area_code, area_name, parent_id, letter, baidu_id, longitude, latitude) values (513401, 3, '513401', '西昌市', 513400, 'x', null, 102.258758, 27.885786);
insert into bas_area (id, area_level, area_code, area_name, parent_id, letter, baidu_id, longitude, latitude) values (513422, 3, '513422', '木里藏族自治县', 513400, 'm', null, 101.280184, 27.926859);
insert into bas_area (id, area_level, area_code, area_name, parent_id, letter, baidu_id, longitude, latitude) values (513423, 3, '513423', '盐源县', 513400, 'y', null, 101.508909, 27.423415);
insert into bas_area (id, area_level, area_code, area_name, parent_id, letter, baidu_id, longitude, latitude) values (513424, 3, '513424', '德昌县', 513400, 'd', null, 102.178845, 27.403827);
insert into bas_area (id, area_level, area_code, area_name, parent_id, letter, baidu_id, longitude, latitude) values (513425, 3, '513425', '会理县', 513400, 'h', null, 102.249548, 26.658702);
insert into bas_area (id, area_level, area_code, area_name, parent_id, letter, baidu_id, longitude, latitude) values (513426, 3, '513426', '会东县', 513400, 'h', null, 102.578985, 26.630713);
insert into bas_area (id, area_level, area_code, area_name, parent_id, letter, baidu_id, longitude, latitude) values (513427, 3, '513427', '宁南县', 513400, 'n', null, 102.757374, 27.065205);
insert into bas_area (id, area_level, area_code, area_name, parent_id, letter, baidu_id, longitude, latitude) values (513428, 3, '513428', '普格县', 513400, 'p', null, 102.541082, 27.376828);
insert into bas_area (id, area_level, area_code, area_name, parent_id, letter, baidu_id, longitude, latitude) values (513429, 3, '513429', '布拖县', 513400, 'b', null, 102.808801, 27.709062);
insert into bas_area (id, area_level, area_code, area_name, parent_id, letter, baidu_id, longitude, latitude) values (513430, 3, '513430', '金阳县', 513400, 'j', null, 103.248704, 27.695916);
insert into bas_area (id, area_level, area_code, area_name, parent_id, letter, baidu_id, longitude, latitude) values (513431, 3, '513431', '昭觉县', 513400, 'z', null, 102.843991, 28.010554);
insert into bas_area (id, area_level, area_code, area_name, parent_id, letter, baidu_id, longitude, latitude) values (513432, 3, '513432', '喜德县', 513400, 'x', null, 102.412342, 28.305486);
insert into bas_area (id, area_level, area_code, area_name, parent_id, letter, baidu_id, longitude, latitude) values (513433, 3, '513433', '冕宁县', 513400, 'm', null, 102.170046, 28.550844);
insert into bas_area (id, area_level, area_code, area_name, parent_id, letter, baidu_id, longitude, latitude) values (513434, 3, '513434', '越西县', 513400, 'y', null, 102.508875, 28.639632);
insert into bas_area (id, area_level, area_code, area_name, parent_id, letter, baidu_id, longitude, latitude) values (513435, 3, '513435', '甘洛县', 513400, 'g', null, 102.775924, 28.977094);
insert into bas_area (id, area_level, area_code, area_name, parent_id, letter, baidu_id, longitude, latitude) values (513436, 3, '513436', '美姑县', 513400, 'm', null, 103.132007, 28.327946);
insert into bas_area (id, area_level, area_code, area_name, parent_id, letter, baidu_id, longitude, latitude) values (513437, 3, '513437', '雷波县', 513400, 'l', null, 103.571584, 28.262946);
insert into bas_area (id, area_level, area_code, area_name, parent_id, letter, baidu_id, longitude, latitude) values (520000, 1, '520000', '贵州省', null, 'g', null, 106.713478, 26.578343);
insert into bas_area (id, area_level, area_code, area_name, parent_id, letter, baidu_id, longitude, latitude) values (520100, 2, '520100', '贵阳市', 520000, 'g', 146, 106.713478, 26.578343);
insert into bas_area (id, area_level, area_code, area_name, parent_id, letter, baidu_id, longitude, latitude) values (520102, 3, '520102', '南明区', 520100, 'n', null, 106.715963, 26.573743);
insert into bas_area (id, area_level, area_code, area_name, parent_id, letter, baidu_id, longitude, latitude) values (520103, 3, '520103', '云岩区', 520100, 'y', null, 106.713397, 26.58301);
insert into bas_area (id, area_level, area_code, area_name, parent_id, letter, baidu_id, longitude, latitude) values (520111, 3, '520111', '花溪区', 520100, 'h', null, 106.670791, 26.410464);
insert into bas_area (id, area_level, area_code, area_name, parent_id, letter, baidu_id, longitude, latitude) values (520112, 3, '520112', '乌当区', 520100, 'w', null, 106.762123, 26.630928);
insert into bas_area (id, area_level, area_code, area_name, parent_id, letter, baidu_id, longitude, latitude) values (520113, 3, '520113', '白云区', 520100, 'b', null, 106.633037, 26.676849);
insert into bas_area (id, area_level, area_code, area_name, parent_id, letter, baidu_id, longitude, latitude) values (520115, 3, '520115', '观山湖区', 520100, 'g', null, 106.626323, 26.646358);
insert into bas_area (id, area_level, area_code, area_name, parent_id, letter, baidu_id, longitude, latitude) values (520121, 3, '520121', '开阳县', 520100, 'k', null, 106.969438, 27.056793);
insert into bas_area (id, area_level, area_code, area_name, parent_id, letter, baidu_id, longitude, latitude) values (520122, 3, '520122', '息烽县', 520100, 'x', null, 106.737693, 27.092665);
insert into bas_area (id, area_level, area_code, area_name, parent_id, letter, baidu_id, longitude, latitude) values (520123, 3, '520123', '修文县', 520100, 'x', null, 106.599218, 26.840672);
insert into bas_area (id, area_level, area_code, area_name, parent_id, letter, baidu_id, longitude, latitude) values (520181, 3, '520181', '清镇市', 520100, 'q', null, 106.470278, 26.551289);
insert into bas_area (id, area_level, area_code, area_name, parent_id, letter, baidu_id, longitude, latitude) values (520200, 2, '520200', '六盘水市', 520000, 'l', 147, 104.846743, 26.584643);
insert into bas_area (id, area_level, area_code, area_name, parent_id, letter, baidu_id, longitude, latitude) values (520201, 3, '520201', '钟山区', 520200, 'z', null, 104.846244, 26.584805);
insert into bas_area (id, area_level, area_code, area_name, parent_id, letter, baidu_id, longitude, latitude) values (520203, 3, '520203', '六枝特区', 520200, 'l', null, 105.474235, 26.210662);
insert into bas_area (id, area_level, area_code, area_name, parent_id, letter, baidu_id, longitude, latitude) values (520221, 3, '520221', '水城县', 520200, 's', null, 104.95685, 26.540478);
insert into bas_area (id, area_level, area_code, area_name, parent_id, letter, baidu_id, longitude, latitude) values (520222, 3, '520222', '盘县', 520200, 'p', null, 104.468367, 25.706966);
insert into bas_area (id, area_level, area_code, area_name, parent_id, letter, baidu_id, longitude, latitude) values (520300, 2, '520300', '遵义市', 520000, 'z', 262, 106.937265, 27.706626);
insert into bas_area (id, area_level, area_code, area_name, parent_id, letter, baidu_id, longitude, latitude) values (520302, 3, '520302', '红花岗区', 520300, 'h', null, 106.943784, 27.694395);
insert into bas_area (id, area_level, area_code, area_name, parent_id, letter, baidu_id, longitude, latitude) values (520303, 3, '520303', '汇川区', 520300, 'h', null, 106.937265, 27.706626);
insert into bas_area (id, area_level, area_code, area_name, parent_id, letter, baidu_id, longitude, latitude) values (520304, 3, '520304', '播州区', 520300, 'b', null, 106.819805, 27.536322);
insert into bas_area (id, area_level, area_code, area_name, parent_id, letter, baidu_id, longitude, latitude) values (520322, 3, '520322', '桐梓县', 520300, 't', null, 106.826591, 28.131559);
insert into bas_area (id, area_level, area_code, area_name, parent_id, letter, baidu_id, longitude, latitude) values (520323, 3, '520323', '绥阳县', 520300, 's', null, 107.191024, 27.951342);
insert into bas_area (id, area_level, area_code, area_name, parent_id, letter, baidu_id, longitude, latitude) values (520324, 3, '520324', '正安县', 520300, 'z', null, 107.441872, 28.550337);
insert into bas_area (id, area_level, area_code, area_name, parent_id, letter, baidu_id, longitude, latitude) values (520325, 3, '520325', '道真仡佬族苗族自治县', 520300, 'd', null, 107.605342, 28.880088);
insert into bas_area (id, area_level, area_code, area_name, parent_id, letter, baidu_id, longitude, latitude) values (520326, 3, '520326', '务川仡佬族苗族自治县', 520300, 'w', null, 107.887857, 28.521567);
insert into bas_area (id, area_level, area_code, area_name, parent_id, letter, baidu_id, longitude, latitude) values (520327, 3, '520327', '凤冈县', 520300, 'f', null, 107.722021, 27.960858);
insert into bas_area (id, area_level, area_code, area_name, parent_id, letter, baidu_id, longitude, latitude) values (520328, 3, '520328', '湄潭县', 520300, 'm', null, 107.485723, 27.765839);
insert into bas_area (id, area_level, area_code, area_name, parent_id, letter, baidu_id, longitude, latitude) values (520329, 3, '520329', '余庆县', 520300, 'y', null, 107.892566, 27.221552);
insert into bas_area (id, area_level, area_code, area_name, parent_id, letter, baidu_id, longitude, latitude) values (520330, 3, '520330', '习水县', 520300, 'x', null, 106.200954, 28.327826);
insert into bas_area (id, area_level, area_code, area_name, parent_id, letter, baidu_id, longitude, latitude) values (520381, 3, '520381', '赤水市', 520300, 'c', null, 105.698116, 28.587057);
insert into bas_area (id, area_level, area_code, area_name, parent_id, letter, baidu_id, longitude, latitude) values (520382, 3, '520382', '仁怀市', 520300, 'r', null, 106.412476, 27.803377);
insert into bas_area (id, area_level, area_code, area_name, parent_id, letter, baidu_id, longitude, latitude) values (520400, 2, '520400', '安顺市', 520000, 'a', 263, 105.932188, 26.245544);
insert into bas_area (id, area_level, area_code, area_name, parent_id, letter, baidu_id, longitude, latitude) values (520402, 3, '520402', '西秀区', 520400, 'x', null, 105.946169, 26.248323);
insert into bas_area (id, area_level, area_code, area_name, parent_id, letter, baidu_id, longitude, latitude) values (520403, 3, '520403', '平坝区', 520400, 'p', null, 106.291404, 26.408768);
insert into bas_area (id, area_level, area_code, area_name, parent_id, letter, baidu_id, longitude, latitude) values (520422, 3, '520422', '普定县', 520400, 'p', null, 105.745609, 26.305794);
insert into bas_area (id, area_level, area_code, area_name, parent_id, letter, baidu_id, longitude, latitude) values (520423, 3, '520423', '镇宁布依族苗族自治县', 520400, 'z', null, 105.768656, 26.056096);
insert into bas_area (id, area_level, area_code, area_name, parent_id, letter, baidu_id, longitude, latitude) values (520424, 3, '520424', '关岭布依族苗族自治县', 520400, 'g', null, 105.618454, 25.944248);
insert into bas_area (id, area_level, area_code, area_name, parent_id, letter, baidu_id, longitude, latitude) values (520425, 3, '520425', '紫云苗族布依族自治县', 520400, 'z', null, 106.084515, 25.751567);
insert into bas_area (id, area_level, area_code, area_name, parent_id, letter, baidu_id, longitude, latitude) values (520500, 2, '520500', '毕节市', 520000, 'b', 206, 105.28501, 27.301693);
insert into bas_area (id, area_level, area_code, area_name, parent_id, letter, baidu_id, longitude, latitude) values (520502, 3, '520502', '七星关区', 520500, 'q', null, 105.284852, 27.302085);
insert into bas_area (id, area_level, area_code, area_name, parent_id, letter, baidu_id, longitude, latitude) values (520521, 3, '520521', '大方县', 520500, 'd', null, 105.609254, 27.143521);
insert into bas_area (id, area_level, area_code, area_name, parent_id, letter, baidu_id, longitude, latitude) values (520522, 3, '520522', '黔西县', 520500, 'q', null, 106.038299, 27.024923);
insert into bas_area (id, area_level, area_code, area_name, parent_id, letter, baidu_id, longitude, latitude) values (520523, 3, '520523', '金沙县', 520500, 'j', null, 106.222103, 27.459693);
insert into bas_area (id, area_level, area_code, area_name, parent_id, letter, baidu_id, longitude, latitude) values (520524, 3, '520524', '织金县', 520500, 'z', null, 105.768997, 26.668497);
insert into bas_area (id, area_level, area_code, area_name, parent_id, letter, baidu_id, longitude, latitude) values (520525, 3, '520525', '纳雍县', 520500, 'n', null, 105.375322, 26.769875);
insert into bas_area (id, area_level, area_code, area_name, parent_id, letter, baidu_id, longitude, latitude) values (520526, 3, '520526', '威宁彝族回族苗族自治县', 520500, 'w', null, 104.286523, 26.859099);
insert into bas_area (id, area_level, area_code, area_name, parent_id, letter, baidu_id, longitude, latitude) values (520527, 3, '520527', '赫章县', 520500, 'h', null, 104.726438, 27.119243);
insert into bas_area (id, area_level, area_code, area_name, parent_id, letter, baidu_id, longitude, latitude) values (520600, 2, '520600', '铜仁市', 520000, 't', 205, 109.191555, 27.718346);
insert into bas_area (id, area_level, area_code, area_name, parent_id, letter, baidu_id, longitude, latitude) values (520602, 3, '520602', '碧江区', 520600, 'b', null, 109.192117, 27.718745);
insert into bas_area (id, area_level, area_code, area_name, parent_id, letter, baidu_id, longitude, latitude) values (520603, 3, '520603', '万山区', 520600, 'w', null, 109.21199, 27.51903);
insert into bas_area (id, area_level, area_code, area_name, parent_id, letter, baidu_id, longitude, latitude) values (520621, 3, '520621', '江口县', 520600, 'j', null, 108.848427, 27.691904);
insert into bas_area (id, area_level, area_code, area_name, parent_id, letter, baidu_id, longitude, latitude) values (520622, 3, '520622', '玉屏侗族自治县', 520600, 'y', null, 108.917882, 27.238024);
insert into bas_area (id, area_level, area_code, area_name, parent_id, letter, baidu_id, longitude, latitude) values (520623, 3, '520623', '石阡县', 520600, 's', null, 108.229854, 27.519386);
insert into bas_area (id, area_level, area_code, area_name, parent_id, letter, baidu_id, longitude, latitude) values (520624, 3, '520624', '思南县', 520600, 's', null, 108.255827, 27.941331);
insert into bas_area (id, area_level, area_code, area_name, parent_id, letter, baidu_id, longitude, latitude) values (520625, 3, '520625', '印江土家族苗族自治县', 520600, 'y', null, 108.405517, 27.997976);
insert into bas_area (id, area_level, area_code, area_name, parent_id, letter, baidu_id, longitude, latitude) values (520626, 3, '520626', '德江县', 520600, 'd', null, 108.117317, 28.26094);
insert into bas_area (id, area_level, area_code, area_name, parent_id, letter, baidu_id, longitude, latitude) values (520627, 3, '520627', '沿河土家族自治县', 520600, 'y', null, 108.495746, 28.560487);
insert into bas_area (id, area_level, area_code, area_name, parent_id, letter, baidu_id, longitude, latitude) values (520628, 3, '520628', '松桃苗族自治县', 520600, 's', null, 109.202627, 28.165419);
insert into bas_area (id, area_level, area_code, area_name, parent_id, letter, baidu_id, longitude, latitude) values (522300, 2, '522300', '黔西南布依族苗族自治州', 520000, 'q', 343, 104.897971, 25.08812);
insert into bas_area (id, area_level, area_code, area_name, parent_id, letter, baidu_id, longitude, latitude) values (522301, 3, '522301', '兴义市', 522300, 'x', null, 104.897982, 25.088599);
insert into bas_area (id, area_level, area_code, area_name, parent_id, letter, baidu_id, longitude, latitude) values (522322, 3, '522322', '兴仁县', 522300, 'x', null, 105.192778, 25.431378);
insert into bas_area (id, area_level, area_code, area_name, parent_id, letter, baidu_id, longitude, latitude) values (522323, 3, '522323', '普安县', 522300, 'p', null, 104.955347, 25.786404);
insert into bas_area (id, area_level, area_code, area_name, parent_id, letter, baidu_id, longitude, latitude) values (522324, 3, '522324', '晴隆县', 522300, 'q', null, 105.218773, 25.832881);
insert into bas_area (id, area_level, area_code, area_name, parent_id, letter, baidu_id, longitude, latitude) values (522325, 3, '522325', '贞丰县', 522300, 'z', null, 105.650133, 25.385752);
insert into bas_area (id, area_level, area_code, area_name, parent_id, letter, baidu_id, longitude, latitude) values (522326, 3, '522326', '望谟县', 522300, 'w', null, 106.091563, 25.166667);
insert into bas_area (id, area_level, area_code, area_name, parent_id, letter, baidu_id, longitude, latitude) values (522327, 3, '522327', '册亨县', 522300, 'c', null, 105.81241, 24.983338);
insert into bas_area (id, area_level, area_code, area_name, parent_id, letter, baidu_id, longitude, latitude) values (522328, 3, '522328', '安龙县', 522300, 'a', null, 105.471498, 25.108959);
insert into bas_area (id, area_level, area_code, area_name, parent_id, letter, baidu_id, longitude, latitude) values (522600, 2, '522600', '黔东南苗族侗族自治州', 520000, 'q', 342, 107.977488, 26.583352);
insert into bas_area (id, area_level, area_code, area_name, parent_id, letter, baidu_id, longitude, latitude) values (522601, 3, '522601', '凯里市', 522600, 'k', null, 107.977541, 26.582964);
insert into bas_area (id, area_level, area_code, area_name, parent_id, letter, baidu_id, longitude, latitude) values (522622, 3, '522622', '黄平县', 522600, 'h', null, 107.901337, 26.896973);
insert into bas_area (id, area_level, area_code, area_name, parent_id, letter, baidu_id, longitude, latitude) values (522623, 3, '522623', '施秉县', 522600, 's', null, 108.12678, 27.034657);
insert into bas_area (id, area_level, area_code, area_name, parent_id, letter, baidu_id, longitude, latitude) values (522624, 3, '522624', '三穗县', 522600, 's', null, 108.681121, 26.959884);
insert into bas_area (id, area_level, area_code, area_name, parent_id, letter, baidu_id, longitude, latitude) values (522625, 3, '522625', '镇远县', 522600, 'z', null, 108.423656, 27.050233);
insert into bas_area (id, area_level, area_code, area_name, parent_id, letter, baidu_id, longitude, latitude) values (522626, 3, '522626', '岑巩县', 522600, 'c', null, 108.816459, 27.173244);
insert into bas_area (id, area_level, area_code, area_name, parent_id, letter, baidu_id, longitude, latitude) values (522627, 3, '522627', '天柱县', 522600, 't', null, 109.212798, 26.909684);
insert into bas_area (id, area_level, area_code, area_name, parent_id, letter, baidu_id, longitude, latitude) values (522628, 3, '522628', '锦屏县', 522600, 'j', null, 109.20252, 26.680625);
insert into bas_area (id, area_level, area_code, area_name, parent_id, letter, baidu_id, longitude, latitude) values (522629, 3, '522629', '剑河县', 522600, 'j', null, 108.440499, 26.727349);
insert into bas_area (id, area_level, area_code, area_name, parent_id, letter, baidu_id, longitude, latitude) values (522630, 3, '522630', '台江县', 522600, 't', null, 108.314637, 26.669138);
insert into bas_area (id, area_level, area_code, area_name, parent_id, letter, baidu_id, longitude, latitude) values (522631, 3, '522631', '黎平县', 522600, 'l', null, 109.136504, 26.230636);
insert into bas_area (id, area_level, area_code, area_name, parent_id, letter, baidu_id, longitude, latitude) values (522632, 3, '522632', '榕江县', 522600, 'r', null, 108.521026, 25.931085);
insert into bas_area (id, area_level, area_code, area_name, parent_id, letter, baidu_id, longitude, latitude) values (522633, 3, '522633', '从江县', 522600, 'c', null, 108.912648, 25.747058);
insert into bas_area (id, area_level, area_code, area_name, parent_id, letter, baidu_id, longitude, latitude) values (522634, 3, '522634', '雷山县', 522600, 'l', null, 108.079613, 26.381027);
insert into bas_area (id, area_level, area_code, area_name, parent_id, letter, baidu_id, longitude, latitude) values (522635, 3, '522635', '麻江县', 522600, 'm', null, 107.593172, 26.494803);
insert into bas_area (id, area_level, area_code, area_name, parent_id, letter, baidu_id, longitude, latitude) values (522636, 3, '522636', '丹寨县', 522600, 'd', null, 107.794808, 26.199497);
insert into bas_area (id, area_level, area_code, area_name, parent_id, letter, baidu_id, longitude, latitude) values (522700, 2, '522700', '黔南布依族苗族自治州', 520000, 'q', 306, 107.517156, 26.258219);
insert into bas_area (id, area_level, area_code, area_name, parent_id, letter, baidu_id, longitude, latitude) values (522701, 3, '522701', '都匀市', 522700, 'd', null, 107.517021, 26.258205);
insert into bas_area (id, area_level, area_code, area_name, parent_id, letter, baidu_id, longitude, latitude) values (522702, 3, '522702', '福泉市', 522700, 'f', null, 107.513508, 26.702508);
insert into bas_area (id, area_level, area_code, area_name, parent_id, letter, baidu_id, longitude, latitude) values (522722, 3, '522722', '荔波县', 522700, 'l', null, 107.8838, 25.412239);
insert into bas_area (id, area_level, area_code, area_name, parent_id, letter, baidu_id, longitude, latitude) values (522723, 3, '522723', '贵定县', 522700, 'g', null, 107.233588, 26.580807);
insert into bas_area (id, area_level, area_code, area_name, parent_id, letter, baidu_id, longitude, latitude) values (522725, 3, '522725', '瓮安县', 522700, 'w', null, 107.478417, 27.066339);
insert into bas_area (id, area_level, area_code, area_name, parent_id, letter, baidu_id, longitude, latitude) values (522726, 3, '522726', '独山县', 522700, 'd', null, 107.542757, 25.826283);
insert into bas_area (id, area_level, area_code, area_name, parent_id, letter, baidu_id, longitude, latitude) values (522727, 3, '522727', '平塘县', 522700, 'p', null, 107.32405, 25.831803);
insert into bas_area (id, area_level, area_code, area_name, parent_id, letter, baidu_id, longitude, latitude) values (522728, 3, '522728', '罗甸县', 522700, 'l', null, 106.750006, 25.429894);
insert into bas_area (id, area_level, area_code, area_name, parent_id, letter, baidu_id, longitude, latitude) values (522729, 3, '522729', '长顺县', 522700, 'z', null, 106.447376, 26.022116);
insert into bas_area (id, area_level, area_code, area_name, parent_id, letter, baidu_id, longitude, latitude) values (522730, 3, '522730', '龙里县', 522700, 'l', null, 106.977733, 26.448809);
insert into bas_area (id, area_level, area_code, area_name, parent_id, letter, baidu_id, longitude, latitude) values (522731, 3, '522731', '惠水县', 522700, 'h', null, 106.657848, 26.128637);
insert into bas_area (id, area_level, area_code, area_name, parent_id, letter, baidu_id, longitude, latitude) values (522732, 3, '522732', '三都水族自治县', 522700, 's', null, 107.87747, 25.985183);
insert into bas_area (id, area_level, area_code, area_name, parent_id, letter, baidu_id, longitude, latitude) values (530000, 1, '530000', '云南省', null, 'y', null, 102.712251, 25.040609);
insert into bas_area (id, area_level, area_code, area_name, parent_id, letter, baidu_id, longitude, latitude) values (530100, 2, '530100', '昆明市', 530000, 'k', 104, 102.712251, 25.040609);
insert into bas_area (id, area_level, area_code, area_name, parent_id, letter, baidu_id, longitude, latitude) values (530102, 3, '530102', '五华区', 530100, 'w', null, 102.704412, 25.042165);
insert into bas_area (id, area_level, area_code, area_name, parent_id, letter, baidu_id, longitude, latitude) values (530103, 3, '530103', '盘龙区', 530100, 'p', null, 102.729044, 25.070239);
insert into bas_area (id, area_level, area_code, area_name, parent_id, letter, baidu_id, longitude, latitude) values (530111, 3, '530111', '官渡区', 530100, 'g', null, 102.723437, 25.021211);
insert into bas_area (id, area_level, area_code, area_name, parent_id, letter, baidu_id, longitude, latitude) values (530112, 3, '530112', '西山区', 530100, 'x', null, 102.705904, 25.02436);
insert into bas_area (id, area_level, area_code, area_name, parent_id, letter, baidu_id, longitude, latitude) values (530113, 3, '530113', '东川区', 530100, 'd', null, 103.182, 26.08349);
insert into bas_area (id, area_level, area_code, area_name, parent_id, letter, baidu_id, longitude, latitude) values (530114, 3, '530114', '呈贡区', 530100, 'c', null, 102.801382, 24.889275);
insert into bas_area (id, area_level, area_code, area_name, parent_id, letter, baidu_id, longitude, latitude) values (530122, 3, '530122', '晋宁县', 530100, 'j', null, 102.594987, 24.666944);
insert into bas_area (id, area_level, area_code, area_name, parent_id, letter, baidu_id, longitude, latitude) values (530124, 3, '530124', '富民县', 530100, 'f', null, 102.497888, 25.219667);
insert into bas_area (id, area_level, area_code, area_name, parent_id, letter, baidu_id, longitude, latitude) values (530125, 3, '530125', '宜良县', 530100, 'y', null, 103.145989, 24.918215);
insert into bas_area (id, area_level, area_code, area_name, parent_id, letter, baidu_id, longitude, latitude) values (530126, 3, '530126', '石林彝族自治县', 530100, 's', null, 103.271962, 24.754545);
insert into bas_area (id, area_level, area_code, area_name, parent_id, letter, baidu_id, longitude, latitude) values (530127, 3, '530127', '嵩明县', 530100, 's', null, 103.038777, 25.335087);
insert into bas_area (id, area_level, area_code, area_name, parent_id, letter, baidu_id, longitude, latitude) values (530128, 3, '530128', '禄劝彝族苗族自治县', 530100, 'l', null, 102.46905, 25.556533);
insert into bas_area (id, area_level, area_code, area_name, parent_id, letter, baidu_id, longitude, latitude) values (530129, 3, '530129', '寻甸回族彝族自治县', 530100, 'x', null, 103.257588, 25.559474);
insert into bas_area (id, area_level, area_code, area_name, parent_id, letter, baidu_id, longitude, latitude) values (530181, 3, '530181', '安宁市', 530100, 'a', null, 102.485544, 24.921785);
insert into bas_area (id, area_level, area_code, area_name, parent_id, letter, baidu_id, longitude, latitude) values (530300, 2, '530300', '曲靖市', 530000, 'q', 249, 103.797851, 25.501557);
insert into bas_area (id, area_level, area_code, area_name, parent_id, letter, baidu_id, longitude, latitude) values (530302, 3, '530302', '麒麟区', 530300, 'q', null, 103.798054, 25.501269);
insert into bas_area (id, area_level, area_code, area_name, parent_id, letter, baidu_id, longitude, latitude) values (530303, 3, '530303', '沾益区', 530300, 'z', null, 103.846238, 25.78671);
insert into bas_area (id, area_level, area_code, area_name, parent_id, letter, baidu_id, longitude, latitude) values (530321, 3, '530321', '马龙县', 530300, 'm', null, 103.578755, 25.429451);
insert into bas_area (id, area_level, area_code, area_name, parent_id, letter, baidu_id, longitude, latitude) values (530322, 3, '530322', '陆良县', 530300, 'l', null, 103.655233, 25.022878);
insert into bas_area (id, area_level, area_code, area_name, parent_id, letter, baidu_id, longitude, latitude) values (530323, 3, '530323', '师宗县', 530300, 's', null, 103.993808, 24.825681);
insert into bas_area (id, area_level, area_code, area_name, parent_id, letter, baidu_id, longitude, latitude) values (530324, 3, '530324', '罗平县', 530300, 'l', null, 104.309263, 24.885708);
insert into bas_area (id, area_level, area_code, area_name, parent_id, letter, baidu_id, longitude, latitude) values (530325, 3, '530325', '富源县', 530300, 'f', null, 104.25692, 25.67064);
insert into bas_area (id, area_level, area_code, area_name, parent_id, letter, baidu_id, longitude, latitude) values (530326, 3, '530326', '会泽县', 530300, 'h', null, 103.300041, 26.412861);
insert into bas_area (id, area_level, area_code, area_name, parent_id, letter, baidu_id, longitude, latitude) values (530381, 3, '530381', '宣威市', 530300, 'x', null, 104.09554, 26.227777);
insert into bas_area (id, area_level, area_code, area_name, parent_id, letter, baidu_id, longitude, latitude) values (530400, 2, '530400', '玉溪市', 530000, 'y', 106, 102.543907, 24.350461);
insert into bas_area (id, area_level, area_code, area_name, parent_id, letter, baidu_id, longitude, latitude) values (530402, 3, '530402', '红塔区', 530400, 'h', null, 102.543468, 24.350753);
insert into bas_area (id, area_level, area_code, area_name, parent_id, letter, baidu_id, longitude, latitude) values (530403, 3, '530403', '江川区', 530400, 'j', null, 102.769728, 24.357607);
insert into bas_area (id, area_level, area_code, area_name, parent_id, letter, baidu_id, longitude, latitude) values (530422, 3, '530422', '澄江县', 530400, 'c', null, 102.916652, 24.669679);
insert into bas_area (id, area_level, area_code, area_name, parent_id, letter, baidu_id, longitude, latitude) values (530423, 3, '530423', '通海县', 530400, 't', null, 102.760039, 24.112205);
insert into bas_area (id, area_level, area_code, area_name, parent_id, letter, baidu_id, longitude, latitude) values (530424, 3, '530424', '华宁县', 530400, 'h', null, 102.928982, 24.189807);
insert into bas_area (id, area_level, area_code, area_name, parent_id, letter, baidu_id, longitude, latitude) values (530425, 3, '530425', '易门县', 530400, 'y', null, 102.16211, 24.669598);
insert into bas_area (id, area_level, area_code, area_name, parent_id, letter, baidu_id, longitude, latitude) values (530426, 3, '530426', '峨山彝族自治县', 530400, 'e', null, 102.404358, 24.173256);
insert into bas_area (id, area_level, area_code, area_name, parent_id, letter, baidu_id, longitude, latitude) values (530427, 3, '530427', '新平彝族傣族自治县', 530400, 'x', null, 101.990903, 24.0664);
insert into bas_area (id, area_level, area_code, area_name, parent_id, letter, baidu_id, longitude, latitude) values (530428, 3, '530428', '元江哈尼族彝族傣族自治县', 530400, 'y', null, 101.999658, 23.597618);
insert into bas_area (id, area_level, area_code, area_name, parent_id, letter, baidu_id, longitude, latitude) values (530500, 2, '530500', '保山市', 530000, 'b', 112, 99.167133, 25.111802);
insert into bas_area (id, area_level, area_code, area_name, parent_id, letter, baidu_id, longitude, latitude) values (530502, 3, '530502', '隆阳区', 530500, 'l', null, 99.165825, 25.112144);
insert into bas_area (id, area_level, area_code, area_name, parent_id, letter, baidu_id, longitude, latitude) values (530521, 3, '530521', '施甸县', 530500, 's', null, 99.183758, 24.730847);
insert into bas_area (id, area_level, area_code, area_name, parent_id, letter, baidu_id, longitude, latitude) values (530523, 3, '530523', '龙陵县', 530500, 'l', null, 98.693567, 24.591912);
insert into bas_area (id, area_level, area_code, area_name, parent_id, letter, baidu_id, longitude, latitude) values (530524, 3, '530524', '昌宁县', 530500, 'c', null, 99.612344, 24.823662);
insert into bas_area (id, area_level, area_code, area_name, parent_id, letter, baidu_id, longitude, latitude) values (530581, 3, '530581', '腾冲市', 530500, 't', null, 98.4999883, 25.279978);
insert into bas_area (id, area_level, area_code, area_name, parent_id, letter, baidu_id, longitude, latitude) values (530600, 2, '530600', '昭通市', 530000, 'z', 336, 103.717216, 27.336999);
insert into bas_area (id, area_level, area_code, area_name, parent_id, letter, baidu_id, longitude, latitude) values (530602, 3, '530602', '昭阳区', 530600, 'z', null, 103.717267, 27.336636);
insert into bas_area (id, area_level, area_code, area_name, parent_id, letter, baidu_id, longitude, latitude) values (530621, 3, '530621', '鲁甸县', 530600, 'l', null, 103.549333, 27.191637);
insert into bas_area (id, area_level, area_code, area_name, parent_id, letter, baidu_id, longitude, latitude) values (530622, 3, '530622', '巧家县', 530600, 'q', null, 102.929284, 26.9117);
insert into bas_area (id, area_level, area_code, area_name, parent_id, letter, baidu_id, longitude, latitude) values (530623, 3, '530623', '盐津县', 530600, 'y', null, 104.23506, 28.106923);
insert into bas_area (id, area_level, area_code, area_name, parent_id, letter, baidu_id, longitude, latitude) values (530624, 3, '530624', '大关县', 530600, 'd', null, 103.891608, 27.747114);
insert into bas_area (id, area_level, area_code, area_name, parent_id, letter, baidu_id, longitude, latitude) values (530625, 3, '530625', '永善县', 530600, 'y', null, 103.63732, 28.231526);
insert into bas_area (id, area_level, area_code, area_name, parent_id, letter, baidu_id, longitude, latitude) values (530626, 3, '530626', '绥江县', 530600, 's', null, 103.961095, 28.599953);
insert into bas_area (id, area_level, area_code, area_name, parent_id, letter, baidu_id, longitude, latitude) values (530627, 3, '530627', '镇雄县', 530600, 'z', null, 104.873055, 27.436267);
insert into bas_area (id, area_level, area_code, area_name, parent_id, letter, baidu_id, longitude, latitude) values (530628, 3, '530628', '彝良县', 530600, 'y', null, 104.048492, 27.627425);
insert into bas_area (id, area_level, area_code, area_name, parent_id, letter, baidu_id, longitude, latitude) values (530629, 3, '530629', '威信县', 530600, 'w', null, 105.04869, 27.843381);
insert into bas_area (id, area_level, area_code, area_name, parent_id, letter, baidu_id, longitude, latitude) values (530630, 3, '530630', '水富县', 530600, 's', null, 104.415376, 28.629688);
insert into bas_area (id, area_level, area_code, area_name, parent_id, letter, baidu_id, longitude, latitude) values (530700, 2, '530700', '丽江市', 530000, 'l', 114, 100.233026, 26.872108);
insert into bas_area (id, area_level, area_code, area_name, parent_id, letter, baidu_id, longitude, latitude) values (530702, 3, '530702', '古城区', 530700, 'g', null, 100.234412, 26.872229);
insert into bas_area (id, area_level, area_code, area_name, parent_id, letter, baidu_id, longitude, latitude) values (530721, 3, '530721', '玉龙纳西族自治县', 530700, 'y', null, 100.238312, 26.830593);
insert into bas_area (id, area_level, area_code, area_name, parent_id, letter, baidu_id, longitude, latitude) values (530722, 3, '530722', '永胜县', 530700, 'y', null, 100.750901, 26.685623);
insert into bas_area (id, area_level, area_code, area_name, parent_id, letter, baidu_id, longitude, latitude) values (530723, 3, '530723', '华坪县', 530700, 'h', null, 101.267796, 26.628834);
insert into bas_area (id, area_level, area_code, area_name, parent_id, letter, baidu_id, longitude, latitude) values (530724, 3, '530724', '宁蒗彝族自治县', 530700, 'n', null, 100.852427, 27.281109);
insert into bas_area (id, area_level, area_code, area_name, parent_id, letter, baidu_id, longitude, latitude) values (530800, 2, '530800', '普洱市', 530000, 'p', 108, 100.972344, 22.777321);
insert into bas_area (id, area_level, area_code, area_name, parent_id, letter, baidu_id, longitude, latitude) values (530802, 3, '530802', '思茅区', 530800, 's', null, 100.973227, 22.776595);
insert into bas_area (id, area_level, area_code, area_name, parent_id, letter, baidu_id, longitude, latitude) values (530821, 3, '530821', '宁洱哈尼族彝族自治县', 530800, 'n', null, 101.04524, 23.062507);
insert into bas_area (id, area_level, area_code, area_name, parent_id, letter, baidu_id, longitude, latitude) values (530822, 3, '530822', '墨江哈尼族自治县', 530800, 'm', null, 101.687606, 23.428165);
insert into bas_area (id, area_level, area_code, area_name, parent_id, letter, baidu_id, longitude, latitude) values (530823, 3, '530823', '景东彝族自治县', 530800, 'j', null, 100.840011, 24.448523);
insert into bas_area (id, area_level, area_code, area_name, parent_id, letter, baidu_id, longitude, latitude) values (530824, 3, '530824', '景谷傣族彝族自治县', 530800, 'j', null, 100.701425, 23.500278);
insert into bas_area (id, area_level, area_code, area_name, parent_id, letter, baidu_id, longitude, latitude) values (530825, 3, '530825', '镇沅彝族哈尼族拉祜族自治县', 530800, 'z', null, 101.108512, 24.005712);
insert into bas_area (id, area_level, area_code, area_name, parent_id, letter, baidu_id, longitude, latitude) values (530826, 3, '530826', '江城哈尼族彝族自治县', 530800, 'j', null, 101.859144, 22.58336);
insert into bas_area (id, area_level, area_code, area_name, parent_id, letter, baidu_id, longitude, latitude) values (530827, 3, '530827', '孟连傣族拉祜族佤族自治县', 530800, 'm', null, 99.585406, 22.325924);
insert into bas_area (id, area_level, area_code, area_name, parent_id, letter, baidu_id, longitude, latitude) values (530828, 3, '530828', '澜沧拉祜族自治县', 530800, 'l', null, 99.931201, 22.553083);
insert into bas_area (id, area_level, area_code, area_name, parent_id, letter, baidu_id, longitude, latitude) values (530829, 3, '530829', '西盟佤族自治县', 530800, 'x', null, 99.594372, 22.644423);
insert into bas_area (id, area_level, area_code, area_name, parent_id, letter, baidu_id, longitude, latitude) values (530900, 2, '530900', '临沧市', 530000, 'l', 110, 100.08697, 23.886567);
insert into bas_area (id, area_level, area_code, area_name, parent_id, letter, baidu_id, longitude, latitude) values (530902, 3, '530902', '临翔区', 530900, 'l', null, 100.086486, 23.886562);
insert into bas_area (id, area_level, area_code, area_name, parent_id, letter, baidu_id, longitude, latitude) values (530921, 3, '530921', '凤庆县', 530900, 'f', null, 99.91871, 24.592738);
insert into bas_area (id, area_level, area_code, area_name, parent_id, letter, baidu_id, longitude, latitude) values (530922, 3, '530922', '云县', 530900, 'y', null, 100.125637, 24.439026);
insert into bas_area (id, area_level, area_code, area_name, parent_id, letter, baidu_id, longitude, latitude) values (530923, 3, '530923', '永德县', 530900, 'y', null, 99.253679, 24.028159);
insert into bas_area (id, area_level, area_code, area_name, parent_id, letter, baidu_id, longitude, latitude) values (530924, 3, '530924', '镇康县', 530900, 'z', null, 98.82743, 23.761415);
insert into bas_area (id, area_level, area_code, area_name, parent_id, letter, baidu_id, longitude, latitude) values (530925, 3, '530925', '双江拉祜族佤族布朗族傣族自治县', 530900, 's', null, 99.824419, 23.477476);
insert into bas_area (id, area_level, area_code, area_name, parent_id, letter, baidu_id, longitude, latitude) values (530926, 3, '530926', '耿马傣族佤族自治县', 530900, 'g', null, 99.402495, 23.534579);
insert into bas_area (id, area_level, area_code, area_name, parent_id, letter, baidu_id, longitude, latitude) values (530927, 3, '530927', '沧源佤族自治县', 530900, 'c', null, 99.2474, 23.146887);
insert into bas_area (id, area_level, area_code, area_name, parent_id, letter, baidu_id, longitude, latitude) values (532300, 2, '532300', '楚雄彝族自治州', 530000, 'c', 105, 101.546046, 25.041988);
insert into bas_area (id, area_level, area_code, area_name, parent_id, letter, baidu_id, longitude, latitude) values (532301, 3, '532301', '楚雄市', 532300, 'c', null, 101.546145, 25.040912);
insert into bas_area (id, area_level, area_code, area_name, parent_id, letter, baidu_id, longitude, latitude) values (532322, 3, '532322', '双柏县', 532300, 's', null, 101.63824, 24.685094);
insert into bas_area (id, area_level, area_code, area_name, parent_id, letter, baidu_id, longitude, latitude) values (532323, 3, '532323', '牟定县', 532300, 'm', null, 101.543044, 25.312111);
insert into bas_area (id, area_level, area_code, area_name, parent_id, letter, baidu_id, longitude, latitude) values (532324, 3, '532324', '南华县', 532300, 'n', null, 101.274991, 25.192408);
insert into bas_area (id, area_level, area_code, area_name, parent_id, letter, baidu_id, longitude, latitude) values (532325, 3, '532325', '姚安县', 532300, 'y', null, 101.238399, 25.505403);
insert into bas_area (id, area_level, area_code, area_name, parent_id, letter, baidu_id, longitude, latitude) values (532326, 3, '532326', '大姚县', 532300, 'd', null, 101.323602, 25.722348);
insert into bas_area (id, area_level, area_code, area_name, parent_id, letter, baidu_id, longitude, latitude) values (532327, 3, '532327', '永仁县', 532300, 'y', null, 101.671175, 26.056316);
insert into bas_area (id, area_level, area_code, area_name, parent_id, letter, baidu_id, longitude, latitude) values (532328, 3, '532328', '元谋县', 532300, 'y', null, 101.870837, 25.703313);
insert into bas_area (id, area_level, area_code, area_name, parent_id, letter, baidu_id, longitude, latitude) values (532329, 3, '532329', '武定县', 532300, 'w', null, 102.406785, 25.5301);
insert into bas_area (id, area_level, area_code, area_name, parent_id, letter, baidu_id, longitude, latitude) values (532331, 3, '532331', '禄丰县', 532300, 'l', null, 102.075694, 25.14327);
insert into bas_area (id, area_level, area_code, area_name, parent_id, letter, baidu_id, longitude, latitude) values (532500, 2, '532500', '红河哈尼族彝族自治州', 530000, 'h', 107, 103.384182, 23.366775);
insert into bas_area (id, area_level, area_code, area_name, parent_id, letter, baidu_id, longitude, latitude) values (532501, 3, '532501', '个旧市', 532500, 'g', null, 103.154752, 23.360383);
insert into bas_area (id, area_level, area_code, area_name, parent_id, letter, baidu_id, longitude, latitude) values (532502, 3, '532502', '开远市', 532500, 'k', null, 103.258679, 23.713832);
insert into bas_area (id, area_level, area_code, area_name, parent_id, letter, baidu_id, longitude, latitude) values (532503, 3, '532503', '蒙自市', 532500, 'm', null, 103.385005, 23.366843);
insert into bas_area (id, area_level, area_code, area_name, parent_id, letter, baidu_id, longitude, latitude) values (532504, 3, '532504', '弥勒市', 532500, 'm', null, 103.436988, 24.40837);
insert into bas_area (id, area_level, area_code, area_name, parent_id, letter, baidu_id, longitude, latitude) values (532523, 3, '532523', '屏边苗族自治县', 532500, 'p', null, 103.687229, 22.987013);
insert into bas_area (id, area_level, area_code, area_name, parent_id, letter, baidu_id, longitude, latitude) values (532524, 3, '532524', '建水县', 532500, 'j', null, 102.820493, 23.618387);
insert into bas_area (id, area_level, area_code, area_name, parent_id, letter, baidu_id, longitude, latitude) values (532525, 3, '532525', '石屏县', 532500, 's', null, 102.484469, 23.712569);
insert into bas_area (id, area_level, area_code, area_name, parent_id, letter, baidu_id, longitude, latitude) values (532527, 3, '532527', '泸西县', 532500, 'l', null, 103.759622, 24.532368);
insert into bas_area (id, area_level, area_code, area_name, parent_id, letter, baidu_id, longitude, latitude) values (532528, 3, '532528', '元阳县', 532500, 'y', null, 102.837056, 23.219773);
insert into bas_area (id, area_level, area_code, area_name, parent_id, letter, baidu_id, longitude, latitude) values (532529, 3, '532529', '红河县', 532500, 'h', null, 102.42121, 23.369191);
insert into bas_area (id, area_level, area_code, area_name, parent_id, letter, baidu_id, longitude, latitude) values (532530, 3, '532530', '金平苗族瑶族傣族自治县', 532500, 'j', null, 103.228359, 22.779982);
insert into bas_area (id, area_level, area_code, area_name, parent_id, letter, baidu_id, longitude, latitude) values (532531, 3, '532531', '绿春县', 532500, 'l', null, 102.39286, 22.99352);
insert into bas_area (id, area_level, area_code, area_name, parent_id, letter, baidu_id, longitude, latitude) values (532532, 3, '532532', '河口瑶族自治县', 532500, 'h', null, 103.961593, 22.507563);
insert into bas_area (id, area_level, area_code, area_name, parent_id, letter, baidu_id, longitude, latitude) values (532600, 2, '532600', '文山壮族苗族自治州', 530000, 'w', 177, 104.24401, 23.36951);
insert into bas_area (id, area_level, area_code, area_name, parent_id, letter, baidu_id, longitude, latitude) values (532601, 3, '532601', '文山市', 532600, 'w', null, 104.244277, 23.369216);
insert into bas_area (id, area_level, area_code, area_name, parent_id, letter, baidu_id, longitude, latitude) values (532622, 3, '532622', '砚山县', 532600, 'y', null, 104.343989, 23.612301);
insert into bas_area (id, area_level, area_code, area_name, parent_id, letter, baidu_id, longitude, latitude) values (532623, 3, '532623', '西畴县', 532600, 'x', null, 104.675711, 23.437439);
insert into bas_area (id, area_level, area_code, area_name, parent_id, letter, baidu_id, longitude, latitude) values (532624, 3, '532624', '麻栗坡县', 532600, 'm', null, 104.701899, 23.124202);
insert into bas_area (id, area_level, area_code, area_name, parent_id, letter, baidu_id, longitude, latitude) values (532625, 3, '532625', '马关县', 532600, 'm', null, 104.398619, 23.011723);
insert into bas_area (id, area_level, area_code, area_name, parent_id, letter, baidu_id, longitude, latitude) values (532626, 3, '532626', '丘北县', 532600, 'q', null, 104.194366, 24.040982);
insert into bas_area (id, area_level, area_code, area_name, parent_id, letter, baidu_id, longitude, latitude) values (532627, 3, '532627', '广南县', 532600, 'g', null, 105.056684, 24.050272);
insert into bas_area (id, area_level, area_code, area_name, parent_id, letter, baidu_id, longitude, latitude) values (532628, 3, '532628', '富宁县', 532600, 'f', null, 105.62856, 23.626494);
insert into bas_area (id, area_level, area_code, area_name, parent_id, letter, baidu_id, longitude, latitude) values (532800, 2, '532800', '西双版纳傣族自治州', 530000, 'x', 109, 100.797941, 22.001724);
insert into bas_area (id, area_level, area_code, area_name, parent_id, letter, baidu_id, longitude, latitude) values (532801, 3, '532801', '景洪市', 532800, 'j', null, 100.797947, 22.002087);
insert into bas_area (id, area_level, area_code, area_name, parent_id, letter, baidu_id, longitude, latitude) values (532822, 3, '532822', '勐海县', 532800, 'm', null, 100.448288, 21.955866);
insert into bas_area (id, area_level, area_code, area_name, parent_id, letter, baidu_id, longitude, latitude) values (532823, 3, '532823', '勐腊县', 532800, 'm', null, 101.567051, 21.479449);
insert into bas_area (id, area_level, area_code, area_name, parent_id, letter, baidu_id, longitude, latitude) values (532900, 2, '532900', '大理白族自治州', 530000, 'd', 111, 100.225668, 25.589449);
insert into bas_area (id, area_level, area_code, area_name, parent_id, letter, baidu_id, longitude, latitude) values (532901, 3, '532901', '大理市', 532900, 'd', null, 100.241369, 25.593067);
insert into bas_area (id, area_level, area_code, area_name, parent_id, letter, baidu_id, longitude, latitude) values (532922, 3, '532922', '漾濞彝族自治县', 532900, 'y', null, 99.95797, 25.669543);
insert into bas_area (id, area_level, area_code, area_name, parent_id, letter, baidu_id, longitude, latitude) values (532923, 3, '532923', '祥云县', 532900, 'x', null, 100.554025, 25.477072);
insert into bas_area (id, area_level, area_code, area_name, parent_id, letter, baidu_id, longitude, latitude) values (532924, 3, '532924', '宾川县', 532900, 'b', null, 100.578957, 25.825904);
insert into bas_area (id, area_level, area_code, area_name, parent_id, letter, baidu_id, longitude, latitude) values (532925, 3, '532925', '弥渡县', 532900, 'm', null, 100.490669, 25.342594);
insert into bas_area (id, area_level, area_code, area_name, parent_id, letter, baidu_id, longitude, latitude) values (532926, 3, '532926', '南涧彝族自治县', 532900, 'n', null, 100.518683, 25.041279);
insert into bas_area (id, area_level, area_code, area_name, parent_id, letter, baidu_id, longitude, latitude) values (532927, 3, '532927', '巍山彝族回族自治县', 532900, 'w', null, 100.30793, 25.230909);
insert into bas_area (id, area_level, area_code, area_name, parent_id, letter, baidu_id, longitude, latitude) values (532928, 3, '532928', '永平县', 532900, 'y', null, 99.533536, 25.461281);
insert into bas_area (id, area_level, area_code, area_name, parent_id, letter, baidu_id, longitude, latitude) values (532929, 3, '532929', '云龙县', 532900, 'y', null, 99.369402, 25.884955);
insert into bas_area (id, area_level, area_code, area_name, parent_id, letter, baidu_id, longitude, latitude) values (532930, 3, '532930', '洱源县', 532900, 'ě', null, 99.951708, 26.111184);
insert into bas_area (id, area_level, area_code, area_name, parent_id, letter, baidu_id, longitude, latitude) values (532931, 3, '532931', '剑川县', 532900, 'j', null, 99.905887, 26.530066);
insert into bas_area (id, area_level, area_code, area_name, parent_id, letter, baidu_id, longitude, latitude) values (532932, 3, '532932', '鹤庆县', 532900, 'h', null, 100.173375, 26.55839);
insert into bas_area (id, area_level, area_code, area_name, parent_id, letter, baidu_id, longitude, latitude) values (533100, 2, '533100', '德宏傣族景颇族自治州', 530000, 'd', 116, 98.578363, 24.436694);
insert into bas_area (id, area_level, area_code, area_name, parent_id, letter, baidu_id, longitude, latitude) values (533102, 3, '533102', '瑞丽市', 533100, 'r', null, 97.855883, 24.010734);
insert into bas_area (id, area_level, area_code, area_name, parent_id, letter, baidu_id, longitude, latitude) values (533103, 3, '533103', '芒市', 533100, 'm', null, 98.577608, 24.436699);
insert into bas_area (id, area_level, area_code, area_name, parent_id, letter, baidu_id, longitude, latitude) values (533122, 3, '533122', '梁河县', 533100, 'l', null, 98.298196, 24.80742);
insert into bas_area (id, area_level, area_code, area_name, parent_id, letter, baidu_id, longitude, latitude) values (533123, 3, '533123', '盈江县', 533100, 'y', null, 97.93393, 24.709541);
insert into bas_area (id, area_level, area_code, area_name, parent_id, letter, baidu_id, longitude, latitude) values (533124, 3, '533124', '陇川县', 533100, 'l', null, 97.794441, 24.184065);
insert into bas_area (id, area_level, area_code, area_name, parent_id, letter, baidu_id, longitude, latitude) values (533300, 2, '533300', '怒江傈僳族自治州', 530000, 'n', 113, 98.854304, 25.850949);
insert into bas_area (id, area_level, area_code, area_name, parent_id, letter, baidu_id, longitude, latitude) values (533301, 3, '533301', '泸水市', 533300, 'l', null, 98.8593004, 26.070228);
insert into bas_area (id, area_level, area_code, area_name, parent_id, letter, baidu_id, longitude, latitude) values (533323, 3, '533323', '福贡县', 533300, 'f', null, 98.867413, 26.902738);
insert into bas_area (id, area_level, area_code, area_name, parent_id, letter, baidu_id, longitude, latitude) values (533324, 3, '533324', '贡山独龙族怒族自治县', 533300, 'g', null, 98.666141, 27.738054);
insert into bas_area (id, area_level, area_code, area_name, parent_id, letter, baidu_id, longitude, latitude) values (533325, 3, '533325', '兰坪白族普米族自治县', 533300, 'l', null, 99.421378, 26.453839);
insert into bas_area (id, area_level, area_code, area_name, parent_id, letter, baidu_id, longitude, latitude) values (533400, 2, '533400', '迪庆藏族自治州', 530000, 'd', 115, 99.706463, 27.826853);
insert into bas_area (id, area_level, area_code, area_name, parent_id, letter, baidu_id, longitude, latitude) values (533401, 3, '533401', '香格里拉市', 533400, 'x', null, 99.8315992, 27.907357);
insert into bas_area (id, area_level, area_code, area_name, parent_id, letter, baidu_id, longitude, latitude) values (533422, 3, '533422', '德钦县', 533400, 'd', null, 98.91506, 28.483272);
insert into bas_area (id, area_level, area_code, area_name, parent_id, letter, baidu_id, longitude, latitude) values (533423, 3, '533423', '维西傈僳族自治县', 533400, 'w', null, 99.286355, 27.180948);
insert into bas_area (id, area_level, area_code, area_name, parent_id, letter, baidu_id, longitude, latitude) values (540000, 1, '540000', '西藏自治区', null, 'x', null, 91.132212, 29.660361);
insert into bas_area (id, area_level, area_code, area_name, parent_id, letter, baidu_id, longitude, latitude) values (540100, 2, '540100', '拉萨市', 540000, 'l', 100, 91.132212, 29.660361);
insert into bas_area (id, area_level, area_code, area_name, parent_id, letter, baidu_id, longitude, latitude) values (540102, 3, '540102', '城关区', 540100, 'c', null, 91.132911, 29.659472);
insert into bas_area (id, area_level, area_code, area_name, parent_id, letter, baidu_id, longitude, latitude) values (540103, 3, '540103', '堆龙德庆区', 540100, 'd', null, 90.793393, 29.804706);
insert into bas_area (id, area_level, area_code, area_name, parent_id, letter, baidu_id, longitude, latitude) values (540121, 3, '540121', '林周县', 540100, 'l', null, 91.261842, 29.895754);
insert into bas_area (id, area_level, area_code, area_name, parent_id, letter, baidu_id, longitude, latitude) values (540122, 3, '540122', '当雄县', 540100, 'd', null, 91.103551, 30.474819);
insert into bas_area (id, area_level, area_code, area_name, parent_id, letter, baidu_id, longitude, latitude) values (540123, 3, '540123', '尼木县', 540100, 'n', null, 90.165545, 29.431346);
insert into bas_area (id, area_level, area_code, area_name, parent_id, letter, baidu_id, longitude, latitude) values (540124, 3, '540124', '曲水县', 540100, 'q', null, 90.738051, 29.349895);
insert into bas_area (id, area_level, area_code, area_name, parent_id, letter, baidu_id, longitude, latitude) values (540126, 3, '540126', '达孜县', 540100, 'd', null, 91.350976, 29.670314);
insert into bas_area (id, area_level, area_code, area_name, parent_id, letter, baidu_id, longitude, latitude) values (540127, 3, '540127', '墨竹工卡县', 540100, 'm', null, 91.731158, 29.834657);
insert into bas_area (id, area_level, area_code, area_name, parent_id, letter, baidu_id, longitude, latitude) values (540200, 2, '540200', '日喀则市', 540000, 'r', 102, 88.887705, 29.268124);
insert into bas_area (id, area_level, area_code, area_name, parent_id, letter, baidu_id, longitude, latitude) values (540202, 3, '540202', '桑珠孜区', 540200, 's', null, 88.899183, 29.249565);
insert into bas_area (id, area_level, area_code, area_name, parent_id, letter, baidu_id, longitude, latitude) values (540221, 3, '540221', '南木林县', 540200, 'n', null, 89.115788, 29.687464);
insert into bas_area (id, area_level, area_code, area_name, parent_id, letter, baidu_id, longitude, latitude) values (540222, 3, '540222', '江孜县', 540200, 'j', null, 89.604294, 28.915065);
insert into bas_area (id, area_level, area_code, area_name, parent_id, letter, baidu_id, longitude, latitude) values (540223, 3, '540223', '定日县', 540200, 'd', null, 87.181631, 28.682243);
insert into bas_area (id, area_level, area_code, area_name, parent_id, letter, baidu_id, longitude, latitude) values (540224, 3, '540224', '萨迦县', 540200, 's', null, 88.016436, 28.906463);
insert into bas_area (id, area_level, area_code, area_name, parent_id, letter, baidu_id, longitude, latitude) values (540225, 3, '540225', '拉孜县', 540200, 'l', null, 87.632429, 29.08849);
insert into bas_area (id, area_level, area_code, area_name, parent_id, letter, baidu_id, longitude, latitude) values (540226, 3, '540226', '昂仁县', 540200, 'a', null, 87.235781, 29.300013);
insert into bas_area (id, area_level, area_code, area_name, parent_id, letter, baidu_id, longitude, latitude) values (540227, 3, '540227', '谢通门县', 540200, 'x', null, 88.26387, 29.423505);
insert into bas_area (id, area_level, area_code, area_name, parent_id, letter, baidu_id, longitude, latitude) values (540228, 3, '540228', '白朗县', 540200, 'b', null, 89.260933, 29.10582);
insert into bas_area (id, area_level, area_code, area_name, parent_id, letter, baidu_id, longitude, latitude) values (540229, 3, '540229', '仁布县', 540200, 'r', null, 89.847156, 29.236812);
insert into bas_area (id, area_level, area_code, area_name, parent_id, letter, baidu_id, longitude, latitude) values (540230, 3, '540230', '康马县', 540200, 'k', null, 89.698859, 28.558927);
insert into bas_area (id, area_level, area_code, area_name, parent_id, letter, baidu_id, longitude, latitude) values (540231, 3, '540231', '定结县', 540200, 'd', null, 87.76581, 28.375512);
insert into bas_area (id, area_level, area_code, area_name, parent_id, letter, baidu_id, longitude, latitude) values (540232, 3, '540232', '仲巴县', 540200, 'z', null, 84.040097, 29.773982);
insert into bas_area (id, area_level, area_code, area_name, parent_id, letter, baidu_id, longitude, latitude) values (540233, 3, '540233', '亚东县', 540200, 'y', null, 88.921782, 27.49007);
insert into bas_area (id, area_level, area_code, area_name, parent_id, letter, baidu_id, longitude, latitude) values (540234, 3, '540234', '吉隆县', 540200, 'j', null, 85.299809, 28.861553);
insert into bas_area (id, area_level, area_code, area_name, parent_id, letter, baidu_id, longitude, latitude) values (540235, 3, '540235', '聂拉木县', 540200, 'n', null, 85.987374, 28.162901);
insert into bas_area (id, area_level, area_code, area_name, parent_id, letter, baidu_id, longitude, latitude) values (540236, 3, '540236', '萨嘎县', 540200, 's', null, 85.240085, 29.339652);
insert into bas_area (id, area_level, area_code, area_name, parent_id, letter, baidu_id, longitude, latitude) values (540237, 3, '540237', '岗巴县', 540200, 'g', null, 88.518185, 28.281403);
insert into bas_area (id, area_level, area_code, area_name, parent_id, letter, baidu_id, longitude, latitude) values (540300, 2, '540300', '昌都市', 540000, 'c', null, 97.1855815, 31.140575);
insert into bas_area (id, area_level, area_code, area_name, parent_id, letter, baidu_id, longitude, latitude) values (540302, 3, '540302', '卡若区', 540300, 'k', null, 87.3754676, 28.622164);
insert into bas_area (id, area_level, area_code, area_name, parent_id, letter, baidu_id, longitude, latitude) values (540321, 3, '540321', '江达县', 540300, 'j', null, 98.0363753, 31.8137);
insert into bas_area (id, area_level, area_code, area_name, parent_id, letter, baidu_id, longitude, latitude) values (540322, 3, '540322', '贡觉县', 540300, 'g', null, 98.4961219, 30.746651);
insert into bas_area (id, area_level, area_code, area_name, parent_id, letter, baidu_id, longitude, latitude) values (540323, 3, '540323', '类乌齐县', 540300, 'l', null, 96.4050875, 31.44057);
insert into bas_area (id, area_level, area_code, area_name, parent_id, letter, baidu_id, longitude, latitude) values (540324, 3, '540324', '丁青县', 540300, 'd', null, 95.3118448, 31.681676);
insert into bas_area (id, area_level, area_code, area_name, parent_id, letter, baidu_id, longitude, latitude) values (540325, 3, '540325', '察雅县', 540300, 'c', null, 97.8438856, 30.589053);
insert into bas_area (id, area_level, area_code, area_name, parent_id, letter, baidu_id, longitude, latitude) values (540326, 3, '540326', '八宿县', 540300, 'b', null, 96.8856414, 30.162297);
insert into bas_area (id, area_level, area_code, area_name, parent_id, letter, baidu_id, longitude, latitude) values (540327, 3, '540327', '左贡县', 540300, 'z', null, 97.8082884, 29.56256);
insert into bas_area (id, area_level, area_code, area_name, parent_id, letter, baidu_id, longitude, latitude) values (540328, 3, '540328', '芒康县', 540300, 'm', null, 98.6207602, 29.620318);
insert into bas_area (id, area_level, area_code, area_name, parent_id, letter, baidu_id, longitude, latitude) values (540329, 3, '540329', '洛隆县', 540300, 'l', null, 95.9169224, 30.735104);
insert into bas_area (id, area_level, area_code, area_name, parent_id, letter, baidu_id, longitude, latitude) values (540330, 3, '540330', '边坝县', 540300, 'b', null, 94.5998889, 30.89183);
insert into bas_area (id, area_level, area_code, area_name, parent_id, letter, baidu_id, longitude, latitude) values (540400, 2, '540400', '林芝市', 540000, 'l', null, 94.3499854, 29.66694);
insert into bas_area (id, area_level, area_code, area_name, parent_id, letter, baidu_id, longitude, latitude) values (540402, 3, '540402', '巴宜区', 540400, 'b', null, 106.737642, 24.789073);
insert into bas_area (id, area_level, area_code, area_name, parent_id, letter, baidu_id, longitude, latitude) values (540421, 3, '540421', '工布江达县', 540400, 'g', null, 93.2420981, 30.025215);
insert into bas_area (id, area_level, area_code, area_name, parent_id, letter, baidu_id, longitude, latitude) values (540422, 3, '540422', '米林县', 540400, 'm', null, 94.0182134, 29.248409);
insert into bas_area (id, area_level, area_code, area_name, parent_id, letter, baidu_id, longitude, latitude) values (540423, 3, '540423', '墨脱县', 540400, 'm', null, 95.0178364, 28.73221);
insert into bas_area (id, area_level, area_code, area_name, parent_id, letter, baidu_id, longitude, latitude) values (540424, 3, '540424', '波密县', 540400, 'b', null, 95.5565852, 30.124827);
insert into bas_area (id, area_level, area_code, area_name, parent_id, letter, baidu_id, longitude, latitude) values (540425, 3, '540425', '察隅县', 540400, 'c', null, 97.0691235, 28.681697);
insert into bas_area (id, area_level, area_code, area_name, parent_id, letter, baidu_id, longitude, latitude) values (540426, 3, '540426', '朗县', 540400, 'l', null, 93.1067662, 28.96475);
insert into bas_area (id, area_level, area_code, area_name, parent_id, letter, baidu_id, longitude, latitude) values (540500, 2, '540500', '山南市', 540000, 's', null, 91.7506438, 29.229026);
insert into bas_area (id, area_level, area_code, area_name, parent_id, letter, baidu_id, longitude, latitude) values (540502, 3, '540502', '乃东区', 540500, 'n', null, 91.8320401, 29.213115);
insert into bas_area (id, area_level, area_code, area_name, parent_id, letter, baidu_id, longitude, latitude) values (540521, 3, '540521', '扎囊县', 540500, 'z', null, 91.4082448, 29.280298);
insert into bas_area (id, area_level, area_code, area_name, parent_id, letter, baidu_id, longitude, latitude) values (540522, 3, '540522', '贡嘎县', 540500, 'g', null, 90.9443703, 29.213066);
insert into bas_area (id, area_level, area_code, area_name, parent_id, letter, baidu_id, longitude, latitude) values (540523, 3, '540523', '桑日县', 540500, 's', null, 92.2306032, 29.407083);
insert into bas_area (id, area_level, area_code, area_name, parent_id, letter, baidu_id, longitude, latitude) values (540524, 3, '540524', '琼结县', 540500, 'q', null, 91.6137699, 29.011722);
insert into bas_area (id, area_level, area_code, area_name, parent_id, letter, baidu_id, longitude, latitude) values (540525, 3, '540525', '曲松县', 540500, 'q', null, 92.2100635, 28.950715);
insert into bas_area (id, area_level, area_code, area_name, parent_id, letter, baidu_id, longitude, latitude) values (540526, 3, '540526', '措美县', 540500, 'c', null, 91.5153178, 28.576671);
insert into bas_area (id, area_level, area_code, area_name, parent_id, letter, baidu_id, longitude, latitude) values (540527, 3, '540527', '洛扎县', 540500, 'l', null, 90.8735991, 28.216916);
insert into bas_area (id, area_level, area_code, area_name, parent_id, letter, baidu_id, longitude, latitude) values (540528, 3, '540528', '加查县', 540500, 'j', null, 92.7198718, 29.293907);
insert into bas_area (id, area_level, area_code, area_name, parent_id, letter, baidu_id, longitude, latitude) values (540529, 3, '540529', '隆子县', 540500, 'l', null, 92.9260939, 28.481867);
insert into bas_area (id, area_level, area_code, area_name, parent_id, letter, baidu_id, longitude, latitude) values (540530, 3, '540530', '错那县', 540500, 'c', null, 92.9008393, 27.672829);
insert into bas_area (id, area_level, area_code, area_name, parent_id, letter, baidu_id, longitude, latitude) values (540531, 3, '540531', '浪卡子县', 540500, 'l', null, 90.6382682, 28.761273);
insert into bas_area (id, area_level, area_code, area_name, parent_id, letter, baidu_id, longitude, latitude) values (542400, 2, '542400', '那曲地区', 540000, 'n', 101, 92.060214, 31.476004);
insert into bas_area (id, area_level, area_code, area_name, parent_id, letter, baidu_id, longitude, latitude) values (542421, 3, '542421', '那曲县', 542400, 'n', null, 92.061862, 31.475756);
insert into bas_area (id, area_level, area_code, area_name, parent_id, letter, baidu_id, longitude, latitude) values (542422, 3, '542422', '嘉黎县', 542400, 'j', null, 93.232907, 30.640846);
insert into bas_area (id, area_level, area_code, area_name, parent_id, letter, baidu_id, longitude, latitude) values (542423, 3, '542423', '比如县', 542400, 'b', null, 93.68044, 31.479917);
insert into bas_area (id, area_level, area_code, area_name, parent_id, letter, baidu_id, longitude, latitude) values (542424, 3, '542424', '聂荣县', 542400, 'n', null, 92.303659, 32.107855);
insert into bas_area (id, area_level, area_code, area_name, parent_id, letter, baidu_id, longitude, latitude) values (542425, 3, '542425', '安多县', 542400, 'a', null, 91.681879, 32.260299);
insert into bas_area (id, area_level, area_code, area_name, parent_id, letter, baidu_id, longitude, latitude) values (542426, 3, '542426', '申扎县', 542400, 's', null, 88.709777, 30.929056);
insert into bas_area (id, area_level, area_code, area_name, parent_id, letter, baidu_id, longitude, latitude) values (542427, 3, '542427', '索县', 542400, 's', null, 93.784964, 31.886173);
insert into bas_area (id, area_level, area_code, area_name, parent_id, letter, baidu_id, longitude, latitude) values (542428, 3, '542428', '班戈县', 542400, 'b', null, 90.011822, 31.394578);
insert into bas_area (id, area_level, area_code, area_name, parent_id, letter, baidu_id, longitude, latitude) values (542429, 3, '542429', '巴青县', 542400, 'b', null, 94.054049, 31.918691);
insert into bas_area (id, area_level, area_code, area_name, parent_id, letter, baidu_id, longitude, latitude) values (542430, 3, '542430', '尼玛县', 542400, 'n', null, 87.236646, 31.784979);
insert into bas_area (id, area_level, area_code, area_name, parent_id, letter, baidu_id, longitude, latitude) values (542431, 3, '542431', '双湖县', 542400, 's', null, 88.838578, 33.18698);
insert into bas_area (id, area_level, area_code, area_name, parent_id, letter, baidu_id, longitude, latitude) values (542500, 2, '542500', '阿里地区', 540000, 'a', 103, 80.105498, 32.503187);
insert into bas_area (id, area_level, area_code, area_name, parent_id, letter, baidu_id, longitude, latitude) values (542521, 3, '542521', '普兰县', 542500, 'p', null, 81.177588, 30.291896);
insert into bas_area (id, area_level, area_code, area_name, parent_id, letter, baidu_id, longitude, latitude) values (542522, 3, '542522', '札达县', 542500, 'z', null, 79.803191, 31.478587);
insert into bas_area (id, area_level, area_code, area_name, parent_id, letter, baidu_id, longitude, latitude) values (542523, 3, '542523', '噶尔县', 542500, 'g', null, 80.105005, 32.503373);
insert into bas_area (id, area_level, area_code, area_name, parent_id, letter, baidu_id, longitude, latitude) values (542524, 3, '542524', '日土县', 542500, 'r', null, 79.731937, 33.382454);
insert into bas_area (id, area_level, area_code, area_name, parent_id, letter, baidu_id, longitude, latitude) values (542525, 3, '542525', '革吉县', 542500, 'g', null, 81.142896, 32.389192);
insert into bas_area (id, area_level, area_code, area_name, parent_id, letter, baidu_id, longitude, latitude) values (542526, 3, '542526', '改则县', 542500, 'g', null, 84.062384, 32.302076);
insert into bas_area (id, area_level, area_code, area_name, parent_id, letter, baidu_id, longitude, latitude) values (542527, 3, '542527', '措勤县', 542500, 'c', null, 85.159254, 31.016774);
insert into bas_area (id, area_level, area_code, area_name, parent_id, letter, baidu_id, longitude, latitude) values (610000, 1, '610000', '陕西省', null, 's', null, 108.948024, 34.263161);
insert into bas_area (id, area_level, area_code, area_name, parent_id, letter, baidu_id, longitude, latitude) values (610100, 2, '610100', '西安市', 610000, 'x', 233, 108.948024, 34.263161);
insert into bas_area (id, area_level, area_code, area_name, parent_id, letter, baidu_id, longitude, latitude) values (610102, 3, '610102', '新城区', 610100, 'x', null, 108.959903, 34.26927);
insert into bas_area (id, area_level, area_code, area_name, parent_id, letter, baidu_id, longitude, latitude) values (610103, 3, '610103', '碑林区', 610100, 'b', null, 108.946994, 34.251061);
insert into bas_area (id, area_level, area_code, area_name, parent_id, letter, baidu_id, longitude, latitude) values (610104, 3, '610104', '莲湖区', 610100, 'l', null, 108.933194, 34.2656);
insert into bas_area (id, area_level, area_code, area_name, parent_id, letter, baidu_id, longitude, latitude) values (610111, 3, '610111', '灞桥区', 610100, 'b', null, 109.067261, 34.267453);
insert into bas_area (id, area_level, area_code, area_name, parent_id, letter, baidu_id, longitude, latitude) values (610112, 3, '610112', '未央区', 610100, 'w', null, 108.946022, 34.30823);
insert into bas_area (id, area_level, area_code, area_name, parent_id, letter, baidu_id, longitude, latitude) values (610113, 3, '610113', '雁塔区', 610100, 'y', null, 108.926593, 34.213389);
insert into bas_area (id, area_level, area_code, area_name, parent_id, letter, baidu_id, longitude, latitude) values (610114, 3, '610114', '阎良区', 610100, 'y', null, 109.22802, 34.662141);
insert into bas_area (id, area_level, area_code, area_name, parent_id, letter, baidu_id, longitude, latitude) values (610115, 3, '610115', '临潼区', 610100, 'l', null, 109.213986, 34.372065);
insert into bas_area (id, area_level, area_code, area_name, parent_id, letter, baidu_id, longitude, latitude) values (610116, 3, '610116', '长安区', 610100, 'z', null, 108.941579, 34.157097);
insert into bas_area (id, area_level, area_code, area_name, parent_id, letter, baidu_id, longitude, latitude) values (610117, 3, '610117', '高陵区', 610100, 'g', null, 109.073774, 34.513762);
insert into bas_area (id, area_level, area_code, area_name, parent_id, letter, baidu_id, longitude, latitude) values (610122, 3, '610122', '蓝田县', 610100, 'l', null, 109.317634, 34.156189);
insert into bas_area (id, area_level, area_code, area_name, parent_id, letter, baidu_id, longitude, latitude) values (610124, 3, '610124', '周至县', 610100, 'z', null, 108.216465, 34.161532);
insert into bas_area (id, area_level, area_code, area_name, parent_id, letter, baidu_id, longitude, latitude) values (610125, 3, '610125', '户县', 610100, 'h', null, 108.607385, 34.108668);
insert into bas_area (id, area_level, area_code, area_name, parent_id, letter, baidu_id, longitude, latitude) values (610200, 2, '610200', '铜川市', 610000, 't', 232, 108.979608, 34.916582);
insert into bas_area (id, area_level, area_code, area_name, parent_id, letter, baidu_id, longitude, latitude) values (610202, 3, '610202', '王益区', 610200, 'w', null, 109.075862, 35.069098);
insert into bas_area (id, area_level, area_code, area_name, parent_id, letter, baidu_id, longitude, latitude) values (610203, 3, '610203', '印台区', 610200, 'y', null, 109.100814, 35.111927);
insert into bas_area (id, area_level, area_code, area_name, parent_id, letter, baidu_id, longitude, latitude) values (610204, 3, '610204', '耀州区', 610200, 'y', null, 108.962538, 34.910206);
insert into bas_area (id, area_level, area_code, area_name, parent_id, letter, baidu_id, longitude, latitude) values (610222, 3, '610222', '宜君县', 610200, 'y', null, 109.118278, 35.398766);
insert into bas_area (id, area_level, area_code, area_name, parent_id, letter, baidu_id, longitude, latitude) values (610300, 2, '610300', '宝鸡市', 610000, 'b', 171, 107.14487, 34.369315);
insert into bas_area (id, area_level, area_code, area_name, parent_id, letter, baidu_id, longitude, latitude) values (610302, 3, '610302', '渭滨区', 610300, 'w', null, 107.144467, 34.371008);
insert into bas_area (id, area_level, area_code, area_name, parent_id, letter, baidu_id, longitude, latitude) values (610303, 3, '610303', '金台区', 610300, 'j', null, 107.149943, 34.375192);
insert into bas_area (id, area_level, area_code, area_name, parent_id, letter, baidu_id, longitude, latitude) values (610304, 3, '610304', '陈仓区', 610300, 'c', null, 107.383645, 34.352747);
insert into bas_area (id, area_level, area_code, area_name, parent_id, letter, baidu_id, longitude, latitude) values (610322, 3, '610322', '凤翔县', 610300, 'f', null, 107.400577, 34.521668);
insert into bas_area (id, area_level, area_code, area_name, parent_id, letter, baidu_id, longitude, latitude) values (610323, 3, '610323', '岐山县', 610300, 'q', null, 107.624464, 34.44296);
insert into bas_area (id, area_level, area_code, area_name, parent_id, letter, baidu_id, longitude, latitude) values (610324, 3, '610324', '扶风县', 610300, 'f', null, 107.891419, 34.375497);
insert into bas_area (id, area_level, area_code, area_name, parent_id, letter, baidu_id, longitude, latitude) values (610326, 3, '610326', '眉县', 610300, 'm', null, 107.752371, 34.272137);
insert into bas_area (id, area_level, area_code, area_name, parent_id, letter, baidu_id, longitude, latitude) values (610327, 3, '610327', '陇县', 610300, 'l', null, 106.857066, 34.893262);
insert into bas_area (id, area_level, area_code, area_name, parent_id, letter, baidu_id, longitude, latitude) values (610328, 3, '610328', '千阳县', 610300, 'q', null, 107.132987, 34.642584);
insert into bas_area (id, area_level, area_code, area_name, parent_id, letter, baidu_id, longitude, latitude) values (610329, 3, '610329', '麟游县', 610300, 'l', null, 107.796608, 34.677714);
insert into bas_area (id, area_level, area_code, area_name, parent_id, letter, baidu_id, longitude, latitude) values (610330, 3, '610330', '凤县', 610300, 'f', null, 106.525212, 33.912464);
insert into bas_area (id, area_level, area_code, area_name, parent_id, letter, baidu_id, longitude, latitude) values (610331, 3, '610331', '太白县', 610300, 't', null, 107.316533, 34.059215);
insert into bas_area (id, area_level, area_code, area_name, parent_id, letter, baidu_id, longitude, latitude) values (610400, 2, '610400', '咸阳市', 610000, 'x', 323, 108.705117, 34.333439);
insert into bas_area (id, area_level, area_code, area_name, parent_id, letter, baidu_id, longitude, latitude) values (610402, 3, '610402', '秦都区', 610400, 'q', null, 108.698636, 34.329801);
insert into bas_area (id, area_level, area_code, area_name, parent_id, letter, baidu_id, longitude, latitude) values (610403, 3, '610403', '杨陵区', 610400, 'y', null, 108.086348, 34.27135);
insert into bas_area (id, area_level, area_code, area_name, parent_id, letter, baidu_id, longitude, latitude) values (610404, 3, '610404', '渭城区', 610400, 'w', null, 108.730957, 34.336847);
insert into bas_area (id, area_level, area_code, area_name, parent_id, letter, baidu_id, longitude, latitude) values (610422, 3, '610422', '三原县', 610400, 's', null, 108.943481, 34.613996);
insert into bas_area (id, area_level, area_code, area_name, parent_id, letter, baidu_id, longitude, latitude) values (610423, 3, '610423', '泾阳县', 610400, 'j', null, 108.83784, 34.528493);
insert into bas_area (id, area_level, area_code, area_name, parent_id, letter, baidu_id, longitude, latitude) values (610424, 3, '610424', '乾县', 610400, 'q', null, 108.247406, 34.527261);
insert into bas_area (id, area_level, area_code, area_name, parent_id, letter, baidu_id, longitude, latitude) values (610425, 3, '610425', '礼泉县', 610400, 'l', null, 108.428317, 34.482583);
insert into bas_area (id, area_level, area_code, area_name, parent_id, letter, baidu_id, longitude, latitude) values (610426, 3, '610426', '永寿县', 610400, 'y', null, 108.143129, 34.692619);
insert into bas_area (id, area_level, area_code, area_name, parent_id, letter, baidu_id, longitude, latitude) values (610427, 3, '610427', '彬县', 610400, 'b', null, 108.083674, 35.034233);
insert into bas_area (id, area_level, area_code, area_name, parent_id, letter, baidu_id, longitude, latitude) values (610428, 3, '610428', '长武县', 610400, 'z', null, 107.795835, 35.206122);
insert into bas_area (id, area_level, area_code, area_name, parent_id, letter, baidu_id, longitude, latitude) values (610429, 3, '610429', '旬邑县', 610400, 'x', null, 108.337231, 35.112234);
insert into bas_area (id, area_level, area_code, area_name, parent_id, letter, baidu_id, longitude, latitude) values (610430, 3, '610430', '淳化县', 610400, 'c', null, 108.581173, 34.79797);
insert into bas_area (id, area_level, area_code, area_name, parent_id, letter, baidu_id, longitude, latitude) values (610431, 3, '610431', '武功县', 610400, 'w', null, 108.212857, 34.259732);
insert into bas_area (id, area_level, area_code, area_name, parent_id, letter, baidu_id, longitude, latitude) values (610481, 3, '610481', '兴平市', 610400, 'x', null, 108.488493, 34.297134);
insert into bas_area (id, area_level, area_code, area_name, parent_id, letter, baidu_id, longitude, latitude) values (610500, 2, '610500', '渭南市', 610000, 'w', 170, 109.502882, 34.499381);
insert into bas_area (id, area_level, area_code, area_name, parent_id, letter, baidu_id, longitude, latitude) values (610502, 3, '610502', '临渭区', 610500, 'l', null, 109.503299, 34.501271);
insert into bas_area (id, area_level, area_code, area_name, parent_id, letter, baidu_id, longitude, latitude) values (610503, 3, '610503', '华州区', 610500, 'h', null, 116.163206, 23.767759);
insert into bas_area (id, area_level, area_code, area_name, parent_id, letter, baidu_id, longitude, latitude) values (610522, 3, '610522', '潼关县', 610500, 't', null, 110.24726, 34.544515);
insert into bas_area (id, area_level, area_code, area_name, parent_id, letter, baidu_id, longitude, latitude) values (610523, 3, '610523', '大荔县', 610500, 'd', null, 109.943123, 34.795011);
insert into bas_area (id, area_level, area_code, area_name, parent_id, letter, baidu_id, longitude, latitude) values (610524, 3, '610524', '合阳县', 610500, 'h', null, 110.147979, 35.237098);
insert into bas_area (id, area_level, area_code, area_name, parent_id, letter, baidu_id, longitude, latitude) values (610525, 3, '610525', '澄城县', 610500, 'c', null, 109.937609, 35.184);
insert into bas_area (id, area_level, area_code, area_name, parent_id, letter, baidu_id, longitude, latitude) values (610526, 3, '610526', '蒲城县', 610500, 'p', null, 109.589653, 34.956034);
insert into bas_area (id, area_level, area_code, area_name, parent_id, letter, baidu_id, longitude, latitude) values (610527, 3, '610527', '白水县', 610500, 'b', null, 109.594309, 35.177291);
insert into bas_area (id, area_level, area_code, area_name, parent_id, letter, baidu_id, longitude, latitude) values (610528, 3, '610528', '富平县', 610500, 'f', null, 109.187174, 34.746679);
insert into bas_area (id, area_level, area_code, area_name, parent_id, letter, baidu_id, longitude, latitude) values (610581, 3, '610581', '韩城市', 610500, 'h', null, 110.452391, 35.475238);
insert into bas_area (id, area_level, area_code, area_name, parent_id, letter, baidu_id, longitude, latitude) values (610582, 3, '610582', '华阴市', 610500, 'h', null, 110.08952, 34.565359);
insert into bas_area (id, area_level, area_code, area_name, parent_id, letter, baidu_id, longitude, latitude) values (610600, 2, '610600', '延安市', 610000, 'y', 284, 109.49081, 36.596537);
insert into bas_area (id, area_level, area_code, area_name, parent_id, letter, baidu_id, longitude, latitude) values (610602, 3, '610602', '宝塔区', 610600, 'b', null, 109.49069, 36.596291);
insert into bas_area (id, area_level, area_code, area_name, parent_id, letter, baidu_id, longitude, latitude) values (610603, 3, '610603', '安塞区', 610600, 'a', null, 109.170681, 36.926919);
insert into bas_area (id, area_level, area_code, area_name, parent_id, letter, baidu_id, longitude, latitude) values (610621, 3, '610621', '延长县', 610600, 'y', null, 110.012961, 36.578306);
insert into bas_area (id, area_level, area_code, area_name, parent_id, letter, baidu_id, longitude, latitude) values (610622, 3, '610622', '延川县', 610600, 'y', null, 110.190314, 36.882066);
insert into bas_area (id, area_level, area_code, area_name, parent_id, letter, baidu_id, longitude, latitude) values (610623, 3, '610623', '子长县', 610600, 'z', null, 109.675968, 37.14207);
insert into bas_area (id, area_level, area_code, area_name, parent_id, letter, baidu_id, longitude, latitude) values (610625, 3, '610625', '志丹县', 610600, 'z', null, 108.768898, 36.823031);
insert into bas_area (id, area_level, area_code, area_name, parent_id, letter, baidu_id, longitude, latitude) values (610626, 3, '610626', '吴起县', 610600, 'w', null, 108.176976, 36.924852);
insert into bas_area (id, area_level, area_code, area_name, parent_id, letter, baidu_id, longitude, latitude) values (610627, 3, '610627', '甘泉县', 610600, 'g', null, 109.34961, 36.277729);
insert into bas_area (id, area_level, area_code, area_name, parent_id, letter, baidu_id, longitude, latitude) values (610628, 3, '610628', '富县', 610600, 'f', null, 109.384136, 35.996495);
insert into bas_area (id, area_level, area_code, area_name, parent_id, letter, baidu_id, longitude, latitude) values (610629, 3, '610629', '洛川县', 610600, 'l', null, 109.435712, 35.762133);
insert into bas_area (id, area_level, area_code, area_name, parent_id, letter, baidu_id, longitude, latitude) values (610630, 3, '610630', '宜川县', 610600, 'y', null, 110.175537, 36.050391);
insert into bas_area (id, area_level, area_code, area_name, parent_id, letter, baidu_id, longitude, latitude) values (610631, 3, '610631', '黄龙县', 610600, 'h', null, 109.83502, 35.583276);
insert into bas_area (id, area_level, area_code, area_name, parent_id, letter, baidu_id, longitude, latitude) values (610632, 3, '610632', '黄陵县', 610600, 'h', null, 109.262469, 35.580165);
insert into bas_area (id, area_level, area_code, area_name, parent_id, letter, baidu_id, longitude, latitude) values (610700, 2, '610700', '汉中市', 610000, 'h', 352, 107.028621, 33.077668);
insert into bas_area (id, area_level, area_code, area_name, parent_id, letter, baidu_id, longitude, latitude) values (610702, 3, '610702', '汉台区', 610700, 'h', null, 107.028233, 33.077674);
insert into bas_area (id, area_level, area_code, area_name, parent_id, letter, baidu_id, longitude, latitude) values (610721, 3, '610721', '南郑县', 610700, 'n', null, 106.942393, 33.003341);
insert into bas_area (id, area_level, area_code, area_name, parent_id, letter, baidu_id, longitude, latitude) values (610722, 3, '610722', '城固县', 610700, 'c', null, 107.329887, 33.153098);
insert into bas_area (id, area_level, area_code, area_name, parent_id, letter, baidu_id, longitude, latitude) values (610723, 3, '610723', '洋县', 610700, 'y', null, 107.549962, 33.223283);
insert into bas_area (id, area_level, area_code, area_name, parent_id, letter, baidu_id, longitude, latitude) values (610724, 3, '610724', '西乡县', 610700, 'x', null, 107.765858, 32.987961);
insert into bas_area (id, area_level, area_code, area_name, parent_id, letter, baidu_id, longitude, latitude) values (610725, 3, '610725', '勉县', 610700, 'm', null, 106.680175, 33.155618);
insert into bas_area (id, area_level, area_code, area_name, parent_id, letter, baidu_id, longitude, latitude) values (610726, 3, '610726', '宁强县', 610700, 'n', null, 106.25739, 32.830806);
insert into bas_area (id, area_level, area_code, area_name, parent_id, letter, baidu_id, longitude, latitude) values (610727, 3, '610727', '略阳县', 610700, 'l', null, 106.153899, 33.329638);
insert into bas_area (id, area_level, area_code, area_name, parent_id, letter, baidu_id, longitude, latitude) values (610728, 3, '610728', '镇巴县', 610700, 'z', null, 107.89531, 32.535854);
insert into bas_area (id, area_level, area_code, area_name, parent_id, letter, baidu_id, longitude, latitude) values (610729, 3, '610729', '留坝县', 610700, 'l', null, 106.924377, 33.61334);
insert into bas_area (id, area_level, area_code, area_name, parent_id, letter, baidu_id, longitude, latitude) values (610730, 3, '610730', '佛坪县', 610700, 'f', null, 107.988582, 33.520745);
insert into bas_area (id, area_level, area_code, area_name, parent_id, letter, baidu_id, longitude, latitude) values (610800, 2, '610800', '榆林市', 610000, 'y', 231, 109.741193, 38.290162);
insert into bas_area (id, area_level, area_code, area_name, parent_id, letter, baidu_id, longitude, latitude) values (610802, 3, '610802', '榆阳区', 610800, 'y', null, 109.74791, 38.299267);
insert into bas_area (id, area_level, area_code, area_name, parent_id, letter, baidu_id, longitude, latitude) values (610803, 3, '610803', '横山区', 610800, 'h', null, 109.273067, 37.969436);
insert into bas_area (id, area_level, area_code, area_name, parent_id, letter, baidu_id, longitude, latitude) values (610821, 3, '610821', '神木县', 610800, 's', null, 110.497005, 38.835641);
insert into bas_area (id, area_level, area_code, area_name, parent_id, letter, baidu_id, longitude, latitude) values (610822, 3, '610822', '府谷县', 610800, 'f', null, 111.069645, 39.029243);
insert into bas_area (id, area_level, area_code, area_name, parent_id, letter, baidu_id, longitude, latitude) values (610824, 3, '610824', '靖边县', 610800, 'j', null, 108.80567, 37.596084);
insert into bas_area (id, area_level, area_code, area_name, parent_id, letter, baidu_id, longitude, latitude) values (610825, 3, '610825', '定边县', 610800, 'd', null, 107.601284, 37.59523);
insert into bas_area (id, area_level, area_code, area_name, parent_id, letter, baidu_id, longitude, latitude) values (610826, 3, '610826', '绥德县', 610800, 's', null, 110.265377, 37.507701);
insert into bas_area (id, area_level, area_code, area_name, parent_id, letter, baidu_id, longitude, latitude) values (610827, 3, '610827', '米脂县', 610800, 'm', null, 110.178683, 37.759081);
insert into bas_area (id, area_level, area_code, area_name, parent_id, letter, baidu_id, longitude, latitude) values (610828, 3, '610828', '佳县', 610800, 'j', null, 110.493367, 38.021597);
insert into bas_area (id, area_level, area_code, area_name, parent_id, letter, baidu_id, longitude, latitude) values (610829, 3, '610829', '吴堡县', 610800, 'w', null, 110.739315, 37.451925);
insert into bas_area (id, area_level, area_code, area_name, parent_id, letter, baidu_id, longitude, latitude) values (610830, 3, '610830', '清涧县', 610800, 'q', null, 110.12146, 37.087702);
insert into bas_area (id, area_level, area_code, area_name, parent_id, letter, baidu_id, longitude, latitude) values (610831, 3, '610831', '子洲县', 610800, 'z', null, 110.03457, 37.611573);
insert into bas_area (id, area_level, area_code, area_name, parent_id, letter, baidu_id, longitude, latitude) values (610900, 2, '610900', '安康市', 610000, 'a', 324, 109.029273, 32.6903);
insert into bas_area (id, area_level, area_code, area_name, parent_id, letter, baidu_id, longitude, latitude) values (610902, 3, '610902', '汉滨区', 610900, 'h', null, 109.029098, 32.690817);
insert into bas_area (id, area_level, area_code, area_name, parent_id, letter, baidu_id, longitude, latitude) values (610921, 3, '610921', '汉阴县', 610900, 'h', null, 108.510946, 32.891121);
insert into bas_area (id, area_level, area_code, area_name, parent_id, letter, baidu_id, longitude, latitude) values (610922, 3, '610922', '石泉县', 610900, 's', null, 108.250512, 33.038512);
insert into bas_area (id, area_level, area_code, area_name, parent_id, letter, baidu_id, longitude, latitude) values (610923, 3, '610923', '宁陕县', 610900, 'n', null, 108.313714, 33.312184);
insert into bas_area (id, area_level, area_code, area_name, parent_id, letter, baidu_id, longitude, latitude) values (610924, 3, '610924', '紫阳县', 610900, 'z', null, 108.537788, 32.520176);
insert into bas_area (id, area_level, area_code, area_name, parent_id, letter, baidu_id, longitude, latitude) values (610925, 3, '610925', '岚皋县', 610900, 'l', null, 108.900663, 32.31069);
insert into bas_area (id, area_level, area_code, area_name, parent_id, letter, baidu_id, longitude, latitude) values (610926, 3, '610926', '平利县', 610900, 'p', null, 109.361865, 32.387933);
insert into bas_area (id, area_level, area_code, area_name, parent_id, letter, baidu_id, longitude, latitude) values (610927, 3, '610927', '镇坪县', 610900, 'z', null, 109.526437, 31.883395);
insert into bas_area (id, area_level, area_code, area_name, parent_id, letter, baidu_id, longitude, latitude) values (610928, 3, '610928', '旬阳县', 610900, 'x', null, 109.368149, 32.833567);
insert into bas_area (id, area_level, area_code, area_name, parent_id, letter, baidu_id, longitude, latitude) values (610929, 3, '610929', '白河县', 610900, 'b', null, 110.114186, 32.809484);
insert into bas_area (id, area_level, area_code, area_name, parent_id, letter, baidu_id, longitude, latitude) values (611000, 2, '611000', '商洛市', 610000, 's', 285, 109.939776, 33.868319);
insert into bas_area (id, area_level, area_code, area_name, parent_id, letter, baidu_id, longitude, latitude) values (611002, 3, '611002', '商州区', 611000, 's', null, 109.937685, 33.869208);
insert into bas_area (id, area_level, area_code, area_name, parent_id, letter, baidu_id, longitude, latitude) values (611021, 3, '611021', '洛南县', 611000, 'l', null, 110.145716, 34.088502);
insert into bas_area (id, area_level, area_code, area_name, parent_id, letter, baidu_id, longitude, latitude) values (611022, 3, '611022', '丹凤县', 611000, 'd', null, 110.33191, 33.694711);
insert into bas_area (id, area_level, area_code, area_name, parent_id, letter, baidu_id, longitude, latitude) values (611023, 3, '611023', '商南县', 611000, 's', null, 110.885437, 33.526367);
insert into bas_area (id, area_level, area_code, area_name, parent_id, letter, baidu_id, longitude, latitude) values (611024, 3, '611024', '山阳县', 611000, 's', null, 109.880435, 33.530411);
insert into bas_area (id, area_level, area_code, area_name, parent_id, letter, baidu_id, longitude, latitude) values (611025, 3, '611025', '镇安县', 611000, 'z', null, 109.151075, 33.423981);
insert into bas_area (id, area_level, area_code, area_name, parent_id, letter, baidu_id, longitude, latitude) values (611026, 3, '611026', '柞水县', 611000, 'z', null, 109.111249, 33.682773);
insert into bas_area (id, area_level, area_code, area_name, parent_id, letter, baidu_id, longitude, latitude) values (620000, 1, '620000', '甘肃省', null, 'g', null, 103.823557, 36.058039);
insert into bas_area (id, area_level, area_code, area_name, parent_id, letter, baidu_id, longitude, latitude) values (620100, 2, '620100', '兰州市', 620000, 'l', 36, 103.823557, 36.058039);
insert into bas_area (id, area_level, area_code, area_name, parent_id, letter, baidu_id, longitude, latitude) values (620102, 3, '620102', '城关区', 620100, 'c', null, 103.841032, 36.049115);
insert into bas_area (id, area_level, area_code, area_name, parent_id, letter, baidu_id, longitude, latitude) values (620103, 3, '620103', '七里河区', 620100, 'q', null, 103.784326, 36.06673);
insert into bas_area (id, area_level, area_code, area_name, parent_id, letter, baidu_id, longitude, latitude) values (620104, 3, '620104', '西固区', 620100, 'x', null, 103.622331, 36.100369);
insert into bas_area (id, area_level, area_code, area_name, parent_id, letter, baidu_id, longitude, latitude) values (620105, 3, '620105', '安宁区', 620100, 'a', null, 103.724038, 36.10329);
insert into bas_area (id, area_level, area_code, area_name, parent_id, letter, baidu_id, longitude, latitude) values (620111, 3, '620111', '红古区', 620100, 'h', null, 102.861814, 36.344177);
insert into bas_area (id, area_level, area_code, area_name, parent_id, letter, baidu_id, longitude, latitude) values (620121, 3, '620121', '永登县', 620100, 'y', null, 103.262203, 36.734428);
insert into bas_area (id, area_level, area_code, area_name, parent_id, letter, baidu_id, longitude, latitude) values (620122, 3, '620122', '皋兰县', 620100, 'g', null, 103.94933, 36.331254);
insert into bas_area (id, area_level, area_code, area_name, parent_id, letter, baidu_id, longitude, latitude) values (620123, 3, '620123', '榆中县', 620100, 'y', null, 104.114975, 35.84443);
insert into bas_area (id, area_level, area_code, area_name, parent_id, letter, baidu_id, longitude, latitude) values (620200, 2, '620200', '嘉峪关市', 620000, 'j', 33, 98.277304, 39.786529);
insert into bas_area (id, area_level, area_code, area_name, parent_id, letter, baidu_id, longitude, latitude) values (620300, 2, '620300', '金昌市', 620000, 'j', 34, 102.187888, 38.514238);
insert into bas_area (id, area_level, area_code, area_name, parent_id, letter, baidu_id, longitude, latitude) values (620302, 3, '620302', '金川区', 620300, 'j', null, 102.187683, 38.513793);
insert into bas_area (id, area_level, area_code, area_name, parent_id, letter, baidu_id, longitude, latitude) values (620321, 3, '620321', '永昌县', 620300, 'y', null, 101.971957, 38.247354);
insert into bas_area (id, area_level, area_code, area_name, parent_id, letter, baidu_id, longitude, latitude) values (620400, 2, '620400', '白银市', 620000, 'b', 35, 104.173606, 36.54568);
insert into bas_area (id, area_level, area_code, area_name, parent_id, letter, baidu_id, longitude, latitude) values (620402, 3, '620402', '白银区', 620400, 'b', null, 104.17425, 36.545649);
insert into bas_area (id, area_level, area_code, area_name, parent_id, letter, baidu_id, longitude, latitude) values (620403, 3, '620403', '平川区', 620400, 'p', null, 104.819207, 36.72921);
insert into bas_area (id, area_level, area_code, area_name, parent_id, letter, baidu_id, longitude, latitude) values (620421, 3, '620421', '靖远县', 620400, 'j', null, 104.686972, 36.561424);
insert into bas_area (id, area_level, area_code, area_name, parent_id, letter, baidu_id, longitude, latitude) values (620422, 3, '620422', '会宁县', 620400, 'h', null, 105.054337, 35.692486);
insert into bas_area (id, area_level, area_code, area_name, parent_id, letter, baidu_id, longitude, latitude) values (620423, 3, '620423', '景泰县', 620400, 'j', null, 104.066394, 37.193519);
insert into bas_area (id, area_level, area_code, area_name, parent_id, letter, baidu_id, longitude, latitude) values (620500, 2, '620500', '天水市', 620000, 't', 196, 105.724998, 34.578529);
insert into bas_area (id, area_level, area_code, area_name, parent_id, letter, baidu_id, longitude, latitude) values (620502, 3, '620502', '秦州区', 620500, 'q', null, 105.724477, 34.578645);
insert into bas_area (id, area_level, area_code, area_name, parent_id, letter, baidu_id, longitude, latitude) values (620503, 3, '620503', '麦积区', 620500, 'm', null, 105.897631, 34.563504);
insert into bas_area (id, area_level, area_code, area_name, parent_id, letter, baidu_id, longitude, latitude) values (620521, 3, '620521', '清水县', 620500, 'q', null, 106.139878, 34.75287);
insert into bas_area (id, area_level, area_code, area_name, parent_id, letter, baidu_id, longitude, latitude) values (620522, 3, '620522', '秦安县', 620500, 'q', null, 105.6733, 34.862354);
insert into bas_area (id, area_level, area_code, area_name, parent_id, letter, baidu_id, longitude, latitude) values (620523, 3, '620523', '甘谷县', 620500, 'g', null, 105.332347, 34.747327);
insert into bas_area (id, area_level, area_code, area_name, parent_id, letter, baidu_id, longitude, latitude) values (620524, 3, '620524', '武山县', 620500, 'w', null, 104.891696, 34.721955);
insert into bas_area (id, area_level, area_code, area_name, parent_id, letter, baidu_id, longitude, latitude) values (620525, 3, '620525', '张家川回族自治县', 620500, 'z', null, 106.212416, 34.993237);
insert into bas_area (id, area_level, area_code, area_name, parent_id, letter, baidu_id, longitude, latitude) values (620600, 2, '620600', '武威市', 620000, 'w', 118, 102.634697, 37.929996);
insert into bas_area (id, area_level, area_code, area_name, parent_id, letter, baidu_id, longitude, latitude) values (620602, 3, '620602', '凉州区', 620600, 'l', null, 102.634492, 37.93025);
insert into bas_area (id, area_level, area_code, area_name, parent_id, letter, baidu_id, longitude, latitude) values (620621, 3, '620621', '民勤县', 620600, 'm', null, 103.090654, 38.624621);
insert into bas_area (id, area_level, area_code, area_name, parent_id, letter, baidu_id, longitude, latitude) values (620622, 3, '620622', '古浪县', 620600, 'g', null, 102.898047, 37.470571);
insert into bas_area (id, area_level, area_code, area_name, parent_id, letter, baidu_id, longitude, latitude) values (620623, 3, '620623', '天祝藏族自治县', 620600, 't', null, 103.142034, 36.971678);
insert into bas_area (id, area_level, area_code, area_name, parent_id, letter, baidu_id, longitude, latitude) values (620700, 2, '620700', '张掖市', 620000, 'z', 117, 100.455472, 38.932897);
insert into bas_area (id, area_level, area_code, area_name, parent_id, letter, baidu_id, longitude, latitude) values (620702, 3, '620702', '甘州区', 620700, 'g', null, 100.454862, 38.931774);
insert into bas_area (id, area_level, area_code, area_name, parent_id, letter, baidu_id, longitude, latitude) values (620721, 3, '620721', '肃南裕固族自治县', 620700, 's', null, 99.617086, 38.837269);
insert into bas_area (id, area_level, area_code, area_name, parent_id, letter, baidu_id, longitude, latitude) values (620722, 3, '620722', '民乐县', 620700, 'm', null, 100.816623, 38.434454);
insert into bas_area (id, area_level, area_code, area_name, parent_id, letter, baidu_id, longitude, latitude) values (620723, 3, '620723', '临泽县', 620700, 'l', null, 100.166333, 39.152151);
insert into bas_area (id, area_level, area_code, area_name, parent_id, letter, baidu_id, longitude, latitude) values (620724, 3, '620724', '高台县', 620700, 'g', null, 99.81665, 39.376308);
insert into bas_area (id, area_level, area_code, area_name, parent_id, letter, baidu_id, longitude, latitude) values (620725, 3, '620725', '山丹县', 620700, 's', null, 101.088442, 38.784839);
insert into bas_area (id, area_level, area_code, area_name, parent_id, letter, baidu_id, longitude, latitude) values (620800, 2, '620800', '平凉市', 620000, 'p', 359, 106.684691, 35.54279);
insert into bas_area (id, area_level, area_code, area_name, parent_id, letter, baidu_id, longitude, latitude) values (620802, 3, '620802', '崆峒区', 620800, 'k', null, 106.684223, 35.54173);
insert into bas_area (id, area_level, area_code, area_name, parent_id, letter, baidu_id, longitude, latitude) values (620821, 3, '620821', '泾川县', 620800, 'j', null, 107.365218, 35.335283);
insert into bas_area (id, area_level, area_code, area_name, parent_id, letter, baidu_id, longitude, latitude) values (620822, 3, '620822', '灵台县', 620800, 'l', null, 107.620587, 35.064009);
insert into bas_area (id, area_level, area_code, area_name, parent_id, letter, baidu_id, longitude, latitude) values (620823, 3, '620823', '崇信县', 620800, 'c', null, 107.031253, 35.304533);
insert into bas_area (id, area_level, area_code, area_name, parent_id, letter, baidu_id, longitude, latitude) values (620824, 3, '620824', '华亭县', 620800, 'h', null, 106.649308, 35.215342);
insert into bas_area (id, area_level, area_code, area_name, parent_id, letter, baidu_id, longitude, latitude) values (620825, 3, '620825', '庄浪县', 620800, 'z', null, 106.041979, 35.203428);
insert into bas_area (id, area_level, area_code, area_name, parent_id, letter, baidu_id, longitude, latitude) values (620826, 3, '620826', '静宁县', 620800, 'j', null, 105.733489, 35.525243);
insert into bas_area (id, area_level, area_code, area_name, parent_id, letter, baidu_id, longitude, latitude) values (620900, 2, '620900', '酒泉市', 620000, 'j', 37, 98.510795, 39.744023);
insert into bas_area (id, area_level, area_code, area_name, parent_id, letter, baidu_id, longitude, latitude) values (620902, 3, '620902', '肃州区', 620900, 's', null, 98.511155, 39.743858);
insert into bas_area (id, area_level, area_code, area_name, parent_id, letter, baidu_id, longitude, latitude) values (620921, 3, '620921', '金塔县', 620900, 'j', null, 98.902959, 39.983036);
insert into bas_area (id, area_level, area_code, area_name, parent_id, letter, baidu_id, longitude, latitude) values (620922, 3, '620922', '瓜州县', 620900, 'g', null, 95.780591, 40.516525);
insert into bas_area (id, area_level, area_code, area_name, parent_id, letter, baidu_id, longitude, latitude) values (620923, 3, '620923', '肃北蒙古族自治县', 620900, 's', null, 94.87728, 39.51224);
insert into bas_area (id, area_level, area_code, area_name, parent_id, letter, baidu_id, longitude, latitude) values (620924, 3, '620924', '阿克塞哈萨克族自治县', 620900, 'a', null, 94.337642, 39.631642);
insert into bas_area (id, area_level, area_code, area_name, parent_id, letter, baidu_id, longitude, latitude) values (620981, 3, '620981', '玉门市', 620900, 'y', null, 97.037206, 40.28682);
insert into bas_area (id, area_level, area_code, area_name, parent_id, letter, baidu_id, longitude, latitude) values (620982, 3, '620982', '敦煌市', 620900, 'd', null, 94.664279, 40.141119);
insert into bas_area (id, area_level, area_code, area_name, parent_id, letter, baidu_id, longitude, latitude) values (621000, 2, '621000', '庆阳市', 620000, 'q', 135, 107.638372, 35.734218);
insert into bas_area (id, area_level, area_code, area_name, parent_id, letter, baidu_id, longitude, latitude) values (621002, 3, '621002', '西峰区', 621000, 'x', null, 107.638824, 35.733713);
insert into bas_area (id, area_level, area_code, area_name, parent_id, letter, baidu_id, longitude, latitude) values (621021, 3, '621021', '庆城县', 621000, 'q', null, 107.885664, 36.013504);
insert into bas_area (id, area_level, area_code, area_name, parent_id, letter, baidu_id, longitude, latitude) values (621022, 3, '621022', '环县', 621000, 'h', null, 107.308754, 36.569322);
insert into bas_area (id, area_level, area_code, area_name, parent_id, letter, baidu_id, longitude, latitude) values (621023, 3, '621023', '华池县', 621000, 'h', null, 107.986288, 36.457304);
insert into bas_area (id, area_level, area_code, area_name, parent_id, letter, baidu_id, longitude, latitude) values (621024, 3, '621024', '合水县', 621000, 'h', null, 108.019865, 35.819005);
insert into bas_area (id, area_level, area_code, area_name, parent_id, letter, baidu_id, longitude, latitude) values (621025, 3, '621025', '正宁县', 621000, 'z', null, 108.361068, 35.490642);
insert into bas_area (id, area_level, area_code, area_name, parent_id, letter, baidu_id, longitude, latitude) values (621026, 3, '621026', '宁县', 621000, 'n', null, 107.921182, 35.50201);
insert into bas_area (id, area_level, area_code, area_name, parent_id, letter, baidu_id, longitude, latitude) values (621027, 3, '621027', '镇原县', 621000, 'z', null, 107.195706, 35.677806);
insert into bas_area (id, area_level, area_code, area_name, parent_id, letter, baidu_id, longitude, latitude) values (621100, 2, '621100', '定西市', 620000, 'd', 136, 104.626294, 35.579578);
insert into bas_area (id, area_level, area_code, area_name, parent_id, letter, baidu_id, longitude, latitude) values (621102, 3, '621102', '安定区', 621100, 'a', null, 104.62577, 35.579764);
insert into bas_area (id, area_level, area_code, area_name, parent_id, letter, baidu_id, longitude, latitude) values (621121, 3, '621121', '通渭县', 621100, 't', null, 105.250102, 35.208922);
insert into bas_area (id, area_level, area_code, area_name, parent_id, letter, baidu_id, longitude, latitude) values (621122, 3, '621122', '陇西县', 621100, 'l', null, 104.637554, 35.003409);
insert into bas_area (id, area_level, area_code, area_name, parent_id, letter, baidu_id, longitude, latitude) values (621123, 3, '621123', '渭源县', 621100, 'w', null, 104.211742, 35.133023);
insert into bas_area (id, area_level, area_code, area_name, parent_id, letter, baidu_id, longitude, latitude) values (621124, 3, '621124', '临洮县', 621100, 'l', null, 103.862186, 35.376233);
insert into bas_area (id, area_level, area_code, area_name, parent_id, letter, baidu_id, longitude, latitude) values (621125, 3, '621125', '漳县', 621100, 'z', null, 104.466756, 34.848642);
insert into bas_area (id, area_level, area_code, area_name, parent_id, letter, baidu_id, longitude, latitude) values (621126, 3, '621126', '岷县', 621100, 'm', null, 104.039882, 34.439105);
insert into bas_area (id, area_level, area_code, area_name, parent_id, letter, baidu_id, longitude, latitude) values (621200, 2, '621200', '陇南市', 620000, 'l', 256, 104.929379, 33.388598);
insert into bas_area (id, area_level, area_code, area_name, parent_id, letter, baidu_id, longitude, latitude) values (621202, 3, '621202', '武都区', 621200, 'w', null, 104.929866, 33.388155);
insert into bas_area (id, area_level, area_code, area_name, parent_id, letter, baidu_id, longitude, latitude) values (621221, 3, '621221', '成县', 621200, 'c', null, 105.734434, 33.739863);
insert into bas_area (id, area_level, area_code, area_name, parent_id, letter, baidu_id, longitude, latitude) values (621222, 3, '621222', '文县', 621200, 'w', null, 104.682448, 32.942171);
insert into bas_area (id, area_level, area_code, area_name, parent_id, letter, baidu_id, longitude, latitude) values (621223, 3, '621223', '宕昌县', 621200, 'd', null, 104.394475, 34.042655);
insert into bas_area (id, area_level, area_code, area_name, parent_id, letter, baidu_id, longitude, latitude) values (621224, 3, '621224', '康县', 621200, 'k', null, 105.609534, 33.328266);
insert into bas_area (id, area_level, area_code, area_name, parent_id, letter, baidu_id, longitude, latitude) values (621225, 3, '621225', '西和县', 621200, 'x', null, 105.299737, 34.013718);
insert into bas_area (id, area_level, area_code, area_name, parent_id, letter, baidu_id, longitude, latitude) values (621226, 3, '621226', '礼县', 621200, 'l', null, 105.181616, 34.189387);
insert into bas_area (id, area_level, area_code, area_name, parent_id, letter, baidu_id, longitude, latitude) values (621227, 3, '621227', '徽县', 621200, 'h', null, 106.085632, 33.767785);
insert into bas_area (id, area_level, area_code, area_name, parent_id, letter, baidu_id, longitude, latitude) values (621228, 3, '621228', '两当县', 621200, 'l', null, 106.306959, 33.910729);
insert into bas_area (id, area_level, area_code, area_name, parent_id, letter, baidu_id, longitude, latitude) values (622900, 2, '622900', '临夏回族自治州', 620000, 'l', 182, 103.212006, 35.599446);
insert into bas_area (id, area_level, area_code, area_name, parent_id, letter, baidu_id, longitude, latitude) values (622901, 3, '622901', '临夏市', 622900, 'l', null, 103.211634, 35.59941);
insert into bas_area (id, area_level, area_code, area_name, parent_id, letter, baidu_id, longitude, latitude) values (622921, 3, '622921', '临夏县', 622900, 'l', null, 102.993873, 35.49236);
insert into bas_area (id, area_level, area_code, area_name, parent_id, letter, baidu_id, longitude, latitude) values (622922, 3, '622922', '康乐县', 622900, 'k', null, 103.709852, 35.371906);
insert into bas_area (id, area_level, area_code, area_name, parent_id, letter, baidu_id, longitude, latitude) values (622923, 3, '622923', '永靖县', 622900, 'y', null, 103.319871, 35.938933);
insert into bas_area (id, area_level, area_code, area_name, parent_id, letter, baidu_id, longitude, latitude) values (622924, 3, '622924', '广河县', 622900, 'g', null, 103.576188, 35.481688);
insert into bas_area (id, area_level, area_code, area_name, parent_id, letter, baidu_id, longitude, latitude) values (622925, 3, '622925', '和政县', 622900, 'h', null, 103.350357, 35.425971);
insert into bas_area (id, area_level, area_code, area_name, parent_id, letter, baidu_id, longitude, latitude) values (622926, 3, '622926', '东乡族自治县', 622900, 'd', null, 103.389568, 35.66383);
insert into bas_area (id, area_level, area_code, area_name, parent_id, letter, baidu_id, longitude, latitude) values (622927, 3, '622927', '积石山保安族东乡族撒拉族自治县', 622900, 'j', null, 102.877473, 35.712906);
insert into bas_area (id, area_level, area_code, area_name, parent_id, letter, baidu_id, longitude, latitude) values (623000, 2, '623000', '甘南藏族自治州', 620000, 'g', 247, 102.918979, 34.991932);
insert into bas_area (id, area_level, area_code, area_name, parent_id, letter, baidu_id, longitude, latitude) values (623001, 3, '623001', '合作市', 623000, 'h', null, 102.909446, 35.003525);
insert into bas_area (id, area_level, area_code, area_name, parent_id, letter, baidu_id, longitude, latitude) values (623021, 3, '623021', '临潭县', 623000, 'l', null, 103.347121, 34.695305);
insert into bas_area (id, area_level, area_code, area_name, parent_id, letter, baidu_id, longitude, latitude) values (623022, 3, '623022', '卓尼县', 623000, 'z', null, 103.509285, 34.590125);
insert into bas_area (id, area_level, area_code, area_name, parent_id, letter, baidu_id, longitude, latitude) values (623023, 3, '623023', '舟曲县', 623000, 'z', null, 104.373117, 33.791818);
insert into bas_area (id, area_level, area_code, area_name, parent_id, letter, baidu_id, longitude, latitude) values (623024, 3, '623024', '迭部县', 623000, 'd', null, 103.228452, 34.06015);
insert into bas_area (id, area_level, area_code, area_name, parent_id, letter, baidu_id, longitude, latitude) values (623025, 3, '623025', '玛曲县', 623000, 'm', null, 102.079677, 34.00384);
insert into bas_area (id, area_level, area_code, area_name, parent_id, letter, baidu_id, longitude, latitude) values (623026, 3, '623026', '碌曲县', 623000, 'l', null, 102.494875, 34.596641);
insert into bas_area (id, area_level, area_code, area_name, parent_id, letter, baidu_id, longitude, latitude) values (623027, 3, '623027', '夏河县', 623000, 'x', null, 102.525276, 35.201731);
insert into bas_area (id, area_level, area_code, area_name, parent_id, letter, baidu_id, longitude, latitude) values (630000, 1, '630000', '青海省', null, 'q', null, 101.778916, 36.623178);
insert into bas_area (id, area_level, area_code, area_name, parent_id, letter, baidu_id, longitude, latitude) values (630100, 2, '630100', '西宁市', 630000, 'x', 66, 101.778916, 36.623178);
insert into bas_area (id, area_level, area_code, area_name, parent_id, letter, baidu_id, longitude, latitude) values (630102, 3, '630102', '城东区', 630100, 'c', null, 101.796095, 36.616043);
insert into bas_area (id, area_level, area_code, area_name, parent_id, letter, baidu_id, longitude, latitude) values (630103, 3, '630103', '城中区', 630100, 'c', null, 101.784554, 36.621181);
insert into bas_area (id, area_level, area_code, area_name, parent_id, letter, baidu_id, longitude, latitude) values (630104, 3, '630104', '城西区', 630100, 'c', null, 101.763649, 36.628323);
insert into bas_area (id, area_level, area_code, area_name, parent_id, letter, baidu_id, longitude, latitude) values (630105, 3, '630105', '城北区', 630100, 'c', null, 101.761297, 36.648448);
insert into bas_area (id, area_level, area_code, area_name, parent_id, letter, baidu_id, longitude, latitude) values (630121, 3, '630121', '大通回族土族自治县', 630100, 'd', null, 101.684183, 36.931343);
insert into bas_area (id, area_level, area_code, area_name, parent_id, letter, baidu_id, longitude, latitude) values (630122, 3, '630122', '湟中县', 630100, 'h', null, 101.569475, 36.500419);
insert into bas_area (id, area_level, area_code, area_name, parent_id, letter, baidu_id, longitude, latitude) values (630123, 3, '630123', '湟源县', 630100, 'h', null, 101.263435, 36.684818);
insert into bas_area (id, area_level, area_code, area_name, parent_id, letter, baidu_id, longitude, latitude) values (630200, 2, '630200', '海东市', 630000, 'h', 69, 102.10327, 36.502916);
insert into bas_area (id, area_level, area_code, area_name, parent_id, letter, baidu_id, longitude, latitude) values (630202, 3, '630202', '乐都区', 630200, 'l', null, 102.402431, 36.480291);
insert into bas_area (id, area_level, area_code, area_name, parent_id, letter, baidu_id, longitude, latitude) values (630203, 3, '630203', '平安区', 630200, 'p', null, 123.000502, 41.105351);
insert into bas_area (id, area_level, area_code, area_name, parent_id, letter, baidu_id, longitude, latitude) values (630222, 3, '630222', '民和回族土族自治县', 630200, 'm', null, 102.804209, 36.329451);
insert into bas_area (id, area_level, area_code, area_name, parent_id, letter, baidu_id, longitude, latitude) values (630223, 3, '630223', '互助土族自治县', 630200, 'h', null, 101.956734, 36.83994);
insert into bas_area (id, area_level, area_code, area_name, parent_id, letter, baidu_id, longitude, latitude) values (630224, 3, '630224', '化隆回族自治县', 630200, 'h', null, 102.262329, 36.098322);
insert into bas_area (id, area_level, area_code, area_name, parent_id, letter, baidu_id, longitude, latitude) values (630225, 3, '630225', '循化撒拉族自治县', 630200, 'x', null, 102.486534, 35.847247);
insert into bas_area (id, area_level, area_code, area_name, parent_id, letter, baidu_id, longitude, latitude) values (632200, 2, '632200', '海北藏族自治州', 630000, 'h', 67, 100.901059, 36.959435);
insert into bas_area (id, area_level, area_code, area_name, parent_id, letter, baidu_id, longitude, latitude) values (632221, 3, '632221', '门源回族自治县', 632200, 'm', null, 101.618461, 37.376627);
insert into bas_area (id, area_level, area_code, area_name, parent_id, letter, baidu_id, longitude, latitude) values (632222, 3, '632222', '祁连县', 632200, 'q', null, 100.249778, 38.175409);
insert into bas_area (id, area_level, area_code, area_name, parent_id, letter, baidu_id, longitude, latitude) values (632223, 3, '632223', '海晏县', 632200, 'h', null, 100.90049, 36.959542);
insert into bas_area (id, area_level, area_code, area_name, parent_id, letter, baidu_id, longitude, latitude) values (632224, 3, '632224', '刚察县', 632200, 'g', null, 100.138417, 37.326263);
insert into bas_area (id, area_level, area_code, area_name, parent_id, letter, baidu_id, longitude, latitude) values (632300, 2, '632300', '黄南藏族自治州', 630000, 'h', 70, 102.019988, 35.517744);
insert into bas_area (id, area_level, area_code, area_name, parent_id, letter, baidu_id, longitude, latitude) values (632321, 3, '632321', '同仁县', 632300, 't', null, 102.017604, 35.516337);
insert into bas_area (id, area_level, area_code, area_name, parent_id, letter, baidu_id, longitude, latitude) values (632322, 3, '632322', '尖扎县', 632300, 'j', null, 102.031953, 35.938205);
insert into bas_area (id, area_level, area_code, area_name, parent_id, letter, baidu_id, longitude, latitude) values (632323, 3, '632323', '泽库县', 632300, 'z', null, 101.469343, 35.036842);
insert into bas_area (id, area_level, area_code, area_name, parent_id, letter, baidu_id, longitude, latitude) values (632324, 3, '632324', '河南蒙古族自治县', 632300, 'h', null, 101.611877, 34.734522);
insert into bas_area (id, area_level, area_code, area_name, parent_id, letter, baidu_id, longitude, latitude) values (632500, 2, '632500', '海南藏族自治州', 630000, 'h', 68, 100.619542, 36.280353);
insert into bas_area (id, area_level, area_code, area_name, parent_id, letter, baidu_id, longitude, latitude) values (632521, 3, '632521', '共和县', 632500, 'g', null, 100.619597, 36.280286);
insert into bas_area (id, area_level, area_code, area_name, parent_id, letter, baidu_id, longitude, latitude) values (632522, 3, '632522', '同德县', 632500, 't', null, 100.579465, 35.254492);
insert into bas_area (id, area_level, area_code, area_name, parent_id, letter, baidu_id, longitude, latitude) values (632523, 3, '632523', '贵德县', 632500, 'g', null, 101.431856, 36.040456);
insert into bas_area (id, area_level, area_code, area_name, parent_id, letter, baidu_id, longitude, latitude) values (632524, 3, '632524', '兴海县', 632500, 'x', null, 99.986963, 35.58909);
insert into bas_area (id, area_level, area_code, area_name, parent_id, letter, baidu_id, longitude, latitude) values (632525, 3, '632525', '贵南县', 632500, 'g', null, 100.74792, 35.587085);
insert into bas_area (id, area_level, area_code, area_name, parent_id, letter, baidu_id, longitude, latitude) values (632600, 2, '632600', '果洛藏族自治州', 630000, 'g', 72, 100.242143, 34.4736);
insert into bas_area (id, area_level, area_code, area_name, parent_id, letter, baidu_id, longitude, latitude) values (632621, 3, '632621', '玛沁县', 632600, 'm', null, 100.243531, 34.473386);
insert into bas_area (id, area_level, area_code, area_name, parent_id, letter, baidu_id, longitude, latitude) values (632622, 3, '632622', '班玛县', 632600, 'b', null, 100.737955, 32.931589);
insert into bas_area (id, area_level, area_code, area_name, parent_id, letter, baidu_id, longitude, latitude) values (632623, 3, '632623', '甘德县', 632600, 'g', null, 99.902589, 33.966987);
insert into bas_area (id, area_level, area_code, area_name, parent_id, letter, baidu_id, longitude, latitude) values (632624, 3, '632624', '达日县', 632600, 'd', null, 99.651715, 33.753259);
insert into bas_area (id, area_level, area_code, area_name, parent_id, letter, baidu_id, longitude, latitude) values (632625, 3, '632625', '久治县', 632600, 'j', null, 101.484884, 33.430217);
insert into bas_area (id, area_level, area_code, area_name, parent_id, letter, baidu_id, longitude, latitude) values (632626, 3, '632626', '玛多县', 632600, 'm', null, 98.211343, 34.91528);
insert into bas_area (id, area_level, area_code, area_name, parent_id, letter, baidu_id, longitude, latitude) values (632700, 2, '632700', '玉树藏族自治州', 630000, 'y', 71, 97.008522, 33.004049);
insert into bas_area (id, area_level, area_code, area_name, parent_id, letter, baidu_id, longitude, latitude) values (632701, 3, '632701', '玉树市', 632700, 'y', null, 97.008762, 33.00393);
insert into bas_area (id, area_level, area_code, area_name, parent_id, letter, baidu_id, longitude, latitude) values (632722, 3, '632722', '杂多县', 632700, 'z', null, 95.293423, 32.891886);
insert into bas_area (id, area_level, area_code, area_name, parent_id, letter, baidu_id, longitude, latitude) values (632723, 3, '632723', '称多县', 632700, 'c', null, 97.110893, 33.367884);
insert into bas_area (id, area_level, area_code, area_name, parent_id, letter, baidu_id, longitude, latitude) values (632724, 3, '632724', '治多县', 632700, 'z', null, 95.616843, 33.852322);
insert into bas_area (id, area_level, area_code, area_name, parent_id, letter, baidu_id, longitude, latitude) values (632725, 3, '632725', '囊谦县', 632700, 'n', null, 96.479797, 32.203206);
insert into bas_area (id, area_level, area_code, area_name, parent_id, letter, baidu_id, longitude, latitude) values (632726, 3, '632726', '曲麻莱县', 632700, 'q', null, 95.800674, 34.12654);
insert into bas_area (id, area_level, area_code, area_name, parent_id, letter, baidu_id, longitude, latitude) values (632800, 2, '632800', '海西蒙古族藏族自治州', 630000, 'h', 65, 97.370785, 37.374663);
insert into bas_area (id, area_level, area_code, area_name, parent_id, letter, baidu_id, longitude, latitude) values (632801, 3, '632801', '格尔木市', 632800, 'g', null, 94.905777, 36.401541);
insert into bas_area (id, area_level, area_code, area_name, parent_id, letter, baidu_id, longitude, latitude) values (632802, 3, '632802', '德令哈市', 632800, 'd', null, 97.370143, 37.374555);
insert into bas_area (id, area_level, area_code, area_name, parent_id, letter, baidu_id, longitude, latitude) values (632821, 3, '632821', '乌兰县', 632800, 'w', null, 98.479852, 36.930389);
insert into bas_area (id, area_level, area_code, area_name, parent_id, letter, baidu_id, longitude, latitude) values (632822, 3, '632822', '都兰县', 632800, 'd', null, 98.089161, 36.298553);
insert into bas_area (id, area_level, area_code, area_name, parent_id, letter, baidu_id, longitude, latitude) values (632823, 3, '632823', '天峻县', 632800, 't', null, 99.02078, 37.29906);
insert into bas_area (id, area_level, area_code, area_name, parent_id, letter, baidu_id, longitude, latitude) values (640000, 1, '640000', '宁夏回族自治区', null, 'n', null, 106.278179, 38.46637);
insert into bas_area (id, area_level, area_code, area_name, parent_id, letter, baidu_id, longitude, latitude) values (640100, 2, '640100', '银川市', 640000, 'y', 360, 106.278179, 38.46637);
insert into bas_area (id, area_level, area_code, area_name, parent_id, letter, baidu_id, longitude, latitude) values (640104, 3, '640104', '兴庆区', 640100, 'x', null, 106.278393, 38.46747);
insert into bas_area (id, area_level, area_code, area_name, parent_id, letter, baidu_id, longitude, latitude) values (640105, 3, '640105', '西夏区', 640100, 'x', null, 106.132116, 38.492424);
insert into bas_area (id, area_level, area_code, area_name, parent_id, letter, baidu_id, longitude, latitude) values (640106, 3, '640106', '金凤区', 640100, 'j', null, 106.228486, 38.477353);
insert into bas_area (id, area_level, area_code, area_name, parent_id, letter, baidu_id, longitude, latitude) values (640121, 3, '640121', '永宁县', 640100, 'y', null, 106.253781, 38.28043);
insert into bas_area (id, area_level, area_code, area_name, parent_id, letter, baidu_id, longitude, latitude) values (640122, 3, '640122', '贺兰县', 640100, 'h', null, 106.345904, 38.554563);
insert into bas_area (id, area_level, area_code, area_name, parent_id, letter, baidu_id, longitude, latitude) values (640181, 3, '640181', '灵武市', 640100, 'l', null, 106.334701, 38.094058);
insert into bas_area (id, area_level, area_code, area_name, parent_id, letter, baidu_id, longitude, latitude) values (640200, 2, '640200', '石嘴山市', 640000, 's', 335, 106.376173, 39.01333);
insert into bas_area (id, area_level, area_code, area_name, parent_id, letter, baidu_id, longitude, latitude) values (640202, 3, '640202', '大武口区', 640200, 'd', null, 106.376651, 39.014158);
insert into bas_area (id, area_level, area_code, area_name, parent_id, letter, baidu_id, longitude, latitude) values (640205, 3, '640205', '惠农区', 640200, 'h', null, 106.775513, 39.230094);
insert into bas_area (id, area_level, area_code, area_name, parent_id, letter, baidu_id, longitude, latitude) values (640221, 3, '640221', '平罗县', 640200, 'p', null, 106.54489, 38.90674);
insert into bas_area (id, area_level, area_code, area_name, parent_id, letter, baidu_id, longitude, latitude) values (640300, 2, '640300', '吴忠市', 640000, 'w', 322, 106.199409, 37.986165);
insert into bas_area (id, area_level, area_code, area_name, parent_id, letter, baidu_id, longitude, latitude) values (640302, 3, '640302', '利通区', 640300, 'l', null, 106.199419, 37.985967);
insert into bas_area (id, area_level, area_code, area_name, parent_id, letter, baidu_id, longitude, latitude) values (640303, 3, '640303', '红寺堡区', 640300, 'h', null, 106.067315, 37.421616);
insert into bas_area (id, area_level, area_code, area_name, parent_id, letter, baidu_id, longitude, latitude) values (640323, 3, '640323', '盐池县', 640300, 'y', null, 107.40541, 37.784222);
insert into bas_area (id, area_level, area_code, area_name, parent_id, letter, baidu_id, longitude, latitude) values (640324, 3, '640324', '同心县', 640300, 't', null, 105.914764, 36.9829);
insert into bas_area (id, area_level, area_code, area_name, parent_id, letter, baidu_id, longitude, latitude) values (640381, 3, '640381', '青铜峡市', 640300, 'q', null, 106.075395, 38.021509);
insert into bas_area (id, area_level, area_code, area_name, parent_id, letter, baidu_id, longitude, latitude) values (640400, 2, '640400', '固原市', 640000, 'g', 246, 106.285241, 36.004561);
insert into bas_area (id, area_level, area_code, area_name, parent_id, letter, baidu_id, longitude, latitude) values (640402, 3, '640402', '原州区', 640400, 'y', null, 106.28477, 36.005337);
insert into bas_area (id, area_level, area_code, area_name, parent_id, letter, baidu_id, longitude, latitude) values (640422, 3, '640422', '西吉县', 640400, 'x', null, 105.731801, 35.965384);
insert into bas_area (id, area_level, area_code, area_name, parent_id, letter, baidu_id, longitude, latitude) values (640423, 3, '640423', '隆德县', 640400, 'l', null, 106.12344, 35.618234);
insert into bas_area (id, area_level, area_code, area_name, parent_id, letter, baidu_id, longitude, latitude) values (640424, 3, '640424', '泾源县', 640400, 'j', null, 106.338674, 35.49344);
insert into bas_area (id, area_level, area_code, area_name, parent_id, letter, baidu_id, longitude, latitude) values (640425, 3, '640425', '彭阳县', 640400, 'p', null, 106.641512, 35.849975);
insert into bas_area (id, area_level, area_code, area_name, parent_id, letter, baidu_id, longitude, latitude) values (640500, 2, '640500', '中卫市', 640000, 'z', 181, 105.189568, 37.514951);
insert into bas_area (id, area_level, area_code, area_name, parent_id, letter, baidu_id, longitude, latitude) values (640502, 3, '640502', '沙坡头区', 640500, 's', null, 105.190536, 37.514564);
insert into bas_area (id, area_level, area_code, area_name, parent_id, letter, baidu_id, longitude, latitude) values (640521, 3, '640521', '中宁县', 640500, 'z', null, 105.675784, 37.489736);
insert into bas_area (id, area_level, area_code, area_name, parent_id, letter, baidu_id, longitude, latitude) values (640522, 3, '640522', '海原县', 640500, 'h', null, 105.647323, 36.562007);
insert into bas_area (id, area_level, area_code, area_name, parent_id, letter, baidu_id, longitude, latitude) values (650000, 1, '650000', '新疆维吾尔自治区', null, 'x', null, 87.617733, 43.792818);
insert into bas_area (id, area_level, area_code, area_name, parent_id, letter, baidu_id, longitude, latitude) values (650100, 2, '650100', '乌鲁木齐市', 650000, 'w', 92, 87.617733, 43.792818);
insert into bas_area (id, area_level, area_code, area_name, parent_id, letter, baidu_id, longitude, latitude) values (650102, 3, '650102', '天山区', 650100, 't', null, 87.620116, 43.796428);
insert into bas_area (id, area_level, area_code, area_name, parent_id, letter, baidu_id, longitude, latitude) values (650103, 3, '650103', '沙依巴克区', 650100, 's', null, 87.596639, 43.788872);
insert into bas_area (id, area_level, area_code, area_name, parent_id, letter, baidu_id, longitude, latitude) values (650104, 3, '650104', '新市区', 650100, 'x', null, 87.560653, 43.870882);
insert into bas_area (id, area_level, area_code, area_name, parent_id, letter, baidu_id, longitude, latitude) values (650105, 3, '650105', '水磨沟区', 650100, 's', null, 87.613093, 43.816747);
insert into bas_area (id, area_level, area_code, area_name, parent_id, letter, baidu_id, longitude, latitude) values (650106, 3, '650106', '头屯河区', 650100, 't', null, 87.425823, 43.876053);
insert into bas_area (id, area_level, area_code, area_name, parent_id, letter, baidu_id, longitude, latitude) values (650107, 3, '650107', '达坂城区', 650100, 'd', null, 88.30994, 43.36181);
insert into bas_area (id, area_level, area_code, area_name, parent_id, letter, baidu_id, longitude, latitude) values (650109, 3, '650109', '米东区', 650100, 'm', null, 87.691801, 43.960982);
insert into bas_area (id, area_level, area_code, area_name, parent_id, letter, baidu_id, longitude, latitude) values (650121, 3, '650121', '乌鲁木齐县', 650100, 'w', null, 87.505603, 43.982546);
insert into bas_area (id, area_level, area_code, area_name, parent_id, letter, baidu_id, longitude, latitude) values (650200, 2, '650200', '克拉玛依市', 650000, 'k', 95, 84.873946, 45.595886);
insert into bas_area (id, area_level, area_code, area_name, parent_id, letter, baidu_id, longitude, latitude) values (650202, 3, '650202', '独山子区', 650200, 'd', null, 84.882267, 44.327207);
insert into bas_area (id, area_level, area_code, area_name, parent_id, letter, baidu_id, longitude, latitude) values (650203, 3, '650203', '克拉玛依区', 650200, 'k', null, 84.868918, 45.600477);
insert into bas_area (id, area_level, area_code, area_name, parent_id, letter, baidu_id, longitude, latitude) values (650204, 3, '650204', '白碱滩区', 650200, 'b', null, 85.129882, 45.689021);
insert into bas_area (id, area_level, area_code, area_name, parent_id, letter, baidu_id, longitude, latitude) values (650205, 3, '650205', '乌尔禾区', 650200, 'w', null, 85.697767, 46.08776);
insert into bas_area (id, area_level, area_code, area_name, parent_id, letter, baidu_id, longitude, latitude) values (650400, 2, '650400', '吐鲁番市', 650000, 't', null, 89.2660254, 42.678924);
insert into bas_area (id, area_level, area_code, area_name, parent_id, letter, baidu_id, longitude, latitude) values (650402, 3, '650402', '高昌区', 650400, 'g', null, 113.165103, 23.178776);
insert into bas_area (id, area_level, area_code, area_name, parent_id, letter, baidu_id, longitude, latitude) values (650421, 3, '650421', '鄯善县', 650400, 's', null, 90.6165744, 42.291734);
insert into bas_area (id, area_level, area_code, area_name, parent_id, letter, baidu_id, longitude, latitude) values (650422, 3, '650422', '托克逊县', 650400, 't', null, 88.4242819, 42.450354);
insert into bas_area (id, area_level, area_code, area_name, parent_id, letter, baidu_id, longitude, latitude) values (650500, 2, '650500', '哈密市', 650000, 'h', null, 93.529373, 42.344467);
insert into bas_area (id, area_level, area_code, area_name, parent_id, letter, baidu_id, longitude, latitude) values (650502, 3, '650502', '伊州区', 650500, 'y', null, 93.537308, 42.83199);
insert into bas_area (id, area_level, area_code, area_name, parent_id, letter, baidu_id, longitude, latitude) values (650521, 3, '650521', '巴里坤哈萨克自治县', 650500, 'b', null, 92.8098729, 44.273632);
insert into bas_area (id, area_level, area_code, area_name, parent_id, letter, baidu_id, longitude, latitude) values (650522, 3, '650522', '伊吾县', 650500, 'y', null, 94.9115696, 43.570381);
insert into bas_area (id, area_level, area_code, area_name, parent_id, letter, baidu_id, longitude, latitude) values (652300, 2, '652300', '昌吉回族自治州', 650000, 'c', 93, 87.304012, 44.014577);
insert into bas_area (id, area_level, area_code, area_name, parent_id, letter, baidu_id, longitude, latitude) values (652301, 3, '652301', '昌吉市', 652300, 'c', null, 87.304112, 44.013183);
insert into bas_area (id, area_level, area_code, area_name, parent_id, letter, baidu_id, longitude, latitude) values (652302, 3, '652302', '阜康市', 652300, 'f', null, 87.98384, 44.152153);
insert into bas_area (id, area_level, area_code, area_name, parent_id, letter, baidu_id, longitude, latitude) values (652323, 3, '652323', '呼图壁县', 652300, 'h', null, 86.888613, 44.189342);
insert into bas_area (id, area_level, area_code, area_name, parent_id, letter, baidu_id, longitude, latitude) values (652324, 3, '652324', '玛纳斯县', 652300, 'm', null, 86.217687, 44.305625);
insert into bas_area (id, area_level, area_code, area_name, parent_id, letter, baidu_id, longitude, latitude) values (652325, 3, '652325', '奇台县', 652300, 'q', null, 89.591437, 44.021996);
insert into bas_area (id, area_level, area_code, area_name, parent_id, letter, baidu_id, longitude, latitude) values (652327, 3, '652327', '吉木萨尔县', 652300, 'j', null, 89.181288, 43.997162);
insert into bas_area (id, area_level, area_code, area_name, parent_id, letter, baidu_id, longitude, latitude) values (652328, 3, '652328', '木垒哈萨克自治县', 652300, 'm', null, 90.282833, 43.832442);
insert into bas_area (id, area_level, area_code, area_name, parent_id, letter, baidu_id, longitude, latitude) values (652700, 2, '652700', '博尔塔拉蒙古自治州', 650000, 'b', 88, 82.074778, 44.903258);
insert into bas_area (id, area_level, area_code, area_name, parent_id, letter, baidu_id, longitude, latitude) values (652701, 3, '652701', '博乐市', 652700, 'b', null, 82.072237, 44.903087);
insert into bas_area (id, area_level, area_code, area_name, parent_id, letter, baidu_id, longitude, latitude) values (652702, 3, '652702', '阿拉山口市', 652700, 'a', null, 82.569389, 45.16777);
insert into bas_area (id, area_level, area_code, area_name, parent_id, letter, baidu_id, longitude, latitude) values (652722, 3, '652722', '精河县', 652700, 'j', null, 82.892938, 44.605645);
insert into bas_area (id, area_level, area_code, area_name, parent_id, letter, baidu_id, longitude, latitude) values (652723, 3, '652723', '温泉县', 652700, 'w', null, 81.03099, 44.973751);
insert into bas_area (id, area_level, area_code, area_name, parent_id, letter, baidu_id, longitude, latitude) values (652800, 2, '652800', '巴音郭楞蒙古自治州', 650000, 'b', 86, 86.150969, 41.768552);
insert into bas_area (id, area_level, area_code, area_name, parent_id, letter, baidu_id, longitude, latitude) values (652801, 3, '652801', '库尔勒市', 652800, 'k', null, 86.145948, 41.763122);
insert into bas_area (id, area_level, area_code, area_name, parent_id, letter, baidu_id, longitude, latitude) values (652822, 3, '652822', '轮台县', 652800, 'l', null, 84.248542, 41.781266);
insert into bas_area (id, area_level, area_code, area_name, parent_id, letter, baidu_id, longitude, latitude) values (652823, 3, '652823', '尉犁县', 652800, 'w', null, 86.263412, 41.337428);
insert into bas_area (id, area_level, area_code, area_name, parent_id, letter, baidu_id, longitude, latitude) values (652824, 3, '652824', '若羌县', 652800, 'r', null, 88.168807, 39.023807);
insert into bas_area (id, area_level, area_code, area_name, parent_id, letter, baidu_id, longitude, latitude) values (652825, 3, '652825', '且末县', 652800, 'q', null, 85.532629, 38.138562);
insert into bas_area (id, area_level, area_code, area_name, parent_id, letter, baidu_id, longitude, latitude) values (652826, 3, '652826', '焉耆回族自治县', 652800, 'y', null, 86.5698, 42.064349);
insert into bas_area (id, area_level, area_code, area_name, parent_id, letter, baidu_id, longitude, latitude) values (652827, 3, '652827', '和静县', 652800, 'h', null, 86.391067, 42.31716);
insert into bas_area (id, area_level, area_code, area_name, parent_id, letter, baidu_id, longitude, latitude) values (652828, 3, '652828', '和硕县', 652800, 'h', null, 86.864947, 42.268863);
insert into bas_area (id, area_level, area_code, area_name, parent_id, letter, baidu_id, longitude, latitude) values (652829, 3, '652829', '博湖县', 652800, 'b', null, 86.631576, 41.980166);
insert into bas_area (id, area_level, area_code, area_name, parent_id, letter, baidu_id, longitude, latitude) values (652900, 2, '652900', '阿克苏地区', 650000, 'a', 85, 80.265068, 41.170712);
insert into bas_area (id, area_level, area_code, area_name, parent_id, letter, baidu_id, longitude, latitude) values (652901, 3, '652901', '阿克苏市', 652900, 'a', null, 80.2629, 41.171272);
insert into bas_area (id, area_level, area_code, area_name, parent_id, letter, baidu_id, longitude, latitude) values (652922, 3, '652922', '温宿县', 652900, 'w', null, 80.243273, 41.272995);
insert into bas_area (id, area_level, area_code, area_name, parent_id, letter, baidu_id, longitude, latitude) values (652923, 3, '652923', '库车县', 652900, 'k', null, 82.96304, 41.717141);
insert into bas_area (id, area_level, area_code, area_name, parent_id, letter, baidu_id, longitude, latitude) values (652924, 3, '652924', '沙雅县', 652900, 's', null, 82.78077, 41.226268);
insert into bas_area (id, area_level, area_code, area_name, parent_id, letter, baidu_id, longitude, latitude) values (652925, 3, '652925', '新和县', 652900, 'x', null, 82.610828, 41.551176);
insert into bas_area (id, area_level, area_code, area_name, parent_id, letter, baidu_id, longitude, latitude) values (652926, 3, '652926', '拜城县', 652900, 'b', null, 81.869881, 41.796101);
insert into bas_area (id, area_level, area_code, area_name, parent_id, letter, baidu_id, longitude, latitude) values (652927, 3, '652927', '乌什县', 652900, 'w', null, 79.230805, 41.21587);
insert into bas_area (id, area_level, area_code, area_name, parent_id, letter, baidu_id, longitude, latitude) values (652928, 3, '652928', '阿瓦提县', 652900, 'a', null, 80.378426, 40.638422);
insert into bas_area (id, area_level, area_code, area_name, parent_id, letter, baidu_id, longitude, latitude) values (652929, 3, '652929', '柯坪县', 652900, 'k', null, 79.04785, 40.50624);
insert into bas_area (id, area_level, area_code, area_name, parent_id, letter, baidu_id, longitude, latitude) values (653000, 2, '653000', '克孜勒苏柯尔克孜自治州', 650000, 'k', 84, 76.188356, 39.726242);
insert into bas_area (id, area_level, area_code, area_name, parent_id, letter, baidu_id, longitude, latitude) values (653001, 3, '653001', '阿图什市', 653000, 'a', null, 76.188356, 39.726242);
insert into bas_area (id, area_level, area_code, area_name, parent_id, letter, baidu_id, longitude, latitude) values (653022, 3, '653022', '阿克陶县', 653000, 'a', null, 75.945371, 39.153881);
insert into bas_area (id, area_level, area_code, area_name, parent_id, letter, baidu_id, longitude, latitude) values (653023, 3, '653023', '阿合奇县', 653000, 'a', null, 78.459746, 40.938595);
insert into bas_area (id, area_level, area_code, area_name, parent_id, letter, baidu_id, longitude, latitude) values (653024, 3, '653024', '乌恰县', 653000, 'w', null, 75.258735, 39.716648);
insert into bas_area (id, area_level, area_code, area_name, parent_id, letter, baidu_id, longitude, latitude) values (653100, 2, '653100', '喀什地区', 650000, 'k', 83, 75.989138, 39.467664);
insert into bas_area (id, area_level, area_code, area_name, parent_id, letter, baidu_id, longitude, latitude) values (653101, 3, '653101', '喀什市', 653100, 'k', null, 75.98838, 39.467861);
insert into bas_area (id, area_level, area_code, area_name, parent_id, letter, baidu_id, longitude, latitude) values (653121, 3, '653121', '疏附县', 653100, 's', null, 75.863075, 39.378306);
insert into bas_area (id, area_level, area_code, area_name, parent_id, letter, baidu_id, longitude, latitude) values (653122, 3, '653122', '疏勒县', 653100, 's', null, 76.053653, 39.399461);
insert into bas_area (id, area_level, area_code, area_name, parent_id, letter, baidu_id, longitude, latitude) values (653123, 3, '653123', '英吉沙县', 653100, 'y', null, 76.174292, 38.929839);
insert into bas_area (id, area_level, area_code, area_name, parent_id, letter, baidu_id, longitude, latitude) values (653124, 3, '653124', '泽普县', 653100, 'z', null, 77.273593, 38.191217);
insert into bas_area (id, area_level, area_code, area_name, parent_id, letter, baidu_id, longitude, latitude) values (653125, 3, '653125', '莎车县', 653100, 's', null, 77.248884, 38.414499);
insert into bas_area (id, area_level, area_code, area_name, parent_id, letter, baidu_id, longitude, latitude) values (653126, 3, '653126', '叶城县', 653100, 'y', null, 77.420353, 37.884679);
insert into bas_area (id, area_level, area_code, area_name, parent_id, letter, baidu_id, longitude, latitude) values (653127, 3, '653127', '麦盖提县', 653100, 'm', null, 77.651538, 38.903384);
insert into bas_area (id, area_level, area_code, area_name, parent_id, letter, baidu_id, longitude, latitude) values (653128, 3, '653128', '岳普湖县', 653100, 'y', null, 76.7724, 39.235248);
insert into bas_area (id, area_level, area_code, area_name, parent_id, letter, baidu_id, longitude, latitude) values (653129, 3, '653129', '伽师县', 653100, 'g', null, 76.741982, 39.494325);
insert into bas_area (id, area_level, area_code, area_name, parent_id, letter, baidu_id, longitude, latitude) values (653130, 3, '653130', '巴楚县', 653100, 'b', null, 78.55041, 39.783479);
insert into bas_area (id, area_level, area_code, area_name, parent_id, letter, baidu_id, longitude, latitude) values (653131, 3, '653131', '塔什库尔干塔吉克自治县', 653100, 't', null, 75.228068, 37.775437);
insert into bas_area (id, area_level, area_code, area_name, parent_id, letter, baidu_id, longitude, latitude) values (653200, 2, '653200', '和田地区', 650000, 'h', 82, 79.92533, 37.110687);
insert into bas_area (id, area_level, area_code, area_name, parent_id, letter, baidu_id, longitude, latitude) values (653201, 3, '653201', '和田市', 653200, 'h', null, 79.927542, 37.108944);
insert into bas_area (id, area_level, area_code, area_name, parent_id, letter, baidu_id, longitude, latitude) values (653221, 3, '653221', '和田县', 653200, 'h', null, 79.81907, 37.120031);
insert into bas_area (id, area_level, area_code, area_name, parent_id, letter, baidu_id, longitude, latitude) values (653222, 3, '653222', '墨玉县', 653200, 'm', null, 79.736629, 37.271511);
insert into bas_area (id, area_level, area_code, area_name, parent_id, letter, baidu_id, longitude, latitude) values (653223, 3, '653223', '皮山县', 653200, 'p', null, 78.282301, 37.616332);
insert into bas_area (id, area_level, area_code, area_name, parent_id, letter, baidu_id, longitude, latitude) values (653224, 3, '653224', '洛浦县', 653200, 'l', null, 80.184038, 37.074377);
insert into bas_area (id, area_level, area_code, area_name, parent_id, letter, baidu_id, longitude, latitude) values (653225, 3, '653225', '策勒县', 653200, 'c', null, 80.803572, 37.001672);
insert into bas_area (id, area_level, area_code, area_name, parent_id, letter, baidu_id, longitude, latitude) values (653226, 3, '653226', '于田县', 653200, 'y', null, 81.667845, 36.854628);
insert into bas_area (id, area_level, area_code, area_name, parent_id, letter, baidu_id, longitude, latitude) values (653227, 3, '653227', '民丰县', 653200, 'm', null, 82.692354, 37.064909);
insert into bas_area (id, area_level, area_code, area_name, parent_id, letter, baidu_id, longitude, latitude) values (654000, 2, '654000', '伊犁哈萨克自治州', 650000, 'y', 90, 81.329136, 43.931071);
insert into bas_area (id, area_level, area_code, area_name, parent_id, letter, baidu_id, longitude, latitude) values (654002, 3, '654002', '伊宁市', 654000, 'y', null, 81.282568, 43.911123);
insert into bas_area (id, area_level, area_code, area_name, parent_id, letter, baidu_id, longitude, latitude) values (654003, 3, '654003', '奎屯市', 654000, 'k', null, 84.908565, 44.430827);
insert into bas_area (id, area_level, area_code, area_name, parent_id, letter, baidu_id, longitude, latitude) values (654004, 3, '654004', '霍尔果斯市', 654000, 'h', null, 81.3188134, 43.927754);
insert into bas_area (id, area_level, area_code, area_name, parent_id, letter, baidu_id, longitude, latitude) values (654021, 3, '654021', '伊宁县', 654000, 'y', null, 81.523284, 43.982511);
insert into bas_area (id, area_level, area_code, area_name, parent_id, letter, baidu_id, longitude, latitude) values (654022, 3, '654022', '察布查尔锡伯自治县', 654000, 'c', null, 81.15874, 43.850063);
insert into bas_area (id, area_level, area_code, area_name, parent_id, letter, baidu_id, longitude, latitude) values (654023, 3, '654023', '霍城县', 654000, 'h', null, 80.877521, 44.061439);
insert into bas_area (id, area_level, area_code, area_name, parent_id, letter, baidu_id, longitude, latitude) values (654024, 3, '654024', '巩留县', 654000, 'g', null, 82.234464, 43.484268);
insert into bas_area (id, area_level, area_code, area_name, parent_id, letter, baidu_id, longitude, latitude) values (654025, 3, '654025', '新源县', 654000, 'x', null, 83.267341, 43.441411);
insert into bas_area (id, area_level, area_code, area_name, parent_id, letter, baidu_id, longitude, latitude) values (654026, 3, '654026', '昭苏县', 654000, 'z', null, 81.136513, 43.157603);
insert into bas_area (id, area_level, area_code, area_name, parent_id, letter, baidu_id, longitude, latitude) values (654027, 3, '654027', '特克斯县', 654000, 't', null, 81.84518, 43.230535);
insert into bas_area (id, area_level, area_code, area_name, parent_id, letter, baidu_id, longitude, latitude) values (654028, 3, '654028', '尼勒克县', 654000, 'n', null, 82.517195, 43.812499);
insert into bas_area (id, area_level, area_code, area_name, parent_id, letter, baidu_id, longitude, latitude) values (654200, 2, '654200', '塔城地区', 650000, 't', 94, 82.985732, 46.746301);
insert into bas_area (id, area_level, area_code, area_name, parent_id, letter, baidu_id, longitude, latitude) values (654201, 3, '654201', '塔城市', 654200, 't', null, 82.983988, 46.746281);
insert into bas_area (id, area_level, area_code, area_name, parent_id, letter, baidu_id, longitude, latitude) values (654202, 3, '654202', '乌苏市', 654200, 'w', null, 84.677624, 44.430115);
insert into bas_area (id, area_level, area_code, area_name, parent_id, letter, baidu_id, longitude, latitude) values (654221, 3, '654221', '额敏县', 654200, 'e', null, 83.622118, 46.522555);
insert into bas_area (id, area_level, area_code, area_name, parent_id, letter, baidu_id, longitude, latitude) values (654223, 3, '654223', '沙湾县', 654200, 's', null, 85.622508, 44.329544);
insert into bas_area (id, area_level, area_code, area_name, parent_id, letter, baidu_id, longitude, latitude) values (654224, 3, '654224', '托里县', 654200, 't', null, 83.60469, 45.935863);
insert into bas_area (id, area_level, area_code, area_name, parent_id, letter, baidu_id, longitude, latitude) values (654225, 3, '654225', '裕民县', 654200, 'y', null, 82.982157, 46.202781);
insert into bas_area (id, area_level, area_code, area_name, parent_id, letter, baidu_id, longitude, latitude) values (654226, 3, '654226', '和布克赛尔蒙古自治县', 654200, 'h', null, 85.733551, 46.793001);
insert into bas_area (id, area_level, area_code, area_name, parent_id, letter, baidu_id, longitude, latitude) values (654300, 2, '654300', '阿勒泰地区', 650000, 'a', 96, 88.13963, 47.848393);
insert into bas_area (id, area_level, area_code, area_name, parent_id, letter, baidu_id, longitude, latitude) values (654301, 3, '654301', '阿勒泰市', 654300, 'a', null, 88.138743, 47.848911);
insert into bas_area (id, area_level, area_code, area_name, parent_id, letter, baidu_id, longitude, latitude) values (654321, 3, '654321', '布尔津县', 654300, 'b', null, 86.86186, 47.70453);
insert into bas_area (id, area_level, area_code, area_name, parent_id, letter, baidu_id, longitude, latitude) values (654322, 3, '654322', '富蕴县', 654300, 'f', null, 89.524993, 46.993106);
insert into bas_area (id, area_level, area_code, area_name, parent_id, letter, baidu_id, longitude, latitude) values (654323, 3, '654323', '福海县', 654300, 'f', null, 87.494569, 47.113128);
insert into bas_area (id, area_level, area_code, area_name, parent_id, letter, baidu_id, longitude, latitude) values (654324, 3, '654324', '哈巴河县', 654300, 'h', null, 86.418964, 48.059284);
insert into bas_area (id, area_level, area_code, area_name, parent_id, letter, baidu_id, longitude, latitude) values (654325, 3, '654325', '青河县', 654300, 'q', null, 90.381561, 46.672446);
insert into bas_area (id, area_level, area_code, area_name, parent_id, letter, baidu_id, longitude, latitude) values (654326, 3, '654326', '吉木乃县', 654300, 'j', null, 85.876064, 47.434633);
insert into bas_area (id, area_level, area_code, area_name, parent_id, letter, baidu_id, longitude, latitude) values (659001, 2, '659001', '石河子市', 650000, 's', 770, 86.041075, 44.305886);
insert into bas_area (id, area_level, area_code, area_name, parent_id, letter, baidu_id, longitude, latitude) values (659002, 2, '659002', '阿拉尔市', 650000, 'a', 731, 81.285884, 40.541914);
insert into bas_area (id, area_level, area_code, area_name, parent_id, letter, baidu_id, longitude, latitude) values (659003, 2, '659003', '图木舒克市', 650000, 't', 792, 79.077978, 39.867316);
insert into bas_area (id, area_level, area_code, area_name, parent_id, letter, baidu_id, longitude, latitude) values (659004, 2, '659004', '五家渠市', 650000, 'w', 789, 87.526884, 44.167401);
insert into bas_area (id, area_level, area_code, area_name, parent_id, letter, baidu_id, longitude, latitude) values (659006, 2, '659006', '铁门关市', 650000, 't', null, 119.808484, 39.978947);
insert into bas_area (id, area_level, area_code, area_name, parent_id, letter, baidu_id, longitude, latitude) values (710000, 1, '710000', '台湾省', null, 't', null, 121.442167, 24.914981);
insert into bas_area (id, area_level, area_code, area_name, parent_id, letter, baidu_id, longitude, latitude) values (810000, 1, '810000', '香港特别行政区', null, 'x', 2912, 114.173355, 22.320048);
insert into bas_area (id, area_level, area_code, area_name, parent_id, letter, baidu_id, longitude, latitude) values (820000, 1, '820000', '澳门特别行政区', null, 'a', 2911, 113.54909, 22.198951);


ALTER TABLE bas_weixinmp ADD CONSTRAINT fk_weixinmp_partner_id FOREIGN KEY (partner_id) REFERENCES bas_partner(id);

ALTER TABLE bas_platform_account_in_out_money ADD CONSTRAINT fk_platform_account_in_out_money_platform_account_id FOREIGN KEY (platform_account_id) REFERENCES bas_platform_account(id);

ALTER TABLE bas_partner_in_out_money ADD CONSTRAINT fk_partner_in_out_money_partner_id FOREIGN KEY (partner_id) REFERENCES bas_partner(id);

ALTER TABLE bas_alipayfw ADD CONSTRAINT fk_alipayfw_partner_id FOREIGN KEY (partner_id) REFERENCES bas_partner(id);

ALTER TABLE bas_phoneapp ADD CONSTRAINT fk_phoneapp_partner_id FOREIGN KEY (partner_id) REFERENCES bas_partner(id);

ALTER TABLE bas_agent ADD CONSTRAINT fk_agent_partner_id FOREIGN KEY (partner_id) REFERENCES bas_partner(id);

ALTER TABLE bas_agent ADD CONSTRAINT fk_agent_weixinmp_id FOREIGN KEY (weixinmp_id) REFERENCES bas_weixinmp(id);

ALTER TABLE bas_agent ADD CONSTRAINT fk_agent_alipayfw_id FOREIGN KEY (alipayfw_id) REFERENCES bas_alipayfw(id);

ALTER TABLE bas_agent ADD CONSTRAINT fk_agent_phoneapp_id FOREIGN KEY (phoneapp_id) REFERENCES bas_phoneapp(id);

ALTER TABLE bas_agent_foregift_withdraw_order ADD CONSTRAINT fk_agent_foregift_withdraw_order_agent_id FOREIGN KEY (agent_id) REFERENCES bas_agent(id);

ALTER TABLE bas_agent_system_config ADD CONSTRAINT fk_agent_system_config_agent_id FOREIGN KEY (agent_id) REFERENCES bas_agent(id);

ALTER TABLE bas_agent_foregift_in_out_money ADD CONSTRAINT fk_agent_foregift_in_out_money_agent_id FOREIGN KEY (agent_id) REFERENCES bas_agent(id);

ALTER TABLE bas_agent_in_out_money ADD CONSTRAINT fk_agent_in_out_money_agent_id FOREIGN KEY (agent_id) REFERENCES bas_agent(id);

ALTER TABLE bas_user ADD CONSTRAINT fk_user_agent_id FOREIGN KEY (agent_id) REFERENCES bas_agent(id);

ALTER TABLE bas_user ADD CONSTRAINT fk_user_shop_id FOREIGN KEY (shop_id) REFERENCES hdg_shop(id);

ALTER TABLE bas_user ADD CONSTRAINT fk_user_role_id FOREIGN KEY (role_id) REFERENCES bas_role(id);

ALTER TABLE bas_user ADD CONSTRAINT fk_user_dept_id FOREIGN KEY (dept_id) REFERENCES bas_dept(id);

ALTER TABLE bas_dept ADD CONSTRAINT fk_dept_agent_id FOREIGN KEY (agent_id) REFERENCES bas_agent(id);

ALTER TABLE bas_role ADD CONSTRAINT fk_role_agent_id FOREIGN KEY (agent_id) REFERENCES bas_agent(id);

ALTER TABLE bas_perm ADD CONSTRAINT fk_perm_menu_id FOREIGN KEY (menu_id) REFERENCES bas_menu(id);

ALTER TABLE bas_role_perm ADD CONSTRAINT fk_role_perm_role_id FOREIGN KEY (role_id) REFERENCES bas_role(id);

ALTER TABLE bas_role_perm ADD CONSTRAINT fk_role_perm_perm_id FOREIGN KEY (perm_id) REFERENCES bas_perm(id);

ALTER TABLE bas_agent_perm ADD CONSTRAINT fk_agent_perm_menu_id FOREIGN KEY (menu_id) REFERENCES bas_agent_menu(id);

ALTER TABLE bas_agent_role_perm ADD CONSTRAINT fk_agent_role_perm_role_id FOREIGN KEY (role_id) REFERENCES bas_role(id);

ALTER TABLE bas_agent_role_perm ADD CONSTRAINT fk_agent_role_perm_perm_id FOREIGN KEY (perm_id) REFERENCES bas_agent_perm(id);

ALTER TABLE bas_customer ADD CONSTRAINT fk_customer_partner_id FOREIGN KEY (partner_id) REFERENCES bas_partner(id);

ALTER TABLE bas_customer ADD CONSTRAINT fk_customer_agent_id FOREIGN KEY (agent_id) REFERENCES bas_agent(id);

ALTER TABLE bas_customer_whitelist ADD CONSTRAINT fk_customer_whitelist_partner_id FOREIGN KEY (partner_id) REFERENCES bas_partner(id);

ALTER TABLE bas_customer_whitelist ADD CONSTRAINT fk_customer_whitelist_agent_id FOREIGN KEY (agent_id) REFERENCES bas_agent(id);

ALTER TABLE bas_id_card_auth_record ADD CONSTRAINT fk_id_card_auth_record_agent_id FOREIGN KEY (agent_id) REFERENCES bas_agent(id);

ALTER TABLE bas_id_card_auth_record ADD CONSTRAINT fk_id_card_auth_record_customer_id FOREIGN KEY (customer_id) REFERENCES bas_customer(id);

ALTER TABLE bas_id_card_auth_record ADD CONSTRAINT fk_id_card_auth_record_material_day_stats_id FOREIGN KEY (material_day_stats_id) REFERENCES hdg_agent_material_day_stats(id);

ALTER TABLE bas_customer_exchange_info ADD CONSTRAINT fk_customer_exchange_info_agent_id FOREIGN KEY (agent_id) REFERENCES bas_agent(id);

ALTER TABLE bas_customer_exchange_info ADD CONSTRAINT fk_customer_exchange_id FOREIGN KEY (id) REFERENCES bas_customer(id);

ALTER TABLE bas_customer_exchange_info ADD CONSTRAINT fk_customer_exchange_foregift_order_id FOREIGN KEY (foregift_order_id) REFERENCES bas_customer_foregift_order(id);

ALTER TABLE bas_customer_agent_balance ADD CONSTRAINT fk_customer_agent_balance_agent_id FOREIGN KEY (agent_id) REFERENCES bas_agent(id);

ALTER TABLE bas_customer_agent_balance ADD CONSTRAINT fk_customer_agent_balance_customer_id FOREIGN KEY (customer_id) REFERENCES bas_customer(id);

ALTER TABLE bas_customer_exchange_battery ADD CONSTRAINT fk_customer_exchange_battery_agent_id FOREIGN KEY (agent_id) REFERENCES bas_agent(id);

ALTER TABLE bas_customer_exchange_battery ADD CONSTRAINT fk_customer_exchange_battery_customer_id FOREIGN KEY (customer_id) REFERENCES bas_customer(id);

ALTER TABLE bas_customer_exchange_battery ADD CONSTRAINT fk_customer_exchange_battery_battery_id FOREIGN KEY (battery_id) REFERENCES hdg_battery(id);

ALTER TABLE bas_customer_exchange_battery ADD CONSTRAINT fk_customer_exchange_battery_battery_order_id FOREIGN KEY (battery_order_id) REFERENCES hdg_battery_order(id);

ALTER TABLE bas_customer_exchange_battery ADD CONSTRAINT fk_customer_exchange_battery_back_battery_order_id FOREIGN KEY (back_battery_order_id) REFERENCES hdg_back_battery_order(id);

ALTER TABLE hdg_cabinet_dynamic_code_customer ADD CONSTRAINT fk_cabinet_dynamic_code_customer_cabinet_id FOREIGN KEY (cabinet_id) REFERENCES hdg_cabinet(id);

ALTER TABLE hdg_cabinet_dynamic_code_customer ADD CONSTRAINT fk_cabinet_dynamic_code_customer_customer_id FOREIGN KEY (customer_id) REFERENCES bas_customer(id);

ALTER TABLE bas_customer_in_out_money ADD CONSTRAINT fk_bas_customer_in_out_money_customer_id FOREIGN KEY (customer_id) REFERENCES bas_customer(id);

ALTER TABLE bas_customer_deposit_order ADD CONSTRAINT fk_customer_deposit_order_customer_id FOREIGN KEY (customer_id) REFERENCES bas_customer(id);

ALTER TABLE bas_customer_deposit_order ADD CONSTRAINT fk_customer_deposit_order_partner_id FOREIGN KEY (partner_id) REFERENCES bas_partner(id);

ALTER TABLE bas_customer_deposit_gift ADD CONSTRAINT fk_customer_deposit_gift_partner_id FOREIGN KEY (partner_id) REFERENCES bas_partner(id);

ALTER TABLE bas_customer_balance_deduct ADD CONSTRAINT fk_customer_balance_deduct_partner_id FOREIGN KEY (partner_id) REFERENCES bas_partner(id);

ALTER TABLE bas_customer_balance_deduct ADD CONSTRAINT fk_customer_balance_deduct_customer_id FOREIGN KEY (customer_id) REFERENCES bas_customer(id);

ALTER TABLE bas_customer_coupon_ticket_gift ADD CONSTRAINT fk_customer_coupon_ticket_gift_agent_id FOREIGN KEY (agent_id) REFERENCES bas_agent(id);

ALTER TABLE bas_customer_coupon_ticket ADD CONSTRAINT fk_customer_coupon_ticket_partner_id FOREIGN KEY (partner_id) REFERENCES bas_partner(id);

ALTER TABLE bas_customer_coupon_ticket ADD CONSTRAINT fk_customer_coupon_ticket_agent_id FOREIGN KEY (agent_id) REFERENCES bas_agent(id);

ALTER TABLE bas_customer_refund_record ADD CONSTRAINT fk_customer_refund_record_partner_id FOREIGN KEY (partner_id) REFERENCES bas_partner(id);

ALTER TABLE bas_customer_refund_record ADD CONSTRAINT fk_customer_refund_record_agent_id FOREIGN KEY (agent_id) REFERENCES bas_agent(id);

ALTER TABLE bas_customer_refund_record ADD CONSTRAINT fk_customer_refund_record_customer_id FOREIGN KEY (customer_id) REFERENCES bas_customer(id);

ALTER TABLE bas_feedback ADD CONSTRAINT fk_feedback_partner_id FOREIGN KEY (partner_id) REFERENCES bas_partner(id);

ALTER TABLE bas_feedback ADD CONSTRAINT fk_feedback_customer_id FOREIGN KEY (customer_id) REFERENCES bas_customer(id);

ALTER TABLE bas_agent_battery_type ADD CONSTRAINT fk_agent_battery_type_agent_id FOREIGN KEY (agent_id) REFERENCES bas_agent(id);

ALTER TABLE bas_agent_foregift_refund ADD CONSTRAINT fk_agent_foregift_refund_agent_id FOREIGN KEY (agent_id) REFERENCES bas_agent(id);

ALTER TABLE bas_agent_foregift_refund ADD CONSTRAINT fk_agent_foregift_refund_customer_id FOREIGN KEY (customer_id) REFERENCES bas_customer(id);

ALTER TABLE bas_agent_foregift_refund ADD CONSTRAINT fk_agent_foregift_refund_foregift_order_id FOREIGN KEY (foregift_order_id) REFERENCES bas_customer_foregift_order(id);

ALTER TABLE bas_agent_foregift_refund ADD CONSTRAINT fk_agent_foregift_refund_refund_record_id FOREIGN KEY (refund_record_id) REFERENCES bas_customer_refund_record(id);

ALTER TABLE bas_deduction_ticket_order ADD CONSTRAINT fk_deduction_ticket_order_agent_id FOREIGN KEY (agent_id) REFERENCES bas_agent(id);

ALTER TABLE bas_deduction_ticket_order ADD CONSTRAINT fk_deduction_ticket_order_customer_id FOREIGN KEY (customer_id) REFERENCES bas_customer(id);

ALTER TABLE bas_agent_deposit_order ADD CONSTRAINT fk_agent_deposit_order_agent_id FOREIGN KEY (agent_id) REFERENCES bas_agent(id);

ALTER TABLE hdg_shop ADD CONSTRAINT fk_shop_agent_id FOREIGN KEY (agent_id) REFERENCES bas_agent(id);

ALTER TABLE bas_shop_in_out_money ADD CONSTRAINT fk_shop_in_out_money_shop_id FOREIGN KEY (shop_id) REFERENCES hdg_shop(id);

ALTER TABLE hdg_cabinet ADD CONSTRAINT fk_cabinet_terminal_id FOREIGN KEY (terminal_id) REFERENCES yms_terminal(id);

ALTER TABLE hdg_cabinet ADD CONSTRAINT fk_cabinet_shop_id FOREIGN KEY (shop_id) REFERENCES hdg_shop(id);

ALTER TABLE hdg_cabinet_box ADD CONSTRAINT fk_cabinet_box_agent_id FOREIGN KEY (agent_id) REFERENCES bas_agent(id);

ALTER TABLE hdg_cabinet_income_template ADD CONSTRAINT fk_cabinet_income_template_agent_id FOREIGN KEY (agent_id) REFERENCES bas_agent(id);

ALTER TABLE hdg_cabinet_app ADD CONSTRAINT fk_cabinet_app_cabinet_id FOREIGN KEY (cabinet_id) REFERENCES hdg_cabinet(id);

ALTER TABLE hdg_cabinet_battery_type ADD CONSTRAINT fk_cabinet_battery_type_cabinet_id FOREIGN KEY (cabinet_id) REFERENCES hdg_cabinet(id);

ALTER TABLE hdg_cabinet_address_correction ADD CONSTRAINT fk_cabinet_address_correction_cabinet_id FOREIGN KEY (cabinet_id) REFERENCES hdg_cabinet(id);

ALTER TABLE hdg_cabinet_address_correction ADD CONSTRAINT fk_cabinet_address_correction_agent_id FOREIGN KEY (agent_id) REFERENCES bas_agent(id);

ALTER TABLE hdg_cabinet_address_correction ADD CONSTRAINT fk_cabinet_address_correction_customer_id FOREIGN KEY (customer_id) REFERENCES bas_customer(id);

ALTER TABLE hdg_cabinet_day_degree_stats ADD CONSTRAINT fk_cabinet_day_degree_stats_cabinet_id FOREIGN KEY (cabinet_id) REFERENCES hdg_cabinet(id);

ALTER TABLE hdg_cabinet_day_degree_stats ADD CONSTRAINT fk_cabinet_day_degree_stats_agent_id FOREIGN KEY (agent_id) REFERENCES bas_agent(id);

ALTER TABLE hdg_battery ADD CONSTRAINT fk_battery_agent_id FOREIGN KEY (agent_id) REFERENCES bas_agent(id);

ALTER TABLE hdg_battery ADD CONSTRAINT fk_battery_charge_record_id FOREIGN KEY (charge_record_id) REFERENCES hdg_battery_charge_record(id);

ALTER TABLE hdg_battery ADD CONSTRAINT fk_battery_customer_id FOREIGN KEY (customer_id) REFERENCES bas_customer(id);

ALTER TABLE hdg_battery ADD CONSTRAINT fk_battery_cabinet_id FOREIGN KEY (cabinet_id) REFERENCES hdg_cabinet(id);

ALTER TABLE hdg_battery_parameter ADD CONSTRAINT fk_battery_parameter_id FOREIGN KEY (id) REFERENCES hdg_battery(id);

ALTER TABLE hdg_battery_parameter_log ADD CONSTRAINT fk_battery_parameter_log_battery_id FOREIGN KEY (battery_id) REFERENCES hdg_battery(id);

ALTER TABLE hdg_battery_cell_regular ADD CONSTRAINT fk_battery_cell_regular_cell_format_id FOREIGN KEY (cell_format_id) REFERENCES hdg_battery_cell_format(id);

ALTER TABLE hdg_battery_cell_regular ADD CONSTRAINT fk_battery_cell_regular_battery_format_id FOREIGN KEY (battery_format_id) REFERENCES hdg_battery_format(id);

ALTER TABLE hdg_battery_cell_format ADD CONSTRAINT fk_battery_cell_format_cell_model_id FOREIGN KEY (cell_model_id) REFERENCES hdg_battery_cell_model(id);

ALTER TABLE hdg_battery_cell ADD CONSTRAINT fk_battery_cell_unregister_battery_id FOREIGN KEY (battery_id) REFERENCES hdg_unregister_battery(id);

ALTER TABLE hdg_battery_signal ADD CONSTRAINT fk_battery_signal_battery_id FOREIGN KEY (battery_id) REFERENCES hdg_battery(id);

ALTER TABLE hdg_battery_operate_log ADD CONSTRAINT fk_battery_operate_log_customer_id FOREIGN KEY (customer_id) REFERENCES bas_customer(id);

ALTER TABLE hdg_battery_operate_log ADD CONSTRAINT fk_battery_operate_log_cabinet_id FOREIGN KEY (cabinet_id) REFERENCES hdg_cabinet(id);

ALTER TABLE hdg_exchange_whitelist ADD CONSTRAINT fk_exchange_whitelist_agent_id FOREIGN KEY (agent_id) REFERENCES bas_agent(id);

ALTER TABLE hdg_exchange_whitelist ADD CONSTRAINT fk_exchange_whitelist_customer_id FOREIGN KEY (customer_id) REFERENCES bas_customer(id);

ALTER TABLE hdg_exchange_battery_foregift ADD CONSTRAINT fk_exchange_battery_foregift_agent_id FOREIGN KEY (agent_id) REFERENCES bas_agent(id);

ALTER TABLE hdg_exchange_price_time ADD CONSTRAINT fk_exchange_price_time_agent_id FOREIGN KEY (agent_id) REFERENCES bas_agent(id);

ALTER TABLE hdg_packet_period_price ADD CONSTRAINT fk_packet_period_price_agent_id FOREIGN KEY (agent_id) REFERENCES bas_agent(id);

ALTER TABLE hdg_packet_period_activity ADD CONSTRAINT fk_packet_period_activity_agent_id FOREIGN KEY (agent_id) REFERENCES bas_agent(id);

ALTER TABLE hdg_activity_customer ADD CONSTRAINT fk_activity_customer_customer_id FOREIGN KEY (customer_id) REFERENCES bas_customer(id);

ALTER TABLE hdg_insurance ADD CONSTRAINT fk_insurance_agent_id FOREIGN KEY (agent_id) REFERENCES bas_agent(id);

ALTER TABLE hdg_battery_install_record ADD CONSTRAINT fk_battery_install_record_agent_id FOREIGN KEY (agent_id) REFERENCES bas_agent(id);

ALTER TABLE hdg_battery_install_record ADD CONSTRAINT fk_battery_install_record_battery_id FOREIGN KEY (battery_id) REFERENCES hdg_battery(id);

ALTER TABLE hdg_battery_type_income_ratio ADD CONSTRAINT fk_battery_type_income_ratio_agent_id FOREIGN KEY (agent_id) REFERENCES bas_agent(id);

ALTER TABLE bas_customer_pay_track ADD CONSTRAINT fk_customer_pay_track_agent_id FOREIGN KEY (agent_id) REFERENCES bas_agent(id);

ALTER TABLE bas_customer_pay_track ADD CONSTRAINT fk_customer_pay_track_customer_id FOREIGN KEY (customer_id) REFERENCES bas_customer(id);

ALTER TABLE bas_customer_foregift_order ADD CONSTRAINT fk_customer_foregift_order_customer_id FOREIGN KEY (customer_id) REFERENCES bas_customer(id);

ALTER TABLE bas_customer_foregift_order ADD CONSTRAINT fk_customer_foregift_order_agent_id FOREIGN KEY (agent_id) REFERENCES bas_agent(id);

ALTER TABLE bas_customer_foregift_order ADD CONSTRAINT fk_customer_foregift_order_partner_id FOREIGN KEY (partner_id) REFERENCES bas_partner(id);

ALTER TABLE bas_customer_foregift_order ADD CONSTRAINT fk_customer_foregift_order_cabinet_id FOREIGN KEY (cabinet_id) REFERENCES hdg_cabinet(id);

ALTER TABLE bas_laxin_setting ADD CONSTRAINT fk_laxin_setting_agent_id FOREIGN KEY (agent_id) REFERENCES bas_agent(id);

ALTER TABLE bas_laxin ADD CONSTRAINT fk_laxin_partner_id FOREIGN KEY (partner_id) REFERENCES bas_partner(id);

ALTER TABLE bas_laxin ADD CONSTRAINT fk_laxin_agent_id FOREIGN KEY (agent_id) REFERENCES bas_agent(id);

ALTER TABLE bas_laxin_customer ADD CONSTRAINT fk_laxin_customer_partner_id FOREIGN KEY (partner_id) REFERENCES bas_partner(id);

ALTER TABLE bas_laxin_customer ADD CONSTRAINT fk_laxin_customer_agent_id FOREIGN KEY (agent_id) REFERENCES bas_agent(id);

ALTER TABLE bas_laxin_customer ADD CONSTRAINT fk_laxin_customer_laxin_id FOREIGN KEY (laxin_id) REFERENCES bas_laxin(id);

ALTER TABLE bas_laxin_record ADD CONSTRAINT fk_laxin_record_agent_id FOREIGN KEY (agent_id) REFERENCES bas_agent(id);

ALTER TABLE bas_laxin_record ADD CONSTRAINT fk_laxin_record_laxin_id FOREIGN KEY (laxin_id) REFERENCES bas_laxin(id);

ALTER TABLE bas_laxin_pay_order ADD CONSTRAINT fk_laxin_pay_order_agent_id FOREIGN KEY (agent_id) REFERENCES bas_agent(id);

ALTER TABLE bas_laxin_pay_order_detail ADD CONSTRAINT fk_laxin_pay_order_detail_order_id FOREIGN KEY (order_id) REFERENCES bas_laxin_pay_order(id);

ALTER TABLE bas_laxin_pay_order_detail ADD CONSTRAINT fk_laxin_pay_order_detail_record_id FOREIGN KEY (record_id) REFERENCES bas_laxin_record(id);

ALTER TABLE bas_withdraw ADD CONSTRAINT fk_withdraw_customer_id FOREIGN KEY (customer_id) REFERENCES bas_customer(id);

ALTER TABLE bas_withdraw ADD CONSTRAINT fk_withdraw_agent_id FOREIGN KEY (agent_id) REFERENCES bas_agent(id);

ALTER TABLE bas_withdraw ADD CONSTRAINT fk_withdraw_shop_id FOREIGN KEY (shop_id) REFERENCES hdg_shop(id);

ALTER TABLE bas_withdraw_transfer_log ADD CONSTRAINT fk_withdraw_transfer_log_withdraw_id FOREIGN KEY (withdraw_id) REFERENCES bas_withdraw(id);

ALTER TABLE hdg_packet_period_order ADD CONSTRAINT fk_packet_period_order_partner_id FOREIGN KEY (partner_id) REFERENCES bas_partner(id);

ALTER TABLE hdg_packet_period_order ADD CONSTRAINT fk_packet_period_order_cabinet_id FOREIGN KEY (cabinet_id) REFERENCES hdg_cabinet(id);

ALTER TABLE hdg_insurance_order ADD CONSTRAINT fk_insurance_order_agent_id FOREIGN KEY (agent_id) REFERENCES bas_agent(id);

ALTER TABLE hdg_insurance_order ADD CONSTRAINT fk_insurance_order_cabinet_id FOREIGN KEY (cabinet_id) REFERENCES hdg_cabinet(id);

ALTER TABLE hdg_insurance_order ADD CONSTRAINT fk_insurance_order_customer_id FOREIGN KEY (customer_id) REFERENCES bas_customer(id);

ALTER TABLE hdg_battery_order ADD CONSTRAINT fk_battery_order_partner_id FOREIGN KEY (partner_id) REFERENCES bas_partner(id);

ALTER TABLE hdg_battery_order ADD CONSTRAINT fk_battery_order_take_shop_id FOREIGN KEY (take_shop_id) REFERENCES hdg_shop(id);

ALTER TABLE hdg_keep_take_order ADD CONSTRAINT fk_keep_take_order_agent_id FOREIGN KEY (agent_id) REFERENCES bas_agent(id);

ALTER TABLE hdg_keep_take_order ADD CONSTRAINT fk_keep_take_order_cabinet_id FOREIGN KEY (cabinet_id) REFERENCES hdg_cabinet(id);

ALTER TABLE hdg_keep_put_order ADD CONSTRAINT fk_keep_put_order_agent_id FOREIGN KEY (agent_id) REFERENCES bas_agent(id);

ALTER TABLE hdg_keep_put_order ADD CONSTRAINT fk_keep_put_order_cabinet_id FOREIGN KEY (cabinet_id) REFERENCES hdg_cabinet(id);

ALTER TABLE hdg_keep_order ADD CONSTRAINT fk_keep_order_agent_id FOREIGN KEY (agent_id) REFERENCES bas_agent(id);

ALTER TABLE hdg_keep_order ADD CONSTRAINT fk_keep_order_battery_id FOREIGN KEY (battery_id) REFERENCES hdg_battery(id);

ALTER TABLE hdg_keep_order ADD CONSTRAINT fk_keep_order_take_order_id FOREIGN KEY (take_order_id) REFERENCES hdg_keep_take_order(id);

ALTER TABLE hdg_keep_order ADD CONSTRAINT fk_keep_order_put_order_id FOREIGN KEY (put_order_id) REFERENCES hdg_keep_put_order(id);

ALTER TABLE hdg_keep_order ADD CONSTRAINT fk_keep_order_take_cabinet_id FOREIGN KEY (take_cabinet_id) REFERENCES hdg_cabinet(id);

ALTER TABLE hdg_keep_order ADD CONSTRAINT fk_keep_order_put_cabinet_id FOREIGN KEY (put_cabinet_id) REFERENCES hdg_cabinet(id);

ALTER TABLE hdg_keep_order ADD CONSTRAINT fk_keep_order_take_user_id FOREIGN KEY (take_user_id) REFERENCES bas_user(id);

ALTER TABLE hdg_keep_order ADD CONSTRAINT fk_keep_order_put_user_id FOREIGN KEY (put_user_id) REFERENCES bas_user(id);

ALTER TABLE hdg_back_battery_order ADD CONSTRAINT fk_back_battery_order_battery_id FOREIGN KEY (battery_id) REFERENCES hdg_battery(id);

ALTER TABLE bas_sms_config ADD CONSTRAINT fk_sms_config_partner_id FOREIGN KEY (partner_id) REFERENCES bas_partner(id);

ALTER TABLE bas_mobile_message_template ADD CONSTRAINT fk_mobile_message_template_partner_id FOREIGN KEY (partner_id) REFERENCES bas_partner(id);

ALTER TABLE bas_mobile_message ADD CONSTRAINT fk_mobile_message_partner_id FOREIGN KEY (partner_id) REFERENCES bas_partner(id);

ALTER TABLE bas_batch_mobile_message ADD CONSTRAINT fk_batch_mobile_message_template_id FOREIGN KEY (template_id) REFERENCES bas_push_message_template(id);

ALTER TABLE bas_mp_push_message_template ADD CONSTRAINT fk_mp_push_message_template_weixinmp_id FOREIGN KEY (weixinmp_id) REFERENCES bas_weixinmp(id);

ALTER TABLE bas_mp_push_message_template_detail ADD CONSTRAINT fk_mp_push_message_template_detail_weixinmp_id FOREIGN KEY (weixinmp_id) REFERENCES bas_weixinmp(id);

-- ALTER TABLE bas_mp_push_message_template_detail ADD CONSTRAINT fk_mp_push_message_template_detail_template_id FOREIGN KEY (template_id) REFERENCES bas_mp_push_message_template(id);

ALTER TABLE bas_fw_push_message_template ADD CONSTRAINT fk_fw_push_message_template_alipayfw_id FOREIGN KEY (alipayfw_id) REFERENCES bas_alipayfw(id);

-- ALTER TABLE bas_fw_push_message_template_detail ADD CONSTRAINT fk_fw_push_message_template_detail_template_id FOREIGN KEY (template_id) REFERENCES bas_fw_push_message_template(id);

ALTER TABLE bas_fw_push_message_template_detail ADD CONSTRAINT fk_fw_push_message_template_detail_alipayfw_id FOREIGN KEY (alipayfw_id) REFERENCES bas_alipayfw(id);

ALTER TABLE bas_batch_weixinmp_template_message_detail ADD CONSTRAINT fk_batch_weixinmp_template_message_detail_batch_id FOREIGN KEY (batch_id) REFERENCES bas_batch_weixinmp_template_message(id);

ALTER TABLE bas_weixinmp_template_message ADD CONSTRAINT fk_weixinmp_template_message_agent_id FOREIGN KEY (agent_id) REFERENCES bas_agent(id);

ALTER TABLE bas_weixinmp_template_message ADD CONSTRAINT fk_weixinmp_template_message_weixinmp_id FOREIGN KEY (weixinmp_id) REFERENCES bas_weixinmp(id);

ALTER TABLE bas_alipayfw_template_message ADD CONSTRAINT fk_alipayfw_template_message_agent_id FOREIGN KEY (agent_id) REFERENCES bas_agent(id);

ALTER TABLE bas_alipayfw_template_message ADD CONSTRAINT fk_alipayfw_template_message_alipayfw_id FOREIGN KEY (alipayfw_id) REFERENCES bas_alipayfw(id);

ALTER TABLE bas_push_message ADD CONSTRAINT fk_push_message_agent_id FOREIGN KEY (agent_id) REFERENCES bas_agent(id);

ALTER TABLE bas_partner_mp_open_id ADD CONSTRAINT fk_partner_mp_open_id_partner_id FOREIGN KEY (partner_id) REFERENCES bas_partner(id);

ALTER TABLE bas_partner_mp_open_id ADD CONSTRAINT fk_partner_mp_open_id_customer_id FOREIGN KEY (customer_id) REFERENCES bas_customer(id);

ALTER TABLE bas_partner_fw_open_id ADD CONSTRAINT fk_partner_fw_open_id_partner_id FOREIGN KEY (partner_id) REFERENCES bas_partner(id);

ALTER TABLE bas_partner_fw_open_id ADD CONSTRAINT fk_partner_fw_open_id_customer_id FOREIGN KEY (customer_id) REFERENCES bas_customer(id);

ALTER TABLE bas_weixinmp_open_id ADD CONSTRAINT fk_weixinmp_open_id_weixinmp_id FOREIGN KEY (weixinmp_id) REFERENCES bas_weixinmp(id);

ALTER TABLE bas_alipayfw_open_id ADD CONSTRAINT fk_alipayfw_open_id_alipayfw_id FOREIGN KEY (alipayfw_id) REFERENCES bas_alipayfw(id);

ALTER TABLE bas_weixinmp_subscribe ADD CONSTRAINT fk_weixinmp_subscribe_weixinmp_id FOREIGN KEY (weixinmp_id) REFERENCES bas_weixinmp(id);

ALTER TABLE bas_alipayfw_subscribe ADD CONSTRAINT fk_alipayfw_subscribe_alipayfw_id FOREIGN KEY (alipayfw_id) REFERENCES bas_alipayfw(id);

ALTER TABLE bas_terminal_upgrade_pack_detail ADD CONSTRAINT fk_terminal_upgrade_pack_detail_upgrade_pack_id FOREIGN KEY (upgrade_pack_id) REFERENCES bas_terminal_upgrade_pack(id);

ALTER TABLE bas_terminal_upgrade_pack_detail ADD CONSTRAINT fk_terminal_upgrade_pack_detail_terminal_id FOREIGN KEY (terminal_id) REFERENCES yms_terminal(id);

ALTER TABLE bas_battery_upgrade_pack_detail ADD CONSTRAINT fk_battery_upgrade_pack_detail_upgrade_pack_id FOREIGN KEY (upgrade_pack_id) REFERENCES bas_battery_upgrade_pack(id);

ALTER TABLE bas_battery_upgrade_pack_detail ADD CONSTRAINT fk_battery_upgrade_pack_detail_battery_id FOREIGN KEY (battery_id) REFERENCES hdg_battery(id);

ALTER TABLE bas_weixin_pay_order ADD CONSTRAINT fk_weixin_pay_order_partner_id FOREIGN KEY (partner_id) REFERENCES bas_partner(id);

ALTER TABLE bas_weixin_pay_order ADD CONSTRAINT fk_weixin_pay_order_agent_id FOREIGN KEY (agent_id) REFERENCES bas_agent(id);

ALTER TABLE bas_alipay_pay_order ADD CONSTRAINT fk_alipay_pay_order_partner_id FOREIGN KEY (partner_id) REFERENCES bas_partner(id);

ALTER TABLE bas_weixinmp_pay_order ADD CONSTRAINT fk_weixinmp_pay_order_partner_id FOREIGN KEY (partner_id) REFERENCES bas_partner(id);

ALTER TABLE bas_weixinmp_pay_order ADD CONSTRAINT fk_weixinmp_pay_order_agent_id FOREIGN KEY (agent_id) REFERENCES bas_agent(id);

ALTER TABLE bas_weixinmp_pay_order ADD CONSTRAINT fk_weixinmp_pay_order_customer_id FOREIGN KEY (customer_id) REFERENCES bas_customer(id);

ALTER TABLE bas_alipayfw_pay_order ADD CONSTRAINT fk_alipayfw_pay_order_partner_id FOREIGN KEY (partner_id) REFERENCES bas_partner(id);

ALTER TABLE bas_alipayfw_pay_order ADD CONSTRAINT fk_alipayfw_pay_order_agent_id FOREIGN KEY (agent_id) REFERENCES bas_agent(id);

ALTER TABLE bas_alipayfw_pay_order ADD CONSTRAINT fk_alipayfw_pay_order_customer_id FOREIGN KEY (customer_id) REFERENCES bas_customer(id);

ALTER TABLE bas_balance_record ADD CONSTRAINT fk_balance_record_shop_id FOREIGN KEY (shop_id) REFERENCES hdg_shop(id);

ALTER TABLE bas_balance_record ADD CONSTRAINT fk_balance_record_agent_id FOREIGN KEY (agent_id) REFERENCES bas_agent(id);

ALTER TABLE bas_agent_public_notice ADD CONSTRAINT fk_agent_public_notice_agent_id FOREIGN KEY (agent_id) REFERENCES bas_agent(id);

ALTER TABLE bas_agent_notice_message ADD CONSTRAINT fk_agent_notice_message_agent_id FOREIGN KEY (agent_id) REFERENCES bas_agent(id);

ALTER TABLE bas_read_notice_customer ADD CONSTRAINT fk_read_notice_customer_customer_id FOREIGN KEY (customer_id) REFERENCES bas_customer(id);

ALTER TABLE bas_read_notice_customer ADD CONSTRAINT fk_read_notice_customer_notice_id FOREIGN KEY (notice_id) REFERENCES bas_public_notice(id);

ALTER TABLE bas_agent_in_out_cash ADD CONSTRAINT fk_agent_in_out_cash_agent_id FOREIGN KEY (agent_id) REFERENCES bas_agent(id);

ALTER TABLE hdg_agent_cabinet_foregift_record ADD CONSTRAINT fk_agent_cabinet_foregift_record_agent_id FOREIGN KEY (agent_id) REFERENCES bas_agent(id);

ALTER TABLE hdg_agent_cabinet_foregift_record ADD CONSTRAINT fk_agent_cabinet_foregift_record_cabinet_id FOREIGN KEY (cabinet_id) REFERENCES hdg_cabinet(id);

ALTER TABLE hdg_agent_cabinet_foregift_record ADD CONSTRAINT fk_agent_cabinet_foregift_record_material_day_stats_id FOREIGN KEY (material_day_stats_id) REFERENCES hdg_agent_material_day_stats(id);

ALTER TABLE hdg_agent_cabinet_rent_record ADD CONSTRAINT fk_agent_cabinet_rent_record_agent_id FOREIGN KEY (agent_id) REFERENCES bas_agent(id);

ALTER TABLE hdg_agent_cabinet_rent_record ADD CONSTRAINT fk_agent_cabinet_rent_record_cabinet_id FOREIGN KEY (cabinet_id) REFERENCES hdg_cabinet(id);

ALTER TABLE hdg_agent_cabinet_rent_record ADD CONSTRAINT fk_agent_cabinet_rent_record_material_day_stats_id FOREIGN KEY (material_day_stats_id) REFERENCES hdg_agent_material_day_stats(id);

ALTER TABLE hdg_agent_battery_rent_record ADD CONSTRAINT fk_agent_battery_rent_record_agent_id FOREIGN KEY (agent_id) REFERENCES bas_agent(id);

ALTER TABLE hdg_agent_battery_rent_record ADD CONSTRAINT fk_agent_battery_rent_record_battery_id FOREIGN KEY (battery_id) REFERENCES hdg_battery(id);

ALTER TABLE hdg_agent_battery_rent_record ADD CONSTRAINT fk_agent_battery_rent_record_material_day_stats_id FOREIGN KEY (material_day_stats_id) REFERENCES hdg_agent_material_day_stats(id);

ALTER TABLE hdg_agent_material_day_stats ADD CONSTRAINT fk_agent_material_day_stats_agent_id FOREIGN KEY (agent_id) REFERENCES bas_agent(id);

ALTER TABLE hdg_cabinet_sim_replace_record ADD CONSTRAINT fk_cabinet_sim_replace_record_cabinet_id FOREIGN KEY (cabinet_id) REFERENCES hdg_cabinet(id);

ALTER TABLE hdg_relief_station ADD CONSTRAINT fk_relief_station_partner_id FOREIGN KEY (partner_id) REFERENCES bas_partner(id);

ALTER TABLE hdg_fault_feedback ADD CONSTRAINT fk_fault_feedback_battery_id FOREIGN KEY (battery_id) REFERENCES hdg_battery(id);

ALTER TABLE hdg_fault_log ADD CONSTRAINT fk_fault_log_agent_id FOREIGN KEY (agent_id) REFERENCES bas_agent(id);

ALTER TABLE hdg_fault_log ADD CONSTRAINT fk_fault_log_cabinet_id FOREIGN KEY (cabinet_id) REFERENCES hdg_cabinet(id);

ALTER TABLE hdg_fault_log ADD CONSTRAINT fk_fault_log_battery_id FOREIGN KEY (battery_id) REFERENCES hdg_battery(id);

ALTER TABLE hdg_cabinet_day_stats ADD CONSTRAINT fk_cabinet_day_stats_cabinet_id FOREIGN KEY (cabinet_id) REFERENCES hdg_cabinet(id);

ALTER TABLE hdg_cabinet_day_stats ADD CONSTRAINT fk_cabinet_day_stats_agent_id FOREIGN KEY (agent_id) REFERENCES bas_agent(id);

ALTER TABLE hdg_cabinet_month_stats ADD CONSTRAINT fk_cabinet_month_stats_cabinet_id FOREIGN KEY (cabinet_id) REFERENCES hdg_cabinet(id);

ALTER TABLE hdg_cabinet_month_stats ADD CONSTRAINT fk_cabinet_month_stats_agent_id FOREIGN KEY (agent_id) REFERENCES bas_agent(id);

ALTER TABLE hdg_push_order_message ADD CONSTRAINT fk_push_order_message_agent_id FOREIGN KEY (agent_id) REFERENCES bas_agent(id);

ALTER TABLE chg_cabinet_install_record ADD CONSTRAINT fk_cabinet_install_record_agent_id FOREIGN KEY (agent_id) REFERENCES bas_agent(id);

ALTER TABLE chg_cabinet_install_record ADD CONSTRAINT fk_cabinet_install_record_cabinet_id FOREIGN KEY (cabinet_id) REFERENCES hdg_cabinet(id);

ALTER TABLE chg_cabinet_install_record ADD CONSTRAINT fk_cabinet_install_record_terminal_id FOREIGN KEY (terminal_id) REFERENCES yms_terminal(id);

ALTER TABLE yms_terminal ADD CONSTRAINT fk_terminal_playlist_id FOREIGN KEY (playlist_id) REFERENCES yms_playlist(id);

ALTER TABLE yms_terminal ADD CONSTRAINT fk_terminal_strategy_id FOREIGN KEY (strategy_id) REFERENCES yms_terminal_strategy(id);

ALTER TABLE yms_terminal_screen_snapshot ADD CONSTRAINT fk_terminal_screen_snapshot_terminal_id FOREIGN KEY (terminal_id) REFERENCES yms_terminal(id);

alter table bas_customer_notice_message add constraint fk_customer_notice_message_customer_id foreign key (customer_id) references bas_customer(id);

alter table bas_user_notice_message add constraint fk_user_notice_message_agent_id foreign key (agent_id) references bas_agent(id);

alter table bas_user_notice_message add constraint fk_user_notice_message_user_id foreign key (user_id) references bas_user(id);

alter table bas_customer_foregift_order add constraint fk_customer_foregift_order_coupon_ticket_id foreign key (coupon_ticket_id) references bas_customer_coupon_ticket(id);

alter table bas_customer_in_out_money add constraint fk_customer_in_out_money_customer_id foreign key (customer_id) references bas_customer(id);

alter table bas_batch_mobile_message_detail add constraint fk_batch_mobile_message_detail_batch_id foreign key (batch_id) references bas_batch_mobile_message(id);

alter table bas_weixin_pay_order add constraint fk_weixin_pay_order_customer_id foreign key (customer_id) references bas_customer(id);

alter table bas_alipay_pay_order add constraint fk_alipay_pay_order_agent_id foreign key (agent_id) references bas_agent(id);

alter table bas_alipay_pay_order add constraint fk_alipay_pay_order_customer_id foreign key (customer_id) references bas_customer(id);

alter table bas_dict_item add constraint fk_dict_item_category_id foreign key (category_id) references bas_dict_category(id);

alter table hdg_cabinet add constraint fk_cabinet_agent_id foreign key (agent_id) references bas_agent(id);

alter table hdg_cabinet add constraint fk_cabinet_dispatcher_id foreign key (dispatcher_id) references bas_user(id);

alter table hdg_cabinet_box add constraint fk_cabinet_box_cabinet_id foreign key (cabinet_id) references hdg_cabinet(id);

alter table hdg_cabinet_box add constraint fk_cabinet_box_battery_id foreign key (battery_id) references hdg_battery(id);

alter table hdg_cabinet_property add constraint fk_cabinet_property_cabinet_id foreign key (cabinet_id) references hdg_cabinet(id);

alter table hdg_cabinet_online_stats add constraint fk_cabinet_online_stats_cabinet_id foreign key (cabinet_id) references hdg_cabinet(id);

alter table hdg_battery_charge_record add constraint fk_battery_charge_record_agent_id foreign key (agent_id) references bas_agent(id);

alter table hdg_battery_charge_record add constraint fk_battery_charge_record_battery_id foreign key (battery_id) references hdg_battery(id);

alter table hdg_battery_charge_record add constraint fk_battery_charge_record_cabinet_id foreign key (cabinet_id) references hdg_cabinet(id);

alter table hdg_cabinet_signal add constraint fk_cabinet_signal_cabinet_id foreign key (cabinet_id) references hdg_cabinet(id);

alter table hdg_battery_order add constraint fk_battery_order_agent_id foreign key (agent_id) references bas_agent(id);

alter table hdg_battery_order add constraint fk_battery_order_battery_id foreign key (battery_id) references hdg_battery(id);

alter table hdg_battery_order add constraint fk_battery_order_take_cabinet_id foreign key (take_cabinet_id) references hdg_cabinet(id);

alter table hdg_battery_order add constraint fk_battery_order_put_cabinet_id foreign key (put_cabinet_id) references hdg_cabinet(id);

alter table hdg_battery_order add constraint fk_battery_order_customer_id foreign key (customer_id) references bas_customer(id);

alter table hdg_battery_order add constraint fk_battery_order_coupon_ticket_id foreign key (coupon_ticket_id) references bas_customer_coupon_ticket(id);

alter table hdg_battery_order add constraint fk_battery_order_packet_period_order_id foreign key (packet_period_order_id) references hdg_packet_period_order(id);

alter table hdg_battery_order_refund add constraint fk_battery_order_refund_id foreign key (id) references hdg_battery_order(id);

alter table hdg_battery_order_refund add constraint fk_battery_order_refund_agent_id foreign key (agent_id) references bas_agent(id);

alter table hdg_battery_order_refund add constraint fk_battery_order_refund_cabinet_id foreign key (cabinet_id) references hdg_cabinet(id);

alter table hdg_battery_order_refund add constraint fk_battery_order_refund_customer_id foreign key (customer_id) references bas_customer(id);

alter table hdg_back_battery_order add constraint fk_back_battery_order_agent_id foreign key (agent_id) references bas_agent(id);

alter table hdg_back_battery_order add constraint fk_back_battery_order_cabinet_id foreign key (cabinet_id) references hdg_cabinet(id);

alter table hdg_back_battery_order add constraint fk_back_battery_order_customer_id foreign key (customer_id) references bas_customer(id);

alter table hdg_battery add constraint fk_back_battery_agent_id foreign key (agent_id) references bas_agent(id);

alter table hdg_battery add constraint fk_back_battery_charge_record_id foreign key (charge_record_id) references hdg_battery_charge_record(id);

alter table hdg_battery add constraint fk_back_battery_customer_id foreign key (customer_id) references bas_customer(id);

alter table hdg_battery add constraint fk_back_battery_cabinet_id foreign key (cabinet_id) references hdg_cabinet(id);

alter table hdg_battery_operate_log add constraint fk_battery_operate_log_battery_id foreign key (battery_id) references hdg_battery(id);

alter table hdg_cabinet_operate_log add constraint fk_cabinet_operate_log_agent_id foreign key (agent_id) references bas_agent(id);

alter table hdg_cabinet_operate_log add constraint fk_cabinet_operate_log_cabinet_id foreign key (cabinet_id) references hdg_cabinet(id);

alter table hdg_packet_period_order add constraint fk_packet_period_order_agent_id foreign key (agent_id) references bas_agent(id);

alter table hdg_packet_period_order add constraint fk_packet_period_order_customer_id foreign key (customer_id) references bas_customer(id);

alter table hdg_packet_period_order add constraint fk_packet_period_order_coupon_ticket_id foreign key (coupon_ticket_id) references bas_customer_coupon_ticket(id);

alter table hdg_packet_period_order_refund add constraint fk_packet_period_order_refund_agent_id foreign key (agent_id) references bas_agent(id);

alter table hdg_packet_period_order_refund add constraint fk_packet_period_order_refund_customer_id foreign key (customer_id) references bas_customer(id);

alter table hdg_battery_sim_replace_record add constraint fk_battery_sim_replace_record_battery_id foreign key (battery_id) references hdg_battery(id);

alter table hdg_fault_feedback add constraint fk_fault_feedback_agent_id foreign key (agent_id) references bas_agent(id);

alter table hdg_fault_feedback add constraint fk_fault_feedback_cabinet_id foreign key (cabinet_id) references hdg_cabinet(id);

alter table hdg_fault_feedback add constraint fk_fault_feedback_customer_id foreign key (customer_id) references bas_customer(id);

alter table hdg_agent_day_stats add constraint fk_agent_day_stats_agent_id foreign key (agent_id) references bas_agent(id);

alter table hdg_agent_month_stats add constraint fk_agent_month_stats_agent_id foreign key (agent_id) references bas_agent(id);

alter table hdg_customer_day_stats add constraint fk_customer_day_stats_customer_id foreign key (customer_id) references bas_customer(id);

alter table yms_material_group add constraint fk_material_group_agent_id foreign key (agent_id) references bas_agent(id);

alter table yms_material add constraint fk_material_agent_id foreign key (agent_id) references bas_agent(id);

alter table yms_material add constraint fk_material_group_id foreign key (group_id) references yms_material_group(id);

alter table yms_material add constraint fk_material_owner_id foreign key (owner_id) references bas_user(id);

alter table yms_playlist add constraint fk_playlist_agent_id foreign key (agent_id) references bas_agent(id);

alter table yms_playlist_detail add constraint fk_playlist_detail_playlist_id foreign key (playlist_id) references yms_playlist(id);

alter table yms_playlist_detail_material add constraint fk_playlist_detail_material_detail_id foreign key (detail_id) references yms_playlist_detail(id);

alter table yms_playlist_detail_material add constraint fk_playlist_detail_material_material_id foreign key (material_id) references yms_material(id);

alter table yms_published_material add constraint fk_published_material_material_id foreign key (material_id) references yms_material(id);

alter table yms_published_material add constraint fk_published_material_agent_id foreign key (agent_id) references bas_agent(id);

alter table yms_published_material add constraint fk_published_material_group_id foreign key (group_id) references yms_material_group(id);

alter table yms_published_material add constraint fk_published_material_owner_id foreign key (owner_id) references bas_user(id);

alter table yms_published_playlist add constraint fk_published_playlist_agent_id foreign key (agent_id) references bas_agent(id);

alter table yms_published_playlist_detail add constraint fk_published_playlist_detail_detail_id foreign key (detail_id) references yms_playlist_detail(id);

alter table yms_published_playlist_detail add constraint fk_published_playlist_detail_playlist_id foreign key (playlist_id) references yms_published_playlist(id);

alter table yms_published_playlist_detail_material add constraint fk_published_playlist_detail_material_detail_id foreign key (detail_id) references yms_published_playlist_detail(id);

alter table yms_published_playlist_detail_material add constraint fk_published_playlist_detail_material_material_id foreign key (material_id) references yms_published_material(material_id);

alter table yms_terminal add constraint fk_terminal_material_playlist_id foreign key (playlist_id) references yms_playlist(id);

alter table yms_terminal add constraint fk_terminal_material_strategy_id foreign key (strategy_id) references yms_terminal_strategy(id);

alter table yms_terminal_play_log add constraint fk_terminal_play_log_terminal_id foreign key (terminal_id) references yms_terminal(id);

alter table yms_terminal_play_log add constraint fk_terminal_play_log_agent_id foreign key (agent_id) references bas_agent(id);

alter table yms_terminal_run_log add constraint fk_terminal_run_log_terminal_id foreign key (terminal_id) references yms_terminal(id);

alter table yms_terminal_run_log add constraint fk_terminal_run_log_agent_id foreign key (agent_id) references bas_agent(id);

alter table yms_terminal_property add constraint fk_terminal_property_terminal_id foreign key (terminal_id) references yms_terminal(id);

alter table yms_terminal_strategy add constraint fk_terminal_strategy_agent_id foreign key (agent_id) references bas_agent(id);

alter table yms_terminal_command add constraint fk_terminal_command_agent_id foreign key (agent_id) references bas_agent(id);

alter table yms_terminal_command add constraint fk_terminal_command_terminal_id foreign key (terminal_id) references yms_terminal(id);

alter table yms_terminal_screen_snapshot add constraint fk_terminal_screen_snapshot_agent_id foreign key (agent_id) references bas_agent(id);

alter table yms_terminal_crash_log add constraint fk_terminal_crash_log_terminal_id foreign key (terminal_id) references yms_terminal(id);

alter table yms_terminal_crash_log add constraint fk_terminal_crash_log_agent_id foreign key (agent_id) references bas_agent(id);

alter table yms_terminal_upload_log add constraint fk_terminal_upload_log_agent_id foreign key (agent_id) references bas_agent(id);

alter table yms_terminal_upload_log add constraint fk_terminal_upload_log_terminal_id foreign key (terminal_id) references yms_terminal(id);

alter table hdg_battery_cell_barcode add constraint fk_battery_cell_barcode_cell_format_id foreign key (cell_format_id) references hdg_battery_cell_format(id);

alter table hdg_battery_barcode add constraint fk_battery_barcode_battery_format_id foreign key (battery_format_id) references hdg_battery_format(id);

alter table bas_agent_battery_type add constraint fk_agent_battery_type_battery_type foreign key (battery_type) references bas_system_battery_type(id);

alter table bas_customer_exchange_info add constraint fk_customer_exchange_info_battery_type foreign key (battery_type) references bas_system_battery_type(id);

alter table bas_customer_foregift_order add constraint fk_customer_foregift_order_battery_type foreign key (battery_type) references bas_system_battery_type(id);

alter table hdg_battery add constraint fk_hdg_battery_type foreign key (type) references bas_system_battery_type(id);

alter table hdg_battery_order add constraint fk_battery_order_battery_type foreign key (battery_type) references bas_system_battery_type(id);

alter table hdg_cabinet_battery_type add constraint fk_cabinet_battery_type_battery_type foreign key (battery_type) references bas_system_battery_type(id);

alter table hdg_exchange_battery_foregift add constraint fk_exchange_battery_foregift_battery_type foreign key (battery_type) references bas_system_battery_type(id);

alter table hdg_exchange_price_time add constraint fk_exchange_price_time_battery_type foreign key (battery_type) references bas_system_battery_type(id);

alter table hdg_exchange_whitelist add constraint fk_exchange_whitelist_battery_type foreign key (battery_type) references bas_system_battery_type(id);

alter table hdg_packet_period_activity add constraint fk_packet_period_activity_battery_type foreign key (battery_type) references bas_system_battery_type(id);

alter table hdg_packet_period_order add constraint fk_packet_period_order_battery_type foreign key (battery_type) references bas_system_battery_type(id);


insert into bas_menu(id, menu_name, parent_id, menu_pos) values ('1', '平台', null, 1);
insert into bas_menu(id, menu_name, parent_id, menu_pos) values ('1_1', '会员管理', '1', 1);
insert into bas_menu(id, menu_name, parent_id, menu_pos) values ('basic.Customer', '会员管理', '1_1', 1);
insert into bas_perm(id, perm_name, depend, menu_id, order_num) values ('basic.Customer:list', '列表', '', 'basic.Customer', 1);
insert into bas_perm(id, perm_name, depend, menu_id, order_num) values ('basic.Customer:clearAgent', '清空运营商', 'basic.Customer:list', 'basic.Customer', 2);
insert into bas_perm(id, perm_name, depend, menu_id, order_num) values ('basic.Customer:appUnbindMobile', '平台解绑', 'basic.Customer:list', 'basic.Customer', 3);
insert into bas_perm(id, perm_name, depend, menu_id, order_num) values ('basic.Customer:fwUnbindMobile', '生活号解绑', 'basic.Customer:list', 'basic.Customer', 4);
insert into bas_perm(id, perm_name, depend, menu_id, order_num) values ('basic.Customer:mpUnbindMobile', '公众号解绑', 'basic.Customer:list', 'basic.Customer', 5);
insert into bas_perm(id, perm_name, depend, menu_id, order_num) values ('basic.Customer:batchActive', '批量禁用/启动', 'basic.Customer:list', 'basic.Customer', 6);
insert into bas_perm(id, perm_name, depend, menu_id, order_num) values ('basic.Customer:batchRemove', '批量删除', 'basic.Customer:list', 'basic.Customer', 7);
insert into bas_perm(id, perm_name, depend, menu_id, order_num) values ('basic.Customer:add', '新建', 'basic.Customer:list', 'basic.Customer', 8);
insert into bas_perm(id, perm_name, depend, menu_id, order_num) values ('basic.Customer:view', '查看', 'basic.Customer:list', 'basic.Customer', 9);
insert into bas_perm(id, perm_name, depend, menu_id, order_num) values ('basic.Customer:edit', '修改', 'basic.Customer:list', 'basic.Customer', 10);
insert into bas_perm(id, perm_name, depend, menu_id, order_num) values ('basic.Customer:remove', '删除', 'basic.Customer:list', 'basic.Customer', 11);
insert into bas_menu(id, menu_name, parent_id, menu_pos) values ('basic.CustomerDepositOrder', '会员充值', '1_1', 2);
insert into bas_perm(id, perm_name, depend, menu_id, order_num) values ('basic.CustomerDepositOrder:list', '列表', '', 'basic.CustomerDepositOrder', 1);
insert into bas_perm(id, perm_name, depend, menu_id, order_num) values ('basic.CustomerDepositOrder:view', '查看', 'basic.CustomerDepositOrder:list', 'basic.CustomerDepositOrder', 2);
insert into bas_menu(id, menu_name, parent_id, menu_pos) values ('1_2', '认证审核', '1', 2);
insert into bas_menu(id, menu_name, parent_id, menu_pos) values ('basic.CustomerManualAuthRecord', '认证审核', '1_2', 1);
insert into bas_perm(id, perm_name, depend, menu_id, order_num) values ('basic.CustomerManualAuthRecord:list', '列表', '', 'basic.CustomerManualAuthRecord', 1);
insert into bas_perm(id, perm_name, depend, menu_id, order_num) values ('basic.CustomerManualAuthRecord:view', '查看', '', 'basic.CustomerManualAuthRecord', 2);
insert into bas_perm(id, perm_name, depend, menu_id, order_num) values ('basic.CustomerManualAuthRecord:auth', '审核', '', 'basic.CustomerManualAuthRecord', 3);
insert into bas_menu(id, menu_name, parent_id, menu_pos) values ('1_3', '平台公告', '1', 3);
insert into bas_menu(id, menu_name, parent_id, menu_pos) values ('basic.PublicNotice', '平台公告', '1_3', 1);
insert into bas_perm(id, perm_name, depend, menu_id, order_num) values ('basic.PublicNotice:list', '列表', '', 'basic.PublicNotice', 1);
insert into bas_perm(id, perm_name, depend, menu_id, order_num) values ('basic.PublicNotice:add', '新建', 'basic.PublicNotice:list', 'basic.PublicNotice', 2);
insert into bas_perm(id, perm_name, depend, menu_id, order_num) values ('basic.PublicNotice:view', '查看', 'basic.PublicNotice:list', 'basic.PublicNotice', 3);
insert into bas_perm(id, perm_name, depend, menu_id, order_num) values ('basic.PublicNotice:edit', '修改', 'basic.PublicNotice:list', 'basic.PublicNotice', 4);
insert into bas_perm(id, perm_name, depend, menu_id, order_num) values ('basic.PublicNotice:remove', '删除', 'basic.PublicNotice:list', 'basic.PublicNotice', 5);
insert into bas_menu(id, menu_name, parent_id, menu_pos) values ('1_4', '系统电池型号', '1', 4);
insert into bas_menu(id, menu_name, parent_id, menu_pos) values ('basic.SystemBatteryType', '系统电池型号', '1_4', 1);
insert into bas_perm(id, perm_name, depend, menu_id, order_num) values ('basic.SystemBatteryType:list', '列表', '', 'basic.SystemBatteryType', 1);
insert into bas_perm(id, perm_name, depend, menu_id, order_num) values ('basic.SystemBatteryType:add', '新建', 'basic.SystemBatteryType:list', 'basic.SystemBatteryType', 2);
insert into bas_perm(id, perm_name, depend, menu_id, order_num) values ('basic.SystemBatteryType:view', '查看', 'basic.SystemBatteryType:list', 'basic.SystemBatteryType', 3);
insert into bas_perm(id, perm_name, depend, menu_id, order_num) values ('basic.SystemBatteryType:edit', '修改', 'basic.SystemBatteryType:list', 'basic.SystemBatteryType', 4);
insert into bas_perm(id, perm_name, depend, menu_id, order_num) values ('basic.SystemBatteryType:remove', '删除', 'basic.SystemBatteryType:list', 'basic.SystemBatteryType', 5);
insert into bas_menu(id, menu_name, parent_id, menu_pos) values ('1_5', '电池配置', '1', 5);
insert into bas_menu(id, menu_name, parent_id, menu_pos) values ('hdg.BatteryCellModel', '电芯型号管理', '1_5', 1);
insert into bas_perm(id, perm_name, depend, menu_id, order_num) values ('hdg.BatteryCellModel:list', '列表', '', 'hdg.BatteryCellModel', 1);
insert into bas_perm(id, perm_name, depend, menu_id, order_num) values ('hdg.BatteryCellModel:add', '新建', 'hdg.BatteryCellModel:list', 'hdg.BatteryCellModel', 2);
insert into bas_perm(id, perm_name, depend, menu_id, order_num) values ('hdg.BatteryCellModel:view', '查看', 'hdg.BatteryCellModel:list', 'hdg.BatteryCellModel', 3);
insert into bas_perm(id, perm_name, depend, menu_id, order_num) values ('hdg.BatteryCellModel:edit', '修改', 'hdg.BatteryCellModel:list', 'hdg.BatteryCellModel', 4);
insert into bas_perm(id, perm_name, depend, menu_id, order_num) values ('hdg.BatteryCellModel:remove', '删除', 'hdg.BatteryCellModel:list', 'hdg.BatteryCellModel', 5);
insert into bas_menu(id, menu_name, parent_id, menu_pos) values ('hdg.BatteryCellFormat', '电芯规格管理', '1_5', 2);
insert into bas_perm(id, perm_name, depend, menu_id, order_num) values ('hdg.BatteryCellFormat:list', '列表', '', 'hdg.BatteryCellFormat', 1);
insert into bas_perm(id, perm_name, depend, menu_id, order_num) values ('hdg.BatteryCellFormat:add', '新建', 'hdg.BatteryCellModel:list', 'hdg.BatteryCellFormat', 2);
insert into bas_perm(id, perm_name, depend, menu_id, order_num) values ('hdg.BatteryCellFormat:view', '查看', 'hdg.BatteryCellModel:list', 'hdg.BatteryCellFormat', 3);
insert into bas_perm(id, perm_name, depend, menu_id, order_num) values ('hdg.BatteryCellFormat:edit', '修改', 'hdg.BatteryCellModel:list', 'hdg.BatteryCellFormat', 4);
insert into bas_perm(id, perm_name, depend, menu_id, order_num) values ('hdg.BatteryCellFormat:remove', '删除', 'hdg.BatteryCellModel:list', 'hdg.BatteryCellFormat', 5);
insert into bas_perm(id, perm_name, depend, menu_id, order_num) values ('hdg.BatteryCellFormat:generateCode', '生成条码', 'hdg.BatteryCellModel:list', 'hdg.BatteryCellFormat', 6);
insert into bas_perm(id, perm_name, depend, menu_id, order_num) values ('hdg.BatteryCellFormat:viewCode', '查看条码', 'hdg.BatteryCellModel:list', 'hdg.BatteryCellFormat', 7);
insert into bas_menu(id, menu_name, parent_id, menu_pos) values ('hdg.BatteryCell', '电芯检验', '1_5', 3);
insert into bas_perm(id, perm_name, depend, menu_id, order_num) values ('hdg.BatteryCell:list', '列表', '', 'hdg.BatteryCell', 1);
insert into bas_perm(id, perm_name, depend, menu_id, order_num) values ('hdg.BatteryCell:add', '新建', 'hdg.BatteryCell:list', 'hdg.BatteryCell', 2);
insert into bas_perm(id, perm_name, depend, menu_id, order_num) values ('hdg.BatteryCell:view', '查看', 'hdg.BatteryCell:list', 'hdg.BatteryCell', 3);
insert into bas_perm(id, perm_name, depend, menu_id, order_num) values ('hdg.BatteryCell:edit', '修改', 'hdg.BatteryCell:list', 'hdg.BatteryCell', 4);
insert into bas_menu(id, menu_name, parent_id, menu_pos) values ('hdg.BatteryFormat', '电池规格管理', '1_5', 4);
insert into bas_perm(id, perm_name, depend, menu_id, order_num) values ('hdg.BatteryFormat:list', '列表', '', 'hdg.BatteryFormat', 1);
insert into bas_perm(id, perm_name, depend, menu_id, order_num) values ('hdg.BatteryFormat:add', '新建', 'hdg.BatteryFormat:list', 'hdg.BatteryFormat', 2);
insert into bas_perm(id, perm_name, depend, menu_id, order_num) values ('hdg.BatteryFormat:view', '查看', 'hdg.BatteryFormat:list', 'hdg.BatteryFormat', 3);
insert into bas_perm(id, perm_name, depend, menu_id, order_num) values ('hdg.BatteryFormat:edit', '修改', 'hdg.BatteryFormat:list', 'hdg.BatteryFormat', 4);
insert into bas_perm(id, perm_name, depend, menu_id, order_num) values ('hdg.BatteryFormat:remove', '删除', 'hdg.BatteryFormat:list', 'hdg.BatteryFormat', 5);
insert into bas_perm(id, perm_name, depend, menu_id, order_num) values ('hdg.BatteryFormat:generateCode', '生成条码', 'hdg.BatteryFormat:list', 'hdg.BatteryFormat', 6);
insert into bas_perm(id, perm_name, depend, menu_id, order_num) values ('hdg.BatteryFormat:viewCode', '查看条码', 'hdg.BatteryFormat:list', 'hdg.BatteryFormat', 7);
insert into bas_menu(id, menu_name, parent_id, menu_pos) values ('hdg.BatteryCheck', '电池检验', '1_5', 5);
insert into bas_perm(id, perm_name, depend, menu_id, order_num) values ('hdg.BatteryCheck:list', '列表', '', 'hdg.BatteryCheck', 1);
insert into bas_perm(id, perm_name, depend, menu_id, order_num) values ('hdg.BatteryCheck:add', '新建', 'hdg.BatteryCheck:list', 'hdg.BatteryCheck', 2);
insert into bas_perm(id, perm_name, depend, menu_id, order_num) values ('hdg.BatteryCheck:edit', '修改', 'hdg.BatteryCheck:list', 'hdg.BatteryCheck', 3);
insert into bas_perm(id, perm_name, depend, menu_id, order_num) values ('hdg.BatteryCheck:remove', '删除', 'hdg.BatteryCheck:list', 'hdg.BatteryCheck', 4);
insert into bas_perm(id, perm_name, depend, menu_id, order_num) values ('hdg.BatteryCheck:exchangeQrcode', '交换二维码', 'hdg.BatteryCheck:list', 'hdg.BatteryCheck', 5);
insert into bas_perm(id, perm_name, depend, menu_id, order_num) values ('hdg.BatteryCheck:bindCode', '绑定BMS编号', 'hdg.BatteryCheck:list', 'hdg.BatteryCheck', 6);
insert into bas_perm(id, perm_name, depend, menu_id, order_num) values ('hdg.BatteryCheck:editCellBind', '转移电芯', 'hdg.BatteryCheck:list', 'hdg.BatteryCheck', 7);
insert into bas_perm(id, perm_name, depend, menu_id, order_num) values ('hdg.BatteryCheck:clearCode', '清空BMS编号', 'hdg.BatteryCheck:list', 'hdg.BatteryCheck', 8);
insert into bas_menu(id, menu_name, parent_id, menu_pos) values ('hdg.ExportRecord', '发货管理', '1_5', 6);
insert into bas_perm(id, perm_name, depend, menu_id, order_num) values ('hdg.ExportRecord:list', '列表', '', 'hdg.ExportRecord', 1);
insert into bas_perm(id, perm_name, depend, menu_id, order_num) values ('hdg.ExportRecord:download', '模板下载', 'hdg.ExportRecord:list', 'hdg.ExportRecord', 2);
insert into bas_perm(id, perm_name, depend, menu_id, order_num) values ('hdg.ExportRecord:batchImport', '批量导入', 'hdg.ExportRecord:list', 'hdg.ExportRecord', 3);
insert into bas_perm(id, perm_name, depend, menu_id, order_num) values ('hdg.ExportRecord:view', '查看', 'hdg.ExportRecord:list', 'hdg.ExportRecord', 4);
insert into bas_perm(id, perm_name, depend, menu_id, order_num) values ('hdg.ExportRecord:remove', '删除', 'hdg.ExportRecord:list', 'hdg.ExportRecord', 5);
insert into bas_menu(id, menu_name, parent_id, menu_pos) values ('1_6', '上线管理', '1', 6);
insert into bas_menu(id, menu_name, parent_id, menu_pos) values ('hdg.CabinetInstallRecord', '换电柜上线审核', '1_6', 1);
insert into bas_perm(id, perm_name, depend, menu_id, order_num) values ('hdg.CabinetInstallRecord:list', '列表', '', 'hdg.CabinetInstallRecord', 1);
insert into bas_perm(id, perm_name, depend, menu_id, order_num) values ('hdg.CabinetInstallRecord:view', '查看', 'hdg.CabinetInstallRecord:list', 'hdg.CabinetInstallRecord', 2);
insert into bas_perm(id, perm_name, depend, menu_id, order_num) values ('hdg.CabinetInstallRecord:audit', '审核', 'hdg.CabinetInstallRecord:list', 'hdg.CabinetInstallRecord', 3);
insert into bas_menu(id, menu_name, parent_id, menu_pos) values ('hdg.BatteryTypeIncomeRatio', '电池分成模板', '1_6', 2);
insert into bas_perm(id, perm_name, depend, menu_id, order_num) values ('hdg.BatteryTypeIncomeRatio:list', '列表', '', 'hdg.BatteryTypeIncomeRatio', 1);
insert into bas_perm(id, perm_name, depend, menu_id, order_num) values ('hdg.BatteryTypeIncomeRatio:add', '新建', 'hdg.BatteryTypeIncomeRatio:list', 'hdg.BatteryTypeIncomeRatio', 2);
insert into bas_perm(id, perm_name, depend, menu_id, order_num) values ('hdg.BatteryTypeIncomeRatio:view', '查看', 'hdg.BatteryTypeIncomeRatio:list', 'hdg.BatteryTypeIncomeRatio', 3);
insert into bas_perm(id, perm_name, depend, menu_id, order_num) values ('hdg.BatteryTypeIncomeRatio:edit', '修改', 'hdg.BatteryTypeIncomeRatio:list', 'hdg.BatteryTypeIncomeRatio', 4);
insert into bas_perm(id, perm_name, depend, menu_id, order_num) values ('hdg.BatteryTypeIncomeRatio:remove', '删除', 'hdg.BatteryTypeIncomeRatio:list', 'hdg.BatteryTypeIncomeRatio', 5);
insert into bas_menu(id, menu_name, parent_id, menu_pos) values ('hdg.CabinetIncomeTemplate', '换电柜分成模板', '1_6', 3);
insert into bas_perm(id, perm_name, depend, menu_id, order_num) values ('hdg.CabinetIncomeTemplate:list', '列表', '', 'hdg.CabinetIncomeTemplate', 1);
insert into bas_perm(id, perm_name, depend, menu_id, order_num) values ('hdg.CabinetIncomeTemplate:add', '新建', 'hdg.CabinetIncomeTemplate:list', 'hdg.CabinetIncomeTemplate', 2);
insert into bas_perm(id, perm_name, depend, menu_id, order_num) values ('hdg.CabinetIncomeTemplate:view', '查看', 'hdg.CabinetIncomeTemplate:list', 'hdg.CabinetIncomeTemplate', 3);
insert into bas_perm(id, perm_name, depend, menu_id, order_num) values ('hdg.CabinetIncomeTemplate:edit', '修改', 'hdg.CabinetIncomeTemplate:list', 'hdg.CabinetIncomeTemplate', 4);
insert into bas_perm(id, perm_name, depend, menu_id, order_num) values ('hdg.CabinetIncomeTemplate:remove', '删除', 'hdg.CabinetIncomeTemplate:list', 'hdg.CabinetIncomeTemplate', 5);
insert into bas_menu(id, menu_name, parent_id, menu_pos) values ('1_7', '用户指南协议', '1', 7);
insert into bas_menu(id, menu_name, parent_id, menu_pos) values ('basic.CustomerGuide', '用户指南', '1_7', 1);
insert into bas_perm(id, perm_name, depend, menu_id, order_num) values ('basic.CustomerGuide:list', '列表', '', 'basic.CustomerGuide', 1);
insert into bas_perm(id, perm_name, depend, menu_id, order_num) values ('basic.CustomerGuide:save', '保存', 'basic.CustomerGuide:list', 'basic.CustomerGuide', 2);
insert into bas_menu(id, menu_name, parent_id, menu_pos) values ('basic.RichText', '协议管理(富文本)', '1_7', 2);
insert into bas_perm(id, perm_name, depend, menu_id, order_num) values ('basic.RichText:list', '列表', '', 'basic.RichText', 1);
insert into bas_perm(id, perm_name, depend, menu_id, order_num) values ('basic.RichText:save', '保存', 'basic.RichText:list', 'basic.RichText', 2);
insert into bas_menu(id, menu_name, parent_id, menu_pos) values ('1_8', '其他终端配置', '1', 8);
insert into bas_menu(id, menu_name, parent_id, menu_pos) values ('basic.AgentSystemConfig', '运营商配置管理', '1_8', 1);
insert into bas_perm(id, perm_name, depend, menu_id, order_num) values ('basic.AgentSystemConfig:list', '列表', '', 'basic.AgentSystemConfig', 1);
insert into bas_perm(id, perm_name, depend, menu_id, order_num) values ('basic.AgentSystemConfig:view', '查看', 'basic.AgentSystemConfig:list', 'basic.AgentSystemConfig', 2);
insert into bas_perm(id, perm_name, depend, menu_id, order_num) values ('basic.AgentSystemConfig:edit', '修改', 'basic.AgentSystemConfig:list', 'basic.AgentSystemConfig', 3);
insert into bas_menu(id, menu_name, parent_id, menu_pos) values ('hdg.ReliefStation', '移动救援', '1_8', 2);
insert into bas_perm(id, perm_name, depend, menu_id, order_num) values ('hdg.ReliefStation:list', '列表', '', 'hdg.ReliefStation', 1);
insert into bas_perm(id, perm_name, depend, menu_id, order_num) values ('hdg.ReliefStation:add', '新建', 'hdg.ReliefStation:list', 'hdg.ReliefStation', 2);
insert into bas_perm(id, perm_name, depend, menu_id, order_num) values ('hdg.ReliefStation:view', '查看', 'hdg.ReliefStation:list', 'hdg.ReliefStation', 3);
insert into bas_perm(id, perm_name, depend, menu_id, order_num) values ('hdg.ReliefStation:edit', '修改', 'hdg.ReliefStation:list', 'hdg.ReliefStation', 4);
insert into bas_perm(id, perm_name, depend, menu_id, order_num) values ('hdg.ReliefStation:remove', '删除', 'hdg.ReliefStation:list', 'hdg.ReliefStation', 5);
insert into bas_menu(id, menu_name, parent_id, menu_pos) values ('basic.Feedback', '意见反馈', '1_8', 3);
insert into bas_perm(id, perm_name, depend, menu_id, order_num) values ('basic.Feedback:list', '列表', '', 'basic.Feedback', 1);
insert into bas_perm(id, perm_name, depend, menu_id, order_num) values ('basic.Feedback:remove', '删除', 'basic.Feedback:list', 'basic.Feedback', 2);
insert into bas_menu(id, menu_name, parent_id, menu_pos) values ('basic.CustomerDepositGift', '充值配置', '1_8', 4);
insert into bas_perm(id, perm_name, depend, menu_id, order_num) values ('basic.CustomerDepositGift:list', '列表', '', 'basic.CustomerDepositGift', 1);
insert into bas_perm(id, perm_name, depend, menu_id, order_num) values ('basic.CustomerDepositGift:save', '保存', 'basic.CustomerDepositGift:list', 'basic.CustomerDepositGift', 2);
insert into bas_perm(id, perm_name, depend, menu_id, order_num) values ('basic.CustomerDepositGift:reset', '充值', 'basic.CustomerDepositGift:list', 'basic.CustomerDepositGift', 3);
insert into bas_menu(id, menu_name, parent_id, menu_pos) values ('1_9', '商户平台管理', '1', 9);
insert into bas_menu(id, menu_name, parent_id, menu_pos) values ('basic.PlatformAccount', '平台账户管理', '1_9', 1);
insert into bas_perm(id, perm_name, depend, menu_id, order_num) values ('basic.PlatformAccount:list', '列表', '', 'basic.PlatformAccount', 1);
insert into bas_perm(id, perm_name, depend, menu_id, order_num) values ('basic.PlatformAccount:view', '查看', 'basic.PlatformAccount:list', 'basic.PlatformAccount', 2);
insert into bas_perm(id, perm_name, depend, menu_id, order_num) values ('basic.PlatformAccount:withdraw', '提现', 'basic.PlatformAccount:list', 'basic.PlatformAccount', 3);
insert into bas_menu(id, menu_name, parent_id, menu_pos) values ('basic.Partner', '商户管理', '1_9', 2);
insert into bas_perm(id, perm_name, depend, menu_id, order_num) values ('basic.Partner:list', '列表', '', 'basic.Partner', 1);
insert into bas_perm(id, perm_name, depend, menu_id, order_num) values ('basic.Partner:add', '新建', 'basic.Partner:list', 'basic.Partner', 2);
insert into bas_perm(id, perm_name, depend, menu_id, order_num) values ('basic.Partner:view', '查看', 'basic.Partner:list', 'basic.Partner', 3);
insert into bas_perm(id, perm_name, depend, menu_id, order_num) values ('basic.Partner:edit', '修改', 'basic.Partner:list', 'basic.Partner', 4);
insert into bas_perm(id, perm_name, depend, menu_id, order_num) values ('basic.Partner:remove', '删除', 'basic.Partner:list', 'basic.Partner', 5);

insert into bas_menu(id, menu_name, parent_id, menu_pos) values ('basic.Weixinmp', '公众号配置', '1_9', 3);
insert into bas_perm(id, perm_name, depend, menu_id, order_num) values ('basic.Weixinmp:list', '列表', '', 'basic.Weixinmp', 1);
insert into bas_perm(id, perm_name, depend, menu_id, order_num) values ('basic.Weixinmp:add', '新建', 'basic.Weixinmp:list', 'basic.Weixinmp', 2);
insert into bas_perm(id, perm_name, depend, menu_id, order_num) values ('basic.Weixinmp:view', '查看', 'basic.Weixinmp:list', 'basic.Weixinmp', 3);
insert into bas_perm(id, perm_name, depend, menu_id, order_num) values ('basic.Weixinmp:edit', '修改', 'basic.Weixinmp:list', 'basic.Weixinmp', 4);
insert into bas_perm(id, perm_name, depend, menu_id, order_num) values ('basic.Weixinmp:remove', '删除', 'basic.Weixinmp:list', 'basic.Weixinmp', 5);
insert into bas_menu(id, menu_name, parent_id, menu_pos) values ('basic.Alipayfw', '生活号配置', '1_9', 4);
insert into bas_perm(id, perm_name, depend, menu_id, order_num) values ('basic.Alipayfw:list', '列表', '', 'basic.Alipayfw', 1);
insert into bas_perm(id, perm_name, depend, menu_id, order_num) values ('basic.Alipayfw:add', '新建', 'basic.Alipayfw:list', 'basic.Alipayfw', 2);
insert into bas_perm(id, perm_name, depend, menu_id, order_num) values ('basic.Alipayfw:view', '查看', 'basic.Alipayfw:list', 'basic.Alipayfw', 3);
insert into bas_perm(id, perm_name, depend, menu_id, order_num) values ('basic.Alipayfw:edit', '修改', 'basic.Alipayfw:list', 'basic.Alipayfw', 4);
insert into bas_perm(id, perm_name, depend, menu_id, order_num) values ('basic.Alipayfw:remove', '删除', 'basic.Alipayfw:list', 'basic.Alipayfw', 5);
insert into bas_menu(id, menu_name, parent_id, menu_pos) values ('basic.Phoneapp', 'APP配置', '1_9', 5);
insert into bas_perm(id, perm_name, depend, menu_id, order_num) values ('basic.Phoneapp:list', '列表', '', 'basic.Phoneapp', 1);
insert into bas_perm(id, perm_name, depend, menu_id, order_num) values ('basic.Phoneapp:add', '新建', 'basic.Phoneapp:list', 'basic.Phoneapp', 2);
insert into bas_perm(id, perm_name, depend, menu_id, order_num) values ('basic.Phoneapp:view', '查看', 'basic.Phoneapp:list', 'basic.Phoneapp', 3);
insert into bas_perm(id, perm_name, depend, menu_id, order_num) values ('basic.Phoneapp:edit', '修改', 'basic.Phoneapp:list', 'basic.Phoneapp', 4);
insert into bas_perm(id, perm_name, depend, menu_id, order_num) values ('basic.Phoneapp:remove', '删除', 'basic.Phoneapp:list', 'basic.Phoneapp', 5);
insert into bas_menu(id, menu_name, parent_id, menu_pos) values ('basic.Weixinma', '小程序配置', '1_9', 6);
insert into bas_perm(id, perm_name, depend, menu_id, order_num) values ('basic.Weixinma:list', '列表', '', 'basic.Weixinma', 1);
insert into bas_perm(id, perm_name, depend, menu_id, order_num) values ('basic.Weixinma:add', '新建', 'basic.Weixinma:list', 'basic.Weixinma', 2);
insert into bas_perm(id, perm_name, depend, menu_id, order_num) values ('basic.Weixinma:view', '查看', 'basic.Weixinma:list', 'basic.Weixinma', 3);
insert into bas_perm(id, perm_name, depend, menu_id, order_num) values ('basic.Weixinma:edit', '修改', 'basic.Weixinma:list', 'basic.Weixinma', 4);
insert into bas_perm(id, perm_name, depend, menu_id, order_num) values ('basic.Weixinma:remove', '删除', 'basic.Weixinma:list', 'basic.Weixinma', 5);

insert into bas_menu(id, menu_name, parent_id, menu_pos) values ('1_10', '提现管理', '1', 10);
insert into bas_menu(id, menu_name, parent_id, menu_pos) values ('basic.Withdraw', '申请提现', '1_10', 1);
insert into bas_perm(id, perm_name, depend, menu_id, order_num) values ('basic.Withdraw:list', '列表', '', 'basic.Withdraw', 1);
insert into bas_perm(id, perm_name, depend, menu_id, order_num) values ('basic.Withdraw:view', '查看', 'basic.Withdraw:list', 'basic.Withdraw', 2);
insert into bas_perm(id, perm_name, depend, menu_id, order_num) values ('basic.Withdraw:audit', '审核', 'basic.Withdraw:list', 'basic.Withdraw', 3);
insert into bas_perm(id, perm_name, depend, menu_id, order_num) values ('basic.Withdraw:reset', '重置', 'basic.Withdraw:list', 'basic.Withdraw', 4);
insert into bas_menu(id, menu_name, parent_id, menu_pos) values ('2', '运营商', null, 2);
insert into bas_menu(id, menu_name, parent_id, menu_pos) values ('2_1', '运营商管理', '2', 1);
insert into bas_menu(id, menu_name, parent_id, menu_pos) values ('basic.AgentAgent', '运营商管理', '2_1', 1);
insert into bas_perm(id, perm_name, depend, menu_id, order_num) values ('basic.AgentAgent:list', '列表', '', 'basic.AgentAgent', 1);
insert into bas_perm(id, perm_name, depend, menu_id, order_num) values ('basic.AgentAgent:add', '新建', 'basic.AgentAgent:list', 'basic.AgentAgent', 2);
insert into bas_perm(id, perm_name, depend, menu_id, order_num) values ('basic.AgentAgent:view', '查看', 'basic.AgentAgent:list', 'basic.AgentAgent', 3);
insert into bas_perm(id, perm_name, depend, menu_id, order_num) values ('basic.AgentAgent:edit', '修改', 'basic.AgentAgent:list', 'basic.AgentAgent', 4);
insert into bas_perm(id, perm_name, depend, menu_id, order_num) values ('basic.AgentAgent:remove', '删除', 'basic.AgentAgent:list', 'basic.AgentAgent', 5);
insert into bas_menu(id, menu_name, parent_id, menu_pos) values ('basic.AgentUser', '运营商账户管理', '2_1', 2);
insert into bas_perm(id, perm_name, depend, menu_id, order_num) values ('basic.AgentUser:list', '列表', '', 'basic.AgentUser', 1);
insert into bas_perm(id, perm_name, depend, menu_id, order_num) values ('basic.AgentUser:add', '新建', 'basic.AgentUser:list', 'basic.AgentUser', 2);
insert into bas_perm(id, perm_name, depend, menu_id, order_num) values ('basic.AgentUser:view', '查看', 'basic.AgentUser:list', 'basic.AgentUser', 3);
insert into bas_perm(id, perm_name, depend, menu_id, order_num) values ('basic.AgentUser:edit', '修改', 'basic.AgentUser:list', 'basic.AgentUser', 4);
insert into bas_perm(id, perm_name, depend, menu_id, order_num) values ('basic.AgentUser:remove', '删除', 'basic.AgentUser:list', 'basic.AgentUser', 5);
insert into bas_menu(id, menu_name, parent_id, menu_pos) values ('basic.AgentRole', '运营商角色管理', '2_1', 3);
insert into bas_perm(id, perm_name, depend, menu_id, order_num) values ('basic.AgentRole:list', '列表', '', 'basic.AgentRole', 1);
insert into bas_perm(id, perm_name, depend, menu_id, order_num) values ('basic.AgentRole:add', '新建', 'basic.AgentRole:list', 'basic.AgentRole', 2);
insert into bas_perm(id, perm_name, depend, menu_id, order_num) values ('basic.AgentRole:view', '查看', 'basic.AgentRole:list', 'basic.AgentRole', 3);
insert into bas_perm(id, perm_name, depend, menu_id, order_num) values ('basic.AgentRole:edit', '修改', 'basic.AgentRole:list', 'basic.AgentRole', 4);
insert into bas_perm(id, perm_name, depend, menu_id, order_num) values ('basic.AgentRole:remove', '删除', 'basic.AgentRole:list', 'basic.AgentRole', 5);
insert into bas_menu(id, menu_name, parent_id, menu_pos) values ('basic.AgentDepositOrder', '运营商充值', '2_1', 4);
insert into bas_perm(id, perm_name, depend, menu_id, order_num) values ('basic.AgentDepositOrder:list', '列表', '', 'basic.AgentDepositOrder', 1);
insert into bas_perm(id, perm_name, depend, menu_id, order_num) values ('basic.AgentDepositOrder:deposit', '充值', 'basic.AgentDepositOrder:list', 'basic.AgentDepositOrder', 2);
insert into bas_perm(id, perm_name, depend, menu_id, order_num) values ('basic.AgentDepositOrder:view', '查看', 'basic.AgentDepositOrder:list', 'basic.AgentDepositOrder', 3);
insert into bas_menu(id, menu_name, parent_id, menu_pos) values ('basic.AgentForegift', '运营商押金池', '2_1', 5);
insert into bas_perm(id, perm_name, depend, menu_id, order_num) values ('basic.AgentForegift:list', '列表', '', 'basic.AgentForegift', 1);
insert into bas_perm(id, perm_name, depend, menu_id, order_num) values ('basic.AgentForegift:edit', '转入', 'basic.AgentForegift:list', 'basic.AgentForegift', 2);
insert into bas_perm(id, perm_name, depend, menu_id, order_num) values ('basic.AgentForegift:view', '查看', 'basic.AgentForegift:list', 'basic.AgentForegift', 3);
insert into bas_menu(id, menu_name, parent_id, menu_pos) values ('2_2', '门店管理', '2', 2);
insert into bas_menu(id, menu_name, parent_id, menu_pos) values ('hdg.Shop', '门店管理', '2_2', 1);
insert into bas_perm(id, perm_name, depend, menu_id, order_num) values ('hdg.Shop:list', '列表', '', 'hdg.Shop', 1);
insert into bas_perm(id, perm_name, depend, menu_id, order_num) values ('hdg.Shop:add', '新建', 'hdg.Shop:list', 'hdg.Shop', 2);
insert into bas_perm(id, perm_name, depend, menu_id, order_num) values ('hdg.Shop:view', '查看', 'hdg.Shop:list', 'hdg.Shop', 3);
insert into bas_perm(id, perm_name, depend, menu_id, order_num) values ('hdg.Shop:edit', '修改', 'hdg.Shop:list', 'hdg.Shop', 4);
insert into bas_perm(id, perm_name, depend, menu_id, order_num) values ('hdg.Shop:remove', '删除', 'hdg.Shop:list', 'hdg.Shop', 5);
insert into bas_menu(id, menu_name, parent_id, menu_pos) values ('hdg.ShopUser', '门店账户管理', '2_2', 2);
insert into bas_perm(id, perm_name, depend, menu_id, order_num) values ('hdg.ShopUser:list', '列表', '', 'hdg.ShopUser', 1);
insert into bas_perm(id, perm_name, depend, menu_id, order_num) values ('hdg.ShopUser:add', '新建', 'hdg.ShopUser:list', 'hdg.ShopUser', 2);
insert into bas_perm(id, perm_name, depend, menu_id, order_num) values ('hdg.ShopUser:view', '查看', 'hdg.ShopUser:list', 'hdg.ShopUser', 3);
insert into bas_perm(id, perm_name, depend, menu_id, order_num) values ('hdg.ShopUser:edit', '修改', 'hdg.ShopUser:list', 'hdg.ShopUser', 4);
insert into bas_perm(id, perm_name, depend, menu_id, order_num) values ('hdg.ShopUser:remove', '删除', 'hdg.ShopUser:list', 'hdg.ShopUser', 5);
insert into bas_menu(id, menu_name, parent_id, menu_pos) values ('basic.ShopRole', '门店角色管理', '2_2', 3);
insert into bas_perm(id, perm_name, depend, menu_id, order_num) values ('basic.ShopRole:list', '列表', '', 'basic.ShopRole', 1);
insert into bas_perm(id, perm_name, depend, menu_id, order_num) values ('basic.ShopRole:add', '新建', 'basic.ShopRole:list', 'basic.ShopRole', 2);
insert into bas_perm(id, perm_name, depend, menu_id, order_num) values ('basic.ShopRole:view', '查看', 'basic.ShopRole:list', 'basic.ShopRole', 3);
insert into bas_perm(id, perm_name, depend, menu_id, order_num) values ('basic.ShopRole:edit', '修改', 'basic.ShopRole:list', 'basic.ShopRole', 4);
insert into bas_perm(id, perm_name, depend, menu_id, order_num) values ('basic.ShopRole:remove', '删除', 'basic.ShopRole:list', 'basic.ShopRole', 5);
insert into bas_menu(id, menu_name, parent_id, menu_pos) values ('hdg.ShopBatteryLog', '门店电池日志', '2_2', 4);
insert into bas_perm(id, perm_name, depend, menu_id, order_num) values ('hdg.ShopBatteryLog:list', '列表', '', 'hdg.ShopBatteryLog', 1);
insert into bas_menu(id, menu_name, parent_id, menu_pos) values ('hdg.ShopStoreBattery', '门店库存电池', '2_2', 5);
insert into bas_perm(id, perm_name, depend, menu_id, order_num) values ('hdg.ShopStoreBattery:list', '列表', '', 'hdg.ShopStoreBattery', 1);
insert into bas_perm(id, perm_name, depend, menu_id, order_num) values ('hdg.ShopStoreBattery:unbindBattery', '电池解绑', '', 'hdg.ShopStoreBattery', 1);
insert into bas_menu(id, menu_name, parent_id, menu_pos) values ('2_3', '物业管理', '2', 3);
insert into bas_menu(id, menu_name, parent_id, menu_pos) values ('hdg.Estate', '物业管理', '2_3', 1);
insert into bas_perm(id, perm_name, depend, menu_id, order_num) values ('hdg.Estate:list', '列表', '', 'hdg.Estate', 1);
insert into bas_perm(id, perm_name, depend, menu_id, order_num) values ('hdg.Estate:add', '新建', 'hdg.Estate:list', 'hdg.Estate', 2);
insert into bas_perm(id, perm_name, depend, menu_id, order_num) values ('hdg.Estate:view', '查看', 'hdg.Estate:list', 'hdg.Estate', 3);
insert into bas_perm(id, perm_name, depend, menu_id, order_num) values ('hdg.Estate:edit', '修改', 'hdg.Estate:list', 'hdg.Estate', 4);
insert into bas_perm(id, perm_name, depend, menu_id, order_num) values ('hdg.Estate:remove', '删除', 'hdg.Estate:list', 'hdg.Estate', 5);
insert into bas_menu(id, menu_name, parent_id, menu_pos) values ('hdg.EstateUser', '物业账户管理', '2_3', 2);
insert into bas_perm(id, perm_name, depend, menu_id, order_num) values ('hdg.EstateUser:list', '列表', '', 'hdg.EstateUser', 1);
insert into bas_perm(id, perm_name, depend, menu_id, order_num) values ('hdg.EstateUser:add', '新建', 'hdg.EstateUser:list', 'hdg.EstateUser', 2);
insert into bas_perm(id, perm_name, depend, menu_id, order_num) values ('hdg.EstateUser:view', '查看', 'hdg.EstateUser:list', 'hdg.EstateUser', 3);
insert into bas_perm(id, perm_name, depend, menu_id, order_num) values ('hdg.EstateUser:edit', '修改', 'hdg.EstateUser:list', 'hdg.EstateUser', 4);
insert into bas_perm(id, perm_name, depend, menu_id, order_num) values ('hdg.EstateUser:remove', '删除', 'hdg.EstateUser:list', 'hdg.EstateUser', 5);
insert into bas_menu(id, menu_name, parent_id, menu_pos) values ('hdg.CabinetDegreeInput', '物业电费管理', '2_3', 3);
insert into bas_perm(id, perm_name, depend, menu_id, order_num) values ('hdg.CabinetDegreeInput:list', '列表', '', 'hdg.CabinetDegreeInput', 1);
insert into bas_perm(id, perm_name, depend, menu_id, order_num) values ('hdg.CabinetDegreeInput:view', '查看', 'hdg.CabinetDegreeInput:list', 'hdg.CabinetDegreeInput', 2);
insert into bas_menu(id, menu_name, parent_id, menu_pos) values ('2_4', '运营公司管理', '2', 4);
insert into bas_menu(id, menu_name, parent_id, menu_pos) values ('basic.AgentCompany', '运营公司管理', '2_4', 1);
insert into bas_perm(id, perm_name, depend, menu_id, order_num) values ('basic.AgentCompany:list', '列表', '', 'basic.AgentCompany', 1);
insert into bas_perm(id, perm_name, depend, menu_id, order_num) values ('basic.AgentCompany:add', '新建', 'basic.AgentCompany:list', 'basic.AgentCompany', 2);
insert into bas_perm(id, perm_name, depend, menu_id, order_num) values ('basic.AgentCompany:view', '查看', 'basic.AgentCompany:list', 'basic.AgentCompany', 3);
insert into bas_perm(id, perm_name, depend, menu_id, order_num) values ('basic.AgentCompany:edit', '修改', 'basic.AgentCompany:list', 'basic.AgentCompany', 4);
insert into bas_perm(id, perm_name, depend, menu_id, order_num) values ('basic.AgentCompany:remove', '删除', 'basic.AgentCompany:list', 'basic.AgentCompany', 5);
insert into bas_menu(id, menu_name, parent_id, menu_pos) values ('basic.AgentCompanyUser', '运营公司账户管理', '2_4', 2);
insert into bas_perm(id, perm_name, depend, menu_id, order_num) values ('basic.AgentCompanyUser:list', '列表', '', 'basic.AgentCompanyUser', 1);
insert into bas_perm(id, perm_name, depend, menu_id, order_num) values ('basic.AgentCompanyUser:add', '新建', 'basic.AgentCompanyUser:list', 'basic.AgentCompanyUser', 2);
insert into bas_perm(id, perm_name, depend, menu_id, order_num) values ('basic.AgentCompanyUser:view', '查看', 'basic.AgentCompanyUser:list', 'basic.AgentCompanyUser', 3);
insert into bas_perm(id, perm_name, depend, menu_id, order_num) values ('basic.AgentCompanyUser:edit', '修改', 'basic.AgentCompanyUser:list', 'basic.AgentCompanyUser', 4);
insert into bas_perm(id, perm_name, depend, menu_id, order_num) values ('basic.AgentCompanyUser:remove', '删除', 'basic.AgentCompanyUser:list', 'basic.AgentCompanyUser', 5);
insert into bas_menu(id, menu_name, parent_id, menu_pos) values ('basic.AgentCompanyRole', '运营公司角色管理', '2_4', 3);
insert into bas_perm(id, perm_name, depend, menu_id, order_num) values ('basic.AgentCompanyRole:list', '列表', '', 'basic.AgentCompanyRole', 1);
insert into bas_perm(id, perm_name, depend, menu_id, order_num) values ('basic.AgentCompanyRole:add', '新建', 'basic.AgentCompanyRole:list', 'basic.AgentCompanyRole', 2);
insert into bas_perm(id, perm_name, depend, menu_id, order_num) values ('basic.AgentCompanyRole:view', '查看', 'basic.AgentCompanyRole:list', 'basic.AgentCompanyRole', 3);
insert into bas_perm(id, perm_name, depend, menu_id, order_num) values ('basic.AgentCompanyRole:edit', '修改', 'basic.AgentCompanyRole:list', 'basic.AgentCompanyRole', 4);
insert into bas_perm(id, perm_name, depend, menu_id, order_num) values ('basic.AgentCompanyRole:remove', '删除', 'basic.AgentCompanyRole:list', 'basic.AgentCompanyRole', 5);
insert into bas_menu(id, menu_name, parent_id, menu_pos) values ('2_5', '运营商公告', '2', 5);
insert into bas_menu(id, menu_name, parent_id, menu_pos) values ('basic.AgentPublicNotice', '运营商公告', '2_5', 1);
insert into bas_perm(id, perm_name, depend, menu_id, order_num) values ('basic.AgentPublicNotice:list', '列表', '', 'basic.AgentPublicNotice', 1);
insert into bas_perm(id, perm_name, depend, menu_id, order_num) values ('basic.AgentPublicNotice:add', '新建', 'basic.AgentPublicNotice:list', 'basic.AgentPublicNotice', 2);
insert into bas_perm(id, perm_name, depend, menu_id, order_num) values ('basic.AgentPublicNotice:view', '查看', 'basic.AgentPublicNotice:list', 'basic.AgentPublicNotice', 3);
insert into bas_perm(id, perm_name, depend, menu_id, order_num) values ('basic.AgentPublicNotice:edit', '修改', 'basic.AgentPublicNotice:list', 'basic.AgentPublicNotice', 4);
insert into bas_perm(id, perm_name, depend, menu_id, order_num) values ('basic.AgentPublicNotice:remove', '删除', 'basic.AgentPublicNotice:list', 'basic.AgentPublicNotice', 5);
insert into bas_menu(id, menu_name, parent_id, menu_pos) values ('2_6', '位置纠错', '2', 6);
insert into bas_menu(id, menu_name, parent_id, menu_pos) values ('hdg.CabinetAddressCorrection', '位置纠错', '2_6', 1);
insert into bas_perm(id, perm_name, depend, menu_id, order_num) values ('hdg.CabinetAddressCorrection:list', '列表', '', 'hdg.CabinetAddressCorrection', 1);
insert into bas_perm(id, perm_name, depend, menu_id, order_num) values ('hdg.CabinetAddressCorrection:view', '查看', 'hdg.CabinetAddressCorrection:list', 'hdg.CabinetAddressCorrection', 2);
insert into bas_perm(id, perm_name, depend, menu_id, order_num) values ('hdg.CabinetAddressCorrection:pass', '通过', 'hdg.CabinetAddressCorrection:list', 'hdg.CabinetAddressCorrection', 3);
insert into bas_perm(id, perm_name, depend, menu_id, order_num) values ('hdg.CabinetAddressCorrection:fail', '不通过', 'hdg.CabinetAddressCorrection:list', 'hdg.CabinetAddressCorrection', 4);
insert into bas_perm(id, perm_name, depend, menu_id, order_num) values ('hdg.CabinetAddressCorrection:remove', '删除', 'hdg.CabinetAddressCorrection:list', 'hdg.CabinetAddressCorrection', 5);
insert into bas_menu(id, menu_name, parent_id, menu_pos) values ('hdg.CabinetAddressCorrectionExemptReview', '纠错免审人员', '2_6', 2);
insert into bas_perm(id, perm_name, depend, menu_id, order_num) values ('hdg.CabinetAddressCorrectionExemptReview:list', '列表', '', 'hdg.CabinetAddressCorrectionExemptReview', 1);
insert into bas_perm(id, perm_name, depend, menu_id, order_num) values ('hdg.CabinetAddressCorrectionExemptReview:add', '新建', 'hdg.CabinetAddressCorrectionExemptReview:list', 'hdg.CabinetAddressCorrectionExemptReview', 2);
insert into bas_perm(id, perm_name, depend, menu_id, order_num) values ('hdg.CabinetAddressCorrectionExemptReview:remove', '删除', 'hdg.CabinetAddressCorrectionExemptReview:list', 'hdg.CabinetAddressCorrectionExemptReview', 3);
insert into bas_menu(id, menu_name, parent_id, menu_pos) values ('2_7', '拉新管理', '2', 7);
insert into bas_menu(id, menu_name, parent_id, menu_pos) values ('basic.Laxin', '拉新人员', '2_7', 1);
insert into bas_perm(id, perm_name, depend, menu_id, order_num) values ('basic.Laxin:list', '列表', '', 'basic.Laxin', 1);
insert into bas_perm(id, perm_name, depend, menu_id, order_num) values ('basic.Laxin:add', '新建', 'basic.Laxin:list', 'basic.Laxin', 2);
insert into bas_perm(id, perm_name, depend, menu_id, order_num) values ('basic.Laxin:view', '查看', 'basic.Laxin:list', 'basic.Laxin', 3);
insert into bas_perm(id, perm_name, depend, menu_id, order_num) values ('basic.Laxin:edit', '修改', 'basic.Laxin:list', 'basic.Laxin', 4);
insert into bas_perm(id, perm_name, depend, menu_id, order_num) values ('basic.Laxin:remove', '删除', 'basic.Laxin:list', 'basic.Laxin', 5);
insert into bas_menu(id, menu_name, parent_id, menu_pos) values ('basic.LaxinRecord', '拉新记录', '2_7', 2);
insert into bas_perm(id, perm_name, depend, menu_id, order_num) values ('basic.LaxinRecord:list', '列表', '', 'basic.LaxinRecord', 1);
insert into bas_perm(id, perm_name, depend, menu_id, order_num) values ('basic.LaxinRecord:view', '查看', 'basic.LaxinRecord:list', 'basic.LaxinRecord', 2);
insert into bas_perm(id, perm_name, depend, menu_id, order_num) values ('basic.LaxinRecord:reset', '重置', 'basic.LaxinRecord:list', 'basic.LaxinRecord', 3);
insert into bas_perm(id, perm_name, depend, menu_id, order_num) values ('basic.LaxinRecord:cancel', '取消拉新', 'basic.LaxinRecord:list', 'basic.LaxinRecord', 4);
insert into bas_menu(id, menu_name, parent_id, menu_pos) values ('basic.LaxinPayOrder', '拉新支付订单', '2_7', 3);
insert into bas_perm(id, perm_name, depend, menu_id, order_num) values ('basic.LaxinPayOrder:list', '列表', '', 'basic.LaxinPayOrder', 1);
insert into bas_perm(id, perm_name, depend, menu_id, order_num) values ('basic.LaxinPayOrder:view', '查看', 'basic.LaxinPayOrder:list', 'basic.LaxinPayOrder', 2);
insert into bas_menu(id, menu_name, parent_id, menu_pos) values ('basic.LaxinCustomer', '拉新客户', '2_7', 4);
insert into bas_perm(id, perm_name, depend, menu_id, order_num) values ('basic.LaxinCustomer:list', '列表', '', 'basic.LaxinCustomer', 1);
insert into bas_perm(id, perm_name, depend, menu_id, order_num) values ('basic.LaxinCustomer:view', '查看', 'basic.LaxinCustomer:list', 'basic.LaxinCustomer', 2);
insert into bas_perm(id, perm_name, depend, menu_id, order_num) values ('basic.LaxinCustomer:cancelLaxin', '取消拉新', 'basic.LaxinCustomer:list', 'basic.LaxinCustomer', 3);
insert into bas_menu(id, menu_name, parent_id, menu_pos) values ('basic.LaxinSetting', '拉新规则', '2_7', 5);
insert into bas_perm(id, perm_name, depend, menu_id, order_num) values ('basic.LaxinSetting:list', '列表', '', 'basic.LaxinSetting', 1);
insert into bas_perm(id, perm_name, depend, menu_id, order_num) values ('basic.LaxinSetting:add', '新建', 'basic.LaxinSetting:list', 'basic.LaxinSetting', 2);
insert into bas_perm(id, perm_name, depend, menu_id, order_num) values ('basic.LaxinSetting:qrcode', '二维码', 'basic.LaxinSetting:list', 'basic.LaxinSetting', 3);
insert into bas_perm(id, perm_name, depend, menu_id, order_num) values ('basic.LaxinSetting:view', '查看', 'basic.LaxinSetting:list', 'basic.LaxinSetting', 4);
insert into bas_perm(id, perm_name, depend, menu_id, order_num) values ('basic.LaxinSetting:edit', '修改', 'basic.LaxinSetting:list', 'basic.LaxinSetting', 5);
insert into bas_perm(id, perm_name, depend, menu_id, order_num) values ('basic.LaxinSetting:remove', '删除', 'basic.LaxinSetting:list', 'basic.LaxinSetting', 6);
insert into bas_menu(id, menu_name, parent_id, menu_pos) values ('2_8', '客户白名单', '2', 8);
insert into bas_menu(id, menu_name, parent_id, menu_pos) values ('basic.CustomerWhitelist', '客户白名单', '2_8', 1);
insert into bas_perm(id, perm_name, depend, menu_id, order_num) values ('basic.CustomerWhitelist:list', '列表', '', 'basic.CustomerWhitelist', 1);
insert into bas_perm(id, perm_name, depend, menu_id, order_num) values ('basic.CustomerWhitelist:add', '新建', 'basic.CustomerWhitelist:list', 'basic.CustomerWhitelist', 2);
insert into bas_perm(id, perm_name, depend, menu_id, order_num) values ('basic.CustomerWhitelist:view', '查看', 'basic.CustomerWhitelist:list', 'basic.CustomerWhitelist', 3);
insert into bas_perm(id, perm_name, depend, menu_id, order_num) values ('basic.CustomerWhitelist:edit', '修改', 'basic.CustomerWhitelist:list', 'basic.CustomerWhitelist', 4);
insert into bas_perm(id, perm_name, depend, menu_id, order_num) values ('basic.CustomerWhitelist:remove', '删除', 'basic.CustomerWhitelist:list', 'basic.CustomerWhitelist', 5);
insert into bas_menu(id, menu_name, parent_id, menu_pos) values ('2_9', '提现管理', '2', 9);
insert into bas_menu(id, menu_name, parent_id, menu_pos) values ('basic.WithdrawAgent', '提现管理', '2_9', 1);
insert into bas_perm(id, perm_name, depend, menu_id, order_num) values ('basic.WithdrawAgent:list', '列表', '', 'basic.WithdrawAgent', 1);
insert into bas_menu(id, menu_name, parent_id, menu_pos) values ('3', '换电', null, 3);
insert into bas_menu(id, menu_name, parent_id, menu_pos) values ('3_1', '电池型号管理', '3', 1);
insert into bas_menu(id, menu_name, parent_id, menu_pos) values ('basic.AgentBatteryType', '电池型号管理', '3_1', 1);
insert into bas_perm(id, perm_name, depend, menu_id, order_num) values ('basic.AgentBatteryType:list', '列表', '', 'basic.AgentBatteryType', 1);
insert into bas_perm(id, perm_name, depend, menu_id, order_num) values ('basic.AgentBatteryType:add', '新建', 'basic.AgentBatteryType:list', 'basic.AgentBatteryType', 2);
insert into bas_perm(id, perm_name, depend, menu_id, order_num) values ('basic.AgentBatteryType:view', '查看', 'basic.AgentBatteryType:list', 'basic.AgentBatteryType', 3);
insert into bas_perm(id, perm_name, depend, menu_id, order_num) values ('basic.AgentBatteryType:edit', '修改', 'basic.AgentBatteryType:list', 'basic.AgentBatteryType', 4);
insert into bas_perm(id, perm_name, depend, menu_id, order_num) values ('basic.AgentBatteryType:remove', '删除', 'basic.AgentBatteryType:list', 'basic.AgentBatteryType', 5);
insert into bas_menu(id, menu_name, parent_id, menu_pos) values ('3_2', '电池管理', '3', 2);
insert into bas_menu(id, menu_name, parent_id, menu_pos) values ('hdg.Battery', '电池管理', '3_2', 1);
insert into bas_perm(id, perm_name, depend, menu_id, order_num) values ('hdg.Battery:list', '列表', '', 'hdg.Battery', 1);
insert into bas_perm(id, perm_name, depend, menu_id, order_num) values ('hdg.Battery:batchEdit', '批量修改', 'hdg.Battery:list', 'hdg.Battery', 2);
insert into bas_perm(id, perm_name, depend, menu_id, order_num) values ('hdg.Battery:exportExcel', '批量导出', 'hdg.Battery:list', 'hdg.Battery', 3);
insert into bas_perm(id, perm_name, depend, menu_id, order_num) values ('hdg.Battery:edit', '修改', 'hdg.Battery:list', 'hdg.Battery', 4);
insert into bas_perm(id, perm_name, depend, menu_id, order_num) values ('hdg.Battery:remove', '删除', 'hdg.Battery:list', 'hdg.Battery', 5);
insert into bas_perm(id, perm_name, depend, menu_id, order_num) values ('hdg.Battery:parameter', '参数', 'hdg.Battery:list', 'hdg.Battery', 6);
insert into bas_perm(id, perm_name, depend, menu_id, order_num) values ('hdg.Battery:detail', '详情', 'hdg.Battery:list', 'hdg.Battery', 7);
insert into bas_menu(id, menu_name, parent_id, menu_pos) values ('3_3', '换电柜管理', '3', 3);
insert into bas_menu(id, menu_name, parent_id, menu_pos) values ('hdg.Cabinet', '换电柜管理', '3_3', 1);
insert into bas_perm(id, perm_name, depend, menu_id, order_num) values ('hdg.Cabinet:list', '列表', '', 'hdg.Cabinet', 1);
insert into bas_perm(id, perm_name, depend, menu_id, order_num) values ('hdg.Cabinet:operateLog', '操作日志', 'hdg.Cabinet:list', 'hdg.Cabinet', 2);
insert into bas_perm(id, perm_name, depend, menu_id, order_num) values ('hdg.Cabinet:dayDegreeLog', '日用电统计', 'hdg.Cabinet:list', 'hdg.Cabinet', 3);
insert into bas_perm(id, perm_name, depend, menu_id, order_num) values ('hdg.Cabinet:view', '查看', 'hdg.Cabinet:list', 'hdg.Cabinet', 4);
insert into bas_perm(id, perm_name, depend, menu_id, order_num) values ('hdg.Cabinet:edit', '修改', 'hdg.Cabinet:list', 'hdg.Cabinet', 5);
insert into bas_perm(id, perm_name, depend, menu_id, order_num) values ('hdg.Cabinet:remove', '删除', 'hdg.Cabinet:list', 'hdg.Cabinet', 6);
insert into bas_perm(id, perm_name, depend, menu_id, order_num) values ('hdg.Cabinet:detail', '日用电统计', 'hdg.Cabinet:list', 'hdg.Cabinet', 7);
insert into bas_menu(id, menu_name, parent_id, menu_pos) values ('3_5', '活动管理', '3', 5);
insert into bas_menu(id, menu_name, parent_id, menu_pos) values ('hdg.PacketPeriodActivity', '活动管理', '3_5', 1);
insert into bas_perm(id, perm_name, depend, menu_id, order_num) values ('hdg.PacketPeriodActivity:list', '列表', '', 'hdg.PacketPeriodActivity', 1);
insert into bas_perm(id, perm_name, depend, menu_id, order_num) values ('hdg.PacketPeriodActivity:add', '新建', 'hdg.PacketPeriodActivity:list', 'hdg.PacketPeriodActivity', 2);
insert into bas_perm(id, perm_name, depend, menu_id, order_num) values ('hdg.PacketPeriodActivity:view', '查看', 'hdg.PacketPeriodActivity:list', 'hdg.PacketPeriodActivity', 3);
insert into bas_perm(id, perm_name, depend, menu_id, order_num) values ('hdg.PacketPeriodActivity:edit', '修改', 'hdg.PacketPeriodActivity:list', 'hdg.PacketPeriodActivity', 4);
insert into bas_perm(id, perm_name, depend, menu_id, order_num) values ('hdg.PacketPeriodActivity:remove', '删除', 'hdg.PacketPeriodActivity:list', 'hdg.PacketPeriodActivity', 5);
insert into bas_menu(id, menu_name, parent_id, menu_pos) values ('3_6', '白名单管理', '3', 6);
insert into bas_menu(id, menu_name, parent_id, menu_pos) values ('hdg.ExchangeWhitelist', '白名单管理', '3_6', 1);
insert into bas_perm(id, perm_name, depend, menu_id, order_num) values ('hdg.ExchangeWhitelist:list', '列表', '', 'hdg.ExchangeWhitelist', 1);
insert into bas_perm(id, perm_name, depend, menu_id, order_num) values ('hdg.ExchangeWhitelist:add', '新建', 'hdg.ExchangeWhitelist:list', 'hdg.ExchangeWhitelist', 2);
insert into bas_perm(id, perm_name, depend, menu_id, order_num) values ('hdg.ExchangeWhitelist:view', '查看', 'hdg.ExchangeWhitelist:list', 'hdg.ExchangeWhitelist', 3);
insert into bas_perm(id, perm_name, depend, menu_id, order_num) values ('hdg.ExchangeWhitelist:edit', '修改', 'hdg.ExchangeWhitelist:list', 'hdg.ExchangeWhitelist', 4);
insert into bas_perm(id, perm_name, depend, menu_id, order_num) values ('hdg.ExchangeWhitelist:remove', '删除', 'hdg.ExchangeWhitelist:list', 'hdg.ExchangeWhitelist', 5);
insert into bas_menu(id, menu_name, parent_id, menu_pos) values ('3_7', '订单管理', '3', 7);
insert into bas_menu(id, menu_name, parent_id, menu_pos) values ('basic.CustomerForegiftOrder', '押金订单', '3_7', 1);
insert into bas_perm(id, perm_name, depend, menu_id, order_num) values ('basic.CustomerForegiftOrder:list', '列表', '', 'basic.CustomerForegiftOrder', 1);
insert into bas_perm(id, perm_name, depend, menu_id, order_num) values ('basic.CustomerForegiftOrder:view', '查看', 'basic.CustomerForegiftOrder:list', 'basic.CustomerForegiftOrder', 2);
insert into bas_menu(id, menu_name, parent_id, menu_pos) values ('hdg.PacketPeriodOrder', '租金订单', '3_7', 2);
insert into bas_perm(id, perm_name, depend, menu_id, order_num) values ('hdg.PacketPeriodOrder:list', '列表', '', 'hdg.PacketPeriodOrder', 1);
insert into bas_perm(id, perm_name, depend, menu_id, order_num) values ('hdg.PacketPeriodOrder:view', '查看', 'hdg.PacketPeriodOrder:list', 'hdg.PacketPeriodOrder', 2);
insert into bas_menu(id, menu_name, parent_id, menu_pos) values ('hdg.BatteryOrder', '换电订单', '3_7', 3);
insert into bas_perm(id, perm_name, depend, menu_id, order_num) values ('hdg.BatteryOrder:list', '列表', '', 'hdg.BatteryOrder', 1);
insert into bas_perm(id, perm_name, depend, menu_id, order_num) values ('hdg.BatteryOrder:SelfhelpOrder', '一键自救', 'hdg.BatteryOrder:list', 'hdg.BatteryOrder', 2);
insert into bas_perm(id, perm_name, depend, menu_id, order_num) values ('hdg.BatteryOrder:completeOrder', '结束订单', 'hdg.BatteryOrder:list', 'hdg.BatteryOrder', 3);
insert into bas_perm(id, perm_name, depend, menu_id, order_num) values ('hdg.BatteryOrder:exchangeBattery', '更换电池', 'hdg.BatteryOrder:list', 'hdg.BatteryOrder', 4);
insert into bas_perm(id, perm_name, depend, menu_id, order_num) values ('hdg.BatteryOrder:toBackBatteryOrder', '转电池退租', 'hdg.BatteryOrder:list', 'hdg.BatteryOrder', 5);
insert into bas_perm(id, perm_name, depend, menu_id, order_num) values ('hdg.BatteryOrder:view', '查看', 'hdg.BatteryOrder:list', 'hdg.BatteryOrder', 6);
insert into bas_menu(id, menu_name, parent_id, menu_pos) values ('hdg.BackBatteryOrder', '退租订单', '3_7', 4);
insert into bas_perm(id, perm_name, depend, menu_id, order_num) values ('hdg.BackBatteryOrder:list', '列表', '', 'hdg.BackBatteryOrder', 1);
insert into bas_perm(id, perm_name, depend, menu_id, order_num) values ('hdg.BackBatteryOrder:view', '查看', 'hdg.BackBatteryOrder:list', 'hdg.BackBatteryOrder', 2);
insert into bas_menu(id, menu_name, parent_id, menu_pos) values ('hdg.InsuranceOrder', '保险订单', '3_7', 5);
insert into bas_perm(id, perm_name, depend, menu_id, order_num) values ('hdg.InsuranceOrder:list', '列表', '', 'hdg.InsuranceOrder', 1);
insert into bas_perm(id, perm_name, depend, menu_id, order_num) values ('hdg.InsuranceOrder:view', '查看', 'hdg.InsuranceOrder:list', 'hdg.InsuranceOrder', 2);
insert into bas_menu(id, menu_name, parent_id, menu_pos) values ('hdg.BespeakOrder', '预约订单', '3_7', 6);
insert into bas_perm(id, perm_name, depend, menu_id, order_num) values ('hdg.BespeakOrder:list', '列表', '', 'hdg.BespeakOrder', 1);
insert into bas_perm(id, perm_name, depend, menu_id, order_num) values ('hdg.BespeakOrder:view', '查看', 'hdg.BespeakOrder:list', 'hdg.BespeakOrder', 2);
insert into bas_menu(id, menu_name, parent_id, menu_pos) values ('basic.CustomerMultiOrder', '多通道订单', '3_7', 7);
insert into bas_perm(id, perm_name, depend, menu_id, order_num) values ('basic.CustomerMultiOrder:list', '列表', '', 'basic.CustomerMultiOrder', 1);
insert into bas_perm(id, perm_name, depend, menu_id, order_num) values ('basic.CustomerMultiOrder:view', '查看', 'basic.CustomerMultiOrder', 'basic.CustomerMultiOrder', 2);
insert into bas_menu(id, menu_name, parent_id, menu_pos) values ('3_8', '故障管理', '3', 8);
insert into bas_menu(id, menu_name, parent_id, menu_pos) values ('hdg.FaultLog', '故障管理', '3_8', 1);
insert into bas_perm(id, perm_name, depend, menu_id, order_num) values ('hdg.FaultLog:list', '列表', '', 'hdg.FaultLog', 1);
insert into bas_perm(id, perm_name, depend, menu_id, order_num) values ('hdg.FaultLog:batchHandle', '批量处理', 'hdg.FaultLog:list', 'hdg.FaultLog', 2);
insert into bas_perm(id, perm_name, depend, menu_id, order_num) values ('hdg.FaultLog:view', '查看', 'hdg.FaultLog:list', 'hdg.FaultLog', 3);
insert into bas_perm(id, perm_name, depend, menu_id, order_num) values ('hdg.FaultLog:handle', '处理', 'hdg.FaultLog:list', 'hdg.FaultLog', 4);
insert into bas_menu(id, menu_name, parent_id, menu_pos) values ('3_9', '故障反馈', '3', 9);
insert into bas_menu(id, menu_name, parent_id, menu_pos) values ('hdg.FaultFeedback', '故障反馈', '3_9', 1);
insert into bas_perm(id, perm_name, depend, menu_id, order_num) values ('hdg.FaultFeedback:list', '列表', '', 'hdg.FaultFeedback', 1);
insert into bas_perm(id, perm_name, depend, menu_id, order_num) values ('hdg.FaultFeedback:view', '查看', 'hdg.FaultFeedback:list', 'hdg.FaultFeedback', 2);
insert into bas_perm(id, perm_name, depend, menu_id, order_num) values ('hdg.FaultFeedback:edit', '修改', 'hdg.FaultFeedback:list', 'hdg.FaultFeedback', 3);
insert into bas_perm(id, perm_name, depend, menu_id, order_num) values ('hdg.FaultFeedback:remove', '删除', 'hdg.FaultFeedback:list', 'hdg.FaultFeedback', 4);
insert into bas_menu(id, menu_name, parent_id, menu_pos) values ('3_10', '退款管理', '3', 10);
insert into bas_menu(id, menu_name, parent_id, menu_pos) values ('hdg.ExchangeRefund', '退款管理', '3_10', 1);
insert into bas_perm(id, perm_name, depend, menu_id, order_num) values ('hdg.ExchangeRefund:list', '列表', '', 'hdg.ExchangeRefund', 1);
insert into bas_perm(id, perm_name, depend, menu_id, order_num) values ('hdg.ExchangeRefund:audit', '待审核', 'hdg.ExchangeRefund:list', 'hdg.ExchangeRefund', 2);
insert into bas_perm(id, perm_name, depend, menu_id, order_num) values ('hdg.ExchangeRefund:refund', '退款', 'hdg.ExchangeRefund:list', 'hdg.ExchangeRefund', 3);
insert into bas_perm(id, perm_name, depend, menu_id, order_num) values ('hdg.ExchangeRefund:refundRecord', '退款记录', 'hdg.ExchangeRefund:list', 'hdg.ExchangeRefund', 4);
insert into bas_menu(id, menu_name, parent_id, menu_pos) values ('3_11', 'VIP套餐管理', '3', 11);
insert into bas_menu(id, menu_name, parent_id, menu_pos) values ('hdg.VipPrice', 'VIP套餐管理', '3_11', 1);
insert into bas_perm(id, perm_name, depend, menu_id, order_num) values ('hdg.VipPrice:list', '列表', '', 'hdg.VipPrice', 1);
insert into bas_perm(id, perm_name, depend, menu_id, order_num) values ('hdg.VipPrice:add', '新建', '', 'hdg.VipPrice', 2);
insert into bas_perm(id, perm_name, depend, menu_id, order_num) values ('hdg.VipPrice:edit', '修改', '', 'hdg.VipPrice', 3);
insert into bas_perm(id, perm_name, depend, menu_id, order_num) values ('hdg.VipPrice:remove', '删除', '', 'hdg.VipPrice', 4);
insert into bas_menu(id, menu_name, parent_id, menu_pos) values ('3_12', '优惠券管理', '3', 12);
insert into bas_menu(id, menu_name, parent_id, menu_pos) values ('basic.CustomerCouponTicketGift', '优惠券配置', '3_12', 1);
insert into bas_perm(id, perm_name, depend, menu_id, order_num) values ('basic.CustomerCouponTicketGift:list', '列表', '', 'basic.CustomerCouponTicketGift', 1);
insert into bas_perm(id, perm_name, depend, menu_id, order_num) values ('basic.CustomerCouponTicketGift:add', '新建', '', 'basic.CustomerCouponTicketGift', 2);
insert into bas_perm(id, perm_name, depend, menu_id, order_num) values ('basic.CustomerCouponTicketGift:view', '查看', '', 'basic.CustomerCouponTicketGift', 3);
insert into bas_perm(id, perm_name, depend, menu_id, order_num) values ('basic.CustomerCouponTicketGift:edit', '修改', '', 'basic.CustomerCouponTicketGift', 4);
insert into bas_perm(id, perm_name, depend, menu_id, order_num) values ('basic.CustomerCouponTicketGift:remove', '删除', '', 'basic.CustomerCouponTicketGift', 5);
insert into bas_perm(id, perm_name, depend, menu_id, order_num) values ('basic.CustomerCouponTicketGift:bind', '绑定骑手', '', 'basic.CustomerCouponTicketGift', 6);
insert into bas_menu(id, menu_name, parent_id, menu_pos) values ('basic.CustomerCouponTicket', '优惠券订单', '3_12', 2);
insert into bas_perm(id, perm_name, depend, menu_id, order_num) values ('basic.CustomerCouponTicket:list', '列表', '', 'basic.CustomerCouponTicket', 1);
insert into bas_perm(id, perm_name, depend, menu_id, order_num) values ('basic.CustomerCouponTicket:add', '新建', 'basic.CustomerCouponTicket:list', 'basic.CustomerCouponTicket', 2);
insert into bas_perm(id, perm_name, depend, menu_id, order_num) values ('basic.CustomerCouponTicket:view', '查看', 'basic.CustomerCouponTicket:list', 'basic.CustomerCouponTicket', 3);
insert into bas_perm(id, perm_name, depend, menu_id, order_num) values ('basic.CustomerCouponTicket:remove', '删除', 'basic.CustomerCouponTicket:list', 'basic.CustomerCouponTicket', 4);
insert into bas_menu(id, menu_name, parent_id, menu_pos) values ('3_13', '分期管理', '3', 13);
insert into bas_menu(id, menu_name, parent_id, menu_pos) values ('hdg.ExchangeInstallmentSetting', '分期管理', '3_13', 1);
insert into bas_perm(id, perm_name, depend, menu_id, order_num) values ('hdg.ExchangeInstallmentSetting:list', '列表', '', 'hdg.ExchangeInstallmentSetting', 1);
insert into bas_perm(id, perm_name, depend, menu_id, order_num) values ('hdg.ExchangeInstallmentSetting:add', '新建', 'hdg.ExchangeInstallmentSetting:list', 'hdg.ExchangeInstallmentSetting', 2);
insert into bas_perm(id, perm_name, depend, menu_id, order_num) values ('hdg.ExchangeInstallmentSetting:edit', '修改', 'hdg.ExchangeInstallmentSetting:list', 'hdg.ExchangeInstallmentSetting', 3);
insert into bas_perm(id, perm_name, depend, menu_id, order_num) values ('hdg.ExchangeInstallmentSetting:remove', '删除', 'hdg.ExchangeInstallmentSetting:list', 'hdg.ExchangeInstallmentSetting', 4);
insert into bas_menu(id, menu_name, parent_id, menu_pos) values ('basic.CustomerInstallmentRecord', '客户分期记录', '3_13', 2);
insert into bas_perm(id, perm_name, depend, menu_id, order_num) values ('basic.CustomerInstallmentRecord:list', '列表', '', 'basic.CustomerInstallmentRecord', 1);
insert into bas_perm(id, perm_name, depend, menu_id, order_num) values ('basic.CustomerInstallmentRecord:view', '查看', '', 'basic.CustomerInstallmentRecord', 2);
insert into bas_menu(id, menu_name, parent_id, menu_pos) values ('4', '租电', null, 4);
insert into bas_menu(id, menu_name, parent_id, menu_pos) values ('4_1', '电池型号管理', '4', 1);
insert into bas_menu(id, menu_name, parent_id, menu_pos) values ('zd.RentBatteryType', '电池型号管理', '4_1', 1);
insert into bas_perm(id, perm_name, depend, menu_id, order_num) values ('zd.RentBatteryType:list', '列表', '', 'zd.RentBatteryType', 1);
insert into bas_menu(id, menu_name, parent_id, menu_pos) values ('4_2', '电池管理', '4', 2);
insert into bas_menu(id, menu_name, parent_id, menu_pos) values ('zd.Battery', '电池管理', '4_2', 1);
insert into bas_perm(id, perm_name, depend, menu_id, order_num) values ('zd.Battery:list', '列表', '', 'zd.Battery', 1);
insert into bas_perm(id, perm_name, depend, menu_id, order_num) values ('zd.Battery:changeIsNormal', '标识/解除异常', 'zd.Battery:list', 'zd.Battery', 1);
insert into bas_perm(id, perm_name, depend, menu_id, order_num) values ('zd.Battery:paramBatchEdit', '参数批量修改', 'zd.Battery:list', 'zd.Battery', 1);
insert into bas_perm(id, perm_name, depend, menu_id, order_num) values ('zd.Battery:batchEdit', '批量修改', 'zd.Battery:list', 'zd.Battery', 1);
insert into bas_perm(id, perm_name, depend, menu_id, order_num) values ('zd.Battery:exportExcel', '批量导出', 'zd.Battery:list', 'zd.Battery', 1);
insert into bas_perm(id, perm_name, depend, menu_id, order_num) values ('zd.Battery:edit', '修改', 'zd.Battery:list', 'zd.Battery', 1);
insert into bas_perm(id, perm_name, depend, menu_id, order_num) values ('zd.Battery:remove', '删除', 'zd.Battery:list', 'zd.Battery', 1);
insert into bas_perm(id, perm_name, depend, menu_id, order_num) values ('zd.Battery:parameter', '参数', 'zd.Battery:list', 'zd.Battery', 1);
insert into bas_perm(id, perm_name, depend, menu_id, order_num) values ('zd.Battery:detail', '电池详情', 'zd.Battery:list', 'zd.Battery', 1);
insert into bas_menu(id, menu_name, parent_id, menu_pos) values ('4_3', '活动管理', '4', 3);
insert into bas_menu(id, menu_name, parent_id, menu_pos) values ('zd.RentPeriodActivity', '活动管理', '4_3', 1);
insert into bas_perm(id, perm_name, depend, menu_id, order_num) values ('zd.RentPeriodActivity:list', '列表', '', 'zd.RentPeriodActivity', 1);
insert into bas_menu(id, menu_name, parent_id, menu_pos) values ('4_4', '订单管理', '4', 4);
insert into bas_menu(id, menu_name, parent_id, menu_pos) values ('zd.RentForegiftOrder', '押金订单', '4_4', 1);
insert into bas_perm(id, perm_name, depend, menu_id, order_num) values ('zd.RentForegiftOrder:list', '列表', '', 'zd.RentForegiftOrder', 1);
insert into bas_menu(id, menu_name, parent_id, menu_pos) values ('zd.RentPeriodOrder', '租金订单', '4_4', 2);
insert into bas_perm(id, perm_name, depend, menu_id, order_num) values ('zd.RentPeriodOrder:list', '列表', '', 'zd.RentPeriodOrder', 1);
insert into bas_menu(id, menu_name, parent_id, menu_pos) values ('zd.RentOrder', '租电订单', '4_4', 3);
insert into bas_perm(id, perm_name, depend, menu_id, order_num) values ('zd.RentOrder:list', '列表', '', 'zd.RentOrder', 1);
insert into bas_perm(id, perm_name, depend, menu_id, order_num) values ('zd.RentOrder:view', '查看', 'zd.RentOrder:list', 'zd.RentOrder', 2);
insert into bas_perm(id, perm_name, depend, menu_id, order_num) values ('zd.RentOrder:exchangeBattery', '更换电池', 'zd.RentOrder:list', 'zd.RentOrder', 3);
insert into bas_perm(id, perm_name, depend, menu_id, order_num) values ('zd.RentOrder:updateStatus', '结束订单', 'zd.RentOrder:list', 'zd.RentOrder', 4);
insert into bas_menu(id, menu_name, parent_id, menu_pos) values ('zd.RentInsuranceOrder', '保险订单', '4_4', 4);
insert into bas_perm(id, perm_name, depend, menu_id, order_num) values ('zd.RentInsuranceOrder:list', '列表', '', 'zd.RentInsuranceOrder', 1);
insert into bas_menu(id, menu_name, parent_id, menu_pos) values ('zd.CustomerMultiOrder', '多通道订单', '4_4', 5);
insert into bas_perm(id, perm_name, depend, menu_id, order_num) values ('zd.CustomerMultiOrder:list', '列表', '', 'zd.CustomerMultiOrder', 1);
insert into bas_perm(id, perm_name, depend, menu_id, order_num) values ('zd.CustomerMultiOrder:view', '查看', 'zd.CustomerMultiOrder', 'zd.CustomerMultiOrder', 2);
insert into bas_menu(id, menu_name, parent_id, menu_pos) values ('4_5', '优惠券管理', '4', 5);
insert into bas_menu(id, menu_name, parent_id, menu_pos) values ('basic.CustomerCouponTicketGiftRent', '优惠券配置', '4_5', 1);
insert into bas_perm(id, perm_name, depend, menu_id, order_num) values ('basic.CustomerCouponTicketGiftRent:list', '列表', '', 'basic.CustomerCouponTicketGiftRent', 1);
insert into bas_perm(id, perm_name, depend, menu_id, order_num) values ('basic.CustomerCouponTicketGiftRent:add', '新建', 'basic.CustomerCouponTicketGiftRent:list', 'basic.CustomerCouponTicketGiftRent', 2);
insert into bas_perm(id, perm_name, depend, menu_id, order_num) values ('basic.CustomerCouponTicketGiftRent:view', '查看', 'basic.CustomerCouponTicketGiftRent:list', 'basic.CustomerCouponTicketGiftRent', 3);
insert into bas_perm(id, perm_name, depend, menu_id, order_num) values ('basic.CustomerCouponTicketGiftRent:edit', '修改', 'basic.CustomerCouponTicketGiftRent:list', 'basic.CustomerCouponTicketGiftRent', 4);
insert into bas_perm(id, perm_name, depend, menu_id, order_num) values ('basic.CustomerCouponTicketGiftRent:remove', '删除', 'basic.CustomerCouponTicketGiftRent:list', 'basic.CustomerCouponTicketGiftRent', 5);
insert into bas_menu(id, menu_name, parent_id, menu_pos) values ('basic.CustomerCouponTicketRent', '优惠券订单', '4_5', 2);
insert into bas_perm(id, perm_name, depend, menu_id, order_num) values ('basic.CustomerCouponTicketRent:list', '列表', '', 'basic.CustomerCouponTicketRent', 1);
insert into bas_perm(id, perm_name, depend, menu_id, order_num) values ('basic.CustomerCouponTicketRent:add', '新建', 'basic.CustomerCouponTicketRent:list', 'basic.CustomerCouponTicketRent', 2);
insert into bas_perm(id, perm_name, depend, menu_id, order_num) values ('basic.CustomerCouponTicketRent:view', '查看', 'basic.CustomerCouponTicketRent:list', 'basic.CustomerCouponTicketRent', 3);
insert into bas_perm(id, perm_name, depend, menu_id, order_num) values ('basic.CustomerCouponTicketRent:remove', '删除', 'basic.CustomerCouponTicketRent:list', 'basic.CustomerCouponTicketRent', 4);
insert into bas_menu(id, menu_name, parent_id, menu_pos) values ('4_6', '退款管理', '4', 6);
insert into bas_menu(id, menu_name, parent_id, menu_pos) values ('zd.RentRefund', '退款管理', '4_6', 1);
insert into bas_perm(id, perm_name, depend, menu_id, order_num) values ('zd.RentRefund:list', '列表', '', 'zd.RentRefund', 1);
insert into bas_perm(id, perm_name, depend, menu_id, order_num) values ('zd.RentRefund:audit', '审核', '', 'zd.RentRefund', 1);
insert into bas_perm(id, perm_name, depend, menu_id, order_num) values ('zd.RentRefund:refund', '退款', '', 'zd.RentRefund', 1);
insert into bas_perm(id, perm_name, depend, menu_id, order_num) values ('zd.RentRefund:refundRecord', '退款记录', '', 'zd.RentRefund', 1);
insert into bas_menu(id, menu_name, parent_id, menu_pos) values ('4_7', 'VIP套餐管理', '4', 7);
insert into bas_menu(id, menu_name, parent_id, menu_pos) values ('zd.VipRentPrice', 'VIP套餐管理', '4_7', 1);
insert into bas_perm(id, perm_name, depend, menu_id, order_num) values ('zd.VipRentPrice:list', '列表', '', 'zd.VipRentPrice', 1);
insert into bas_perm(id, perm_name, depend, menu_id, order_num) values ('zd.VipRentPrice:add', '新建', '', 'zd.VipRentPrice', 2);
insert into bas_perm(id, perm_name, depend, menu_id, order_num) values ('zd.VipRentPrice:edit', '修改', '', 'zd.VipRentPrice', 3);
insert into bas_perm(id, perm_name, depend, menu_id, order_num) values ('zd.VipRentPrice:remove', '删除', '', 'zd.VipRentPrice', 4);
insert into bas_menu(id, menu_name, parent_id, menu_pos) values ('4_8', '分期管理', '4', 8);
insert into bas_menu(id, menu_name, parent_id, menu_pos) values ('zd.RentInstallmentSetting', '分期管理', '4_8', 1);
insert into bas_perm(id, perm_name, depend, menu_id, order_num) values ('zd.RentInstallmentSetting:list', '列表', '', 'zd.RentInstallmentSetting', 1);
insert into bas_perm(id, perm_name, depend, menu_id, order_num) values ('zd.RentInstallmentSetting:view', '新建', 'zd.RentInstallmentSetting:list', 'zd.Refund', 2);
insert into bas_perm(id, perm_name, depend, menu_id, order_num) values ('zd.RentInstallmentSetting:edit', '修改', 'zd.RentInstallmentSetting:list', 'zd.Refund', 3);
insert into bas_perm(id, perm_name, depend, menu_id, order_num) values ('zd.RentInstallmentSetting:remove', '删除', 'zd.RentInstallmentSetting:list', 'zd.Refund', 4);
insert into bas_menu(id, menu_name, parent_id, menu_pos) values ('4_9', '客户分期记录', '4', 9);
insert into bas_menu(id, menu_name, parent_id, menu_pos) values ('zd.ZdCustomerInstallmentRecord', '客户分期记录', '4_9', 1);
insert into bas_perm(id, perm_name, depend, menu_id, order_num) values ('zd.ZdCustomerInstallmentRecord:list', '列表', '', 'zd.ZdCustomerInstallmentRecord', 1);
insert into bas_perm(id, perm_name, depend, menu_id, order_num) values ('zd.ZdCustomerInstallmentRecord:view', '查看', '', 'zd.ZdCustomerInstallmentRecord', 2);
insert into bas_menu(id, menu_name, parent_id, menu_pos) values ('5', '租车', null, 5);
insert into bas_menu(id, menu_name, parent_id, menu_pos) values ('5_1', '车型管理', '5', 1);
insert into bas_menu(id, menu_name, parent_id, menu_pos) values ('zc.VehicleModel', '车型管理', '5_1', 1);
insert into bas_perm(id, perm_name, depend, menu_id, order_num) values ('zc.VehicleModel:list', '列表', '', 'zc.VehicleModel', 1);
insert into bas_perm(id, perm_name, depend, menu_id, order_num) values ('zc.VehicleModel:add', '新建', '', 'zc.VehicleModel', 2);
insert into bas_perm(id, perm_name, depend, menu_id, order_num) values ('zc.VehicleModel:view', '查看', '', 'zc.VehicleModel', 3);
insert into bas_perm(id, perm_name, depend, menu_id, order_num) values ('zc.VehicleModel:edit', '修改', '', 'zc.VehicleModel', 4);
insert into bas_perm(id, perm_name, depend, menu_id, order_num) values ('zc.VehicleModel:remove', '删除', '', 'zc.VehicleModel', 5);
insert into bas_menu(id, menu_name, parent_id, menu_pos) values ('5_2', '车辆管理', '5', 2);
insert into bas_menu(id, menu_name, parent_id, menu_pos) values ('zc.Vehicle', '车型管理', '5_2', 1);
insert into bas_perm(id, perm_name, depend, menu_id, order_num) values ('zc.Vehicle:list', '列表', '', 'zc.Vehicle', 1);
insert into bas_perm(id, perm_name, depend, menu_id, order_num) values ('zc.Vehicle:add', '新建', '', 'zc.Vehicle', 2);
insert into bas_perm(id, perm_name, depend, menu_id, order_num) values ('zc.Vehicle:batchUpdateUpLineStatus', '批量上线', '', 'zc.Vehicle', 3);
insert into bas_perm(id, perm_name, depend, menu_id, order_num) values ('zc.Vehicle:exportExcel', '导出模板', '', 'zc.Vehicle', 4);
insert into bas_perm(id, perm_name, depend, menu_id, order_num) values ('zc.Vehicle:uploadFile', '批量导入', '', 'zc.Vehicle', 5);
insert into bas_perm(id, perm_name, depend, menu_id, order_num) values ('zc.Vehicle:view', '查看', '', 'zc.Vehicle', 6);
insert into bas_perm(id, perm_name, depend, menu_id, order_num) values ('zc.Vehicle:edit', '修改', '', 'zc.Vehicle', 7);
insert into bas_perm(id, perm_name, depend, menu_id, order_num) values ('zc.Vehicle:parameter', '参数', '', 'zc.Vehicle', 8);
insert into bas_perm(id, perm_name, depend, menu_id, order_num) values ('zc.Vehicle:remove', '删除', '', 'zc.Vehicle', 9);
insert into bas_menu(id, menu_name, parent_id, menu_pos) values ('5_3', '订单管理', '5', 3);
insert into bas_menu(id, menu_name, parent_id, menu_pos) values ('zc.GroupOrder', '组合订单', '5_3', 1);
insert into bas_perm(id, perm_name, depend, menu_id, order_num) values ('zc.GroupOrder:list', '列表', '', 'zc.GroupOrder', 1);
insert into bas_perm(id, perm_name, depend, menu_id, order_num) values ('zc.GroupOrder:audit', '待审核', '', 'zc.GroupOrder', 2);
insert into bas_perm(id, perm_name, depend, menu_id, order_num) values ('zc.GroupOrder:refund', '退款', '', 'zc.GroupOrder', 3);
insert into bas_perm(id, perm_name, depend, menu_id, order_num) values ('zc.GroupOrder:view', '查看', '', 'zc.GroupOrder', 4);
insert into bas_menu(id, menu_name, parent_id, menu_pos) values ('zc.VehicleOrder', '租车订单', '5_3', 2);
insert into bas_perm(id, perm_name, depend, menu_id, order_num) values ('zc.VehicleOrder:list', '列表', '', 'zc.VehicleOrder', 1);
insert into bas_perm(id, perm_name, depend, menu_id, order_num) values ('zc.VehicleOrder:view', '查看', '', 'zc.VehicleOrder', 2);
insert into bas_menu(id, menu_name, parent_id, menu_pos) values ('zc.VehicleForegiftOrder', '租车押金订单', '5_3', 3);
insert into bas_perm(id, perm_name, depend, menu_id, order_num) values ('zc.VehicleForegiftOrder:list', '列表', '', 'zc.VehicleForegiftOrder', 1);
insert into bas_perm(id, perm_name, depend, menu_id, order_num) values ('zc.VehicleForegiftOrder:view', '查看', '', 'zc.VehicleForegiftOrder', 2);
insert into bas_menu(id, menu_name, parent_id, menu_pos) values ('zc.VehiclePeriodOrder', '租车租金订单', '5_3', 4);
insert into bas_perm(id, perm_name, depend, menu_id, order_num) values ('zc.VehiclePeriodOrder:list', '列表', '', 'zc.VehiclePeriodOrder', 1);
insert into bas_perm(id, perm_name, depend, menu_id, order_num) values ('zc.VehiclePeriodOrder:view', '查看', '', 'zc.VehiclePeriodOrder', 2);
insert into bas_menu(id, menu_name, parent_id, menu_pos) values ('zc.ZcCustomerMultiOrder', '多通道订单', '5_3', 5);
insert into bas_perm(id, perm_name, depend, menu_id, order_num) values ('zc.ZcCustomerMultiOrder:list', '列表', '', 'zc.ZcCustomerMultiOrder', 1);
insert into bas_perm(id, perm_name, depend, menu_id, order_num) values ('zc.ZcCustomerMultiOrder:audit', '待审核', '', 'zc.ZcCustomerMultiOrder', 2);
insert into bas_perm(id, perm_name, depend, menu_id, order_num) values ('zc.ZcCustomerMultiOrder:refund', '退款', '', 'zc.ZcCustomerMultiOrder', 3);
insert into bas_perm(id, perm_name, depend, menu_id, order_num) values ('zc.ZcCustomerMultiOrder:view', '查看', '', 'zc.ZcCustomerMultiOrder', 4);
insert into bas_menu(id, menu_name, parent_id, menu_pos) values ('5_4', '换电订单管理', '5', 4);
insert into bas_menu(id, menu_name, parent_id, menu_pos) values ('zc.VehicleCustomerForegiftOrder', '押金订单', '5_4', 1);
insert into bas_perm(id, perm_name, depend, menu_id, order_num) values ('zc.VehicleCustomerForegiftOrder:list', '列表', '', 'zc.VehicleCustomerForegiftOrder', 1);
insert into bas_perm(id, perm_name, depend, menu_id, order_num) values ('zc.VehicleCustomerForegiftOrder:view', '查看', '', 'zc.VehicleCustomerForegiftOrder', 2);
insert into bas_menu(id, menu_name, parent_id, menu_pos) values ('zc.VehiclePacketPeriodOrder', '租金订单', '5_4', 2);
insert into bas_perm(id, perm_name, depend, menu_id, order_num) values ('zc.VehiclePacketPeriodOrder:list', '列表', '', 'zc.VehiclePacketPeriodOrder', 1);
insert into bas_perm(id, perm_name, depend, menu_id, order_num) values ('zc.VehiclePacketPeriodOrder:view', '查看', '', 'zc.VehiclePacketPeriodOrder', 2);
insert into bas_menu(id, menu_name, parent_id, menu_pos) values ('zc.VehicleBatteryOrder', '换电订单', '5_4', 3);
insert into bas_perm(id, perm_name, depend, menu_id, order_num) values ('zc.VehicleBatteryOrder:list', '列表', '', 'zc.VehicleBatteryOrder', 1);
insert into bas_perm(id, perm_name, depend, menu_id, order_num) values ('zc.VehicleBatteryOrder:view', '查看', '', 'zc.VehicleBatteryOrder', 2);
insert into bas_menu(id, menu_name, parent_id, menu_pos) values ('zc.VehicleBespeakOrder', '预约订单', '5_4', 4);
insert into bas_perm(id, perm_name, depend, menu_id, order_num) values ('zc.VehicleBespeakOrder:list', '列表', '', 'zc.VehicleBespeakOrder', 1);
insert into bas_perm(id, perm_name, depend, menu_id, order_num) values ('zc.VehicleBespeakOrder:view', '查看', '', 'zc.VehicleBespeakOrder', 2);
insert into bas_menu(id, menu_name, parent_id, menu_pos) values ('5_5', '租电订单管理', '5', 5);
insert into bas_menu(id, menu_name, parent_id, menu_pos) values ('zc.VehicleRentForegiftOrder', '押金订单', '5_5', 1);
insert into bas_perm(id, perm_name, depend, menu_id, order_num) values ('zc.VehicleRentForegiftOrder:list', '列表', '', 'zc.VehicleRentForegiftOrder', 1);
insert into bas_perm(id, perm_name, depend, menu_id, order_num) values ('zc.VehicleRentForegiftOrder:view', '查看', '', 'zc.VehicleRentForegiftOrder', 2);
insert into bas_menu(id, menu_name, parent_id, menu_pos) values ('zc.VehicleRentPeriodOrder', '租金订单', '5_5', 2);
insert into bas_perm(id, perm_name, depend, menu_id, order_num) values ('zc.VehicleRentPeriodOrder:list', '列表', '', 'zc.VehicleRentPeriodOrder', 1);
insert into bas_perm(id, perm_name, depend, menu_id, order_num) values ('zc.VehicleRentPeriodOrder:view', '查看', '', 'zc.VehicleRentPeriodOrder', 2);
insert into bas_menu(id, menu_name, parent_id, menu_pos) values ('zc.VehicleRentOrder', '换电订单', '5_5', 3);
insert into bas_perm(id, perm_name, depend, menu_id, order_num) values ('zc.VehicleRentOrder:list', '列表', '', 'zc.VehicleRentOrder', 1);
insert into bas_perm(id, perm_name, depend, menu_id, order_num) values ('zc.VehicleRentOrder:view', '查看', '', 'zc.VehicleRentOrder', 2);
insert into bas_menu(id, menu_name, parent_id, menu_pos) values ('5_6', '优惠券管理', '5', 6);
insert into bas_menu(id, menu_name, parent_id, menu_pos) values ('zc.CustomerCouponTicketGiftVehicle', '优惠券配置', '5_6', 1);
insert into bas_perm(id, perm_name, depend, menu_id, order_num) values ('zc.CustomerCouponTicketGiftVehicle:list', '列表', '', 'zc.CustomerCouponTicketGiftVehicle', 1);
insert into bas_perm(id, perm_name, depend, menu_id, order_num) values ('zc.CustomerCouponTicketGiftVehicle:add', '新建', 'zc.CustomerCouponTicketGiftVehicle:list', 'zc.CustomerCouponTicketGiftVehicle', 2);
insert into bas_perm(id, perm_name, depend, menu_id, order_num) values ('zc.CustomerCouponTicketGiftVehicle:view', '查看', 'zc.CustomerCouponTicketGiftVehicle:list', 'zc.CustomerCouponTicketGiftVehicle', 3);
insert into bas_perm(id, perm_name, depend, menu_id, order_num) values ('zc.CustomerCouponTicketGiftVehicle:edit', '修改', 'zc.CustomerCouponTicketGiftVehicle:list', 'zc.CustomerCouponTicketGiftVehicle', 4);
insert into bas_perm(id, perm_name, depend, menu_id, order_num) values ('zc.CustomerCouponTicketGiftVehicle:remove', '删除', 'zc.CustomerCouponTicketGiftVehicle:list', 'zc.CustomerCouponTicketGiftVehicle', 5);
insert into bas_menu(id, menu_name, parent_id, menu_pos) values ('zc.CustomerCouponTicketVehicle', '优惠券订单', '5_6', 2);
insert into bas_perm(id, perm_name, depend, menu_id, order_num) values ('zc.CustomerCouponTicketVehicle:list', '列表', '', 'zc.CustomerCouponTicketVehicle', 1);
insert into bas_perm(id, perm_name, depend, menu_id, order_num) values ('zc.CustomerCouponTicketVehicle:add', '新建', 'zc.CustomerCouponTicketVehicle:list', 'zc.CustomerCouponTicketVehicle', 2);
insert into bas_perm(id, perm_name, depend, menu_id, order_num) values ('zc.CustomerCouponTicketVehicle:view', '查看', 'zc.CustomerCouponTicketVehicle:list', 'zc.CustomerCouponTicketVehicle', 3);
insert into bas_perm(id, perm_name, depend, menu_id, order_num) values ('zc.CustomerCouponTicketVehicle:remove', '删除', 'zc.CustomerCouponTicketVehicle:list', 'zc.CustomerCouponTicketVehicle', 4);
insert into bas_menu(id, menu_name, parent_id, menu_pos) values ('5_7', '门店管理', '5', 7);
insert into bas_menu(id, menu_name, parent_id, menu_pos) values ('zc.ShopRentCar', '门店管理', '5_7', 1);
insert into bas_perm(id, perm_name, depend, menu_id, order_num) values ('zc.ShopRentCar:list', '列表', '', 'zc.ShopRentCar', 1);
insert into bas_perm(id, perm_name, depend, menu_id, order_num) values ('zc.ShopRentCar:add', '新建', '', 'zc.ShopRentCar', 2);
insert into bas_perm(id, perm_name, depend, menu_id, order_num) values ('zc.ShopRentCar:view', '查看', '', 'zc.ShopRentCar', 3);
insert into bas_perm(id, perm_name, depend, menu_id, order_num) values ('zc.ShopRentCar:edit', '修改', '', 'zc.ShopRentCar', 4);
insert into bas_perm(id, perm_name, depend, menu_id, order_num) values ('zc.ShopRentCar:remove', '删除', '', 'zc.ShopRentCar', 5);
insert into bas_menu(id, menu_name, parent_id, menu_pos) values ('zc.ShopPriceSetting', '门店套餐', '5_7', 2);
insert into bas_perm(id, perm_name, depend, menu_id, order_num) values ('zc.ShopPriceSetting:list', '列表', '', 'zc.ShopPriceSetting', 1);
insert into bas_perm(id, perm_name, depend, menu_id, order_num) values ('zc.ShopPriceSetting:add', '新建', '', 'zc.ShopPriceSetting', 2);
insert into bas_perm(id, perm_name, depend, menu_id, order_num) values ('zc.ShopPriceSetting:remove', '解绑', '', 'zc.ShopPriceSetting', 3);
insert into bas_menu(id, menu_name, parent_id, menu_pos) values ('zc.ShopStoreVehicle', '门店库存套餐', '5_7', 3);
insert into bas_perm(id, perm_name, depend, menu_id, order_num) values ('zc.ShopStoreVehicle:list', '列表', '', 'zc.ShopStoreVehicle', 1);
insert into bas_perm(id, perm_name, depend, menu_id, order_num) values ('zc.ShopStoreVehicle:exportExcel', '导出模板', '', 'zc.ShopStoreVehicle', 2);
insert into bas_perm(id, perm_name, depend, menu_id, order_num) values ('zc.ShopStoreVehicle:uploadFile', '批量导入', '', 'zc.ShopStoreVehicle', 3);
insert into bas_perm(id, perm_name, depend, menu_id, order_num) values ('zc.ShopStoreVehicle:add', '新增', '', 'zc.ShopStoreVehicle', 4);
insert into bas_perm(id, perm_name, depend, menu_id, order_num) values ('zc.ShopStoreVehicle:edit', '修改', '', 'zc.ShopStoreVehicle', 5);
insert into bas_perm(id, perm_name, depend, menu_id, order_num) values ('zc.ShopStoreVehicle:remove', '解绑', '', 'zc.ShopStoreVehicle', 6);
insert into bas_menu(id, menu_name, parent_id, menu_pos) values ('zc.ShopInventoryBattery', '门店库存电池', '5_7', 4);
insert into bas_perm(id, perm_name, depend, menu_id, order_num) values ('zc.ShopInventoryBattery:list', '列表', '', 'zc.ShopInventoryBattery', 1);
insert into bas_perm(id, perm_name, depend, menu_id, order_num) values ('zc.ShopInventoryBattery:unbindBattery', '电池解绑', '', 'zc.ShopInventoryBattery', 2);
insert into bas_menu(id, menu_name, parent_id, menu_pos) values ('zc.ShopVehicle', '门店车辆', '5_7', 5);
insert into bas_perm(id, perm_name, depend, menu_id, order_num) values ('zc.ShopVehicle:list', '列表', '', 'zc.ShopVehicle', 1);
insert into bas_menu(id, menu_name, parent_id, menu_pos) values ('zc.CustomerVehicleInfo', '门店用户', '5_7', 6);
insert into bas_perm(id, perm_name, depend, menu_id, order_num) values ('zc.CustomerVehicleInfo:list', '列表', '', 'zc.CustomerVehicleInfo', 1);
insert into bas_menu(id, menu_name, parent_id, menu_pos) values ('5_8', '套餐管理', '5', 8);
insert into bas_menu(id, menu_name, parent_id, menu_pos) values ('zc.PriceSetting', '套餐管理', '5_8', 1);
insert into bas_perm(id, perm_name, depend, menu_id, order_num) values ('zc.PriceSetting:list', '列表', '', 'zc.PriceSetting', 1);
insert into bas_perm(id, perm_name, depend, menu_id, order_num) values ('zc.PriceSetting:add', '新建', '', 'zc.PriceSetting', 2);
insert into bas_perm(id, perm_name, depend, menu_id, order_num) values ('zc.PriceSetting:edit', '修改', '', 'zc.PriceSetting', 3);
insert into bas_perm(id, perm_name, depend, menu_id, order_num) values ('zc.PriceSetting:remove', '删除', '', 'zc.PriceSetting', 4);
insert into bas_menu(id, menu_name, parent_id, menu_pos) values ('5_9', 'vip套餐管理', '5', 9);
insert into bas_menu(id, menu_name, parent_id, menu_pos) values ('zc.VehicleVipPrice', '套餐管理', '5_9', 1);
insert into bas_perm(id, perm_name, depend, menu_id, order_num) values ('zc.VehicleVipPrice:list', '列表', '', 'zc.VehicleVipPrice', 1);
insert into bas_perm(id, perm_name, depend, menu_id, order_num) values ('zc.VehicleVipPrice:add', '新建', '', 'zc.VehicleVipPrice', 2);
insert into bas_perm(id, perm_name, depend, menu_id, order_num) values ('zc.VehicleVipPrice:edit', '修改', '', 'zc.VehicleVipPrice', 3);
insert into bas_perm(id, perm_name, depend, menu_id, order_num) values ('zc.VehicleVipPrice:remove', '删除', '', 'zc.VehicleVipPrice', 4);
insert into bas_menu(id, menu_name, parent_id, menu_pos) values ('6', '消息', null, 6);
insert into bas_menu(id, menu_name, parent_id, menu_pos) values ('6_1', '短信消息', '6', 1);
insert into bas_menu(id, menu_name, parent_id, menu_pos) values ('basic.SmsConfig', '短信接口', '6_1', 1);
insert into bas_perm(id, perm_name, depend, menu_id, order_num) values ('basic.SmsConfig:list', '列表', '', 'basic.SmsConfig', 1);
insert into bas_menu(id, menu_name, parent_id, menu_pos) values ('basic.MobileMessageTemplate', '短信模板', '5_1', 2);
insert into bas_perm(id, perm_name, depend, menu_id, order_num) values ('basic.MobileMessageTemplate:list', '列表', '', 'basic.MobileMessageTemplate', 1);
insert into bas_perm(id, perm_name, depend, menu_id, order_num) values ('basic.MobileMessageTemplate:add', '新建', '', 'basic.MobileMessageTemplate', 2);
insert into bas_perm(id, perm_name, depend, menu_id, order_num) values ('basic.MobileMessageTemplate:view', '查看', '', 'basic.MobileMessageTemplate', 3);
insert into bas_perm(id, perm_name, depend, menu_id, order_num) values ('basic.MobileMessageTemplate:edit', '修改', '', 'basic.MobileMessageTemplate', 4);
insert into bas_perm(id, perm_name, depend, menu_id, order_num) values ('basic.MobileMessageTemplate:viewBalance', '查询余额', '', 'basic.MobileMessageTemplate', 5);
insert into bas_menu(id, menu_name, parent_id, menu_pos) values ('basic.MobileMessage', '短信记录', '6_1', 3);
insert into bas_perm(id, perm_name, depend, menu_id, order_num) values ('basic.MobileMessage:list', '列表', '', 'basic.MobileMessage', 1);
insert into bas_perm(id, perm_name, depend, menu_id, order_num) values ('basic.MobileMessage:view', '查看', 'basic.MobileMessage:list', 'basic.MobileMessage', 2);
insert into bas_perm(id, perm_name, depend, menu_id, order_num) values ('basic.MobileMessage:send', '重发', 'basic.MobileMessage:list', 'basic.MobileMessage', 3);
insert into bas_menu(id, menu_name, parent_id, menu_pos) values ('basic.BatchMobileMessage', '自定义短信', '6_1', 4);
insert into bas_perm(id, perm_name, depend, menu_id, order_num) values ('basic.BatchMobileMessage:list', '列表', '', 'basic.BatchMobileMessage', 1);
insert into bas_perm(id, perm_name, depend, menu_id, order_num) values ('basic.BatchMobileMessage:add', '新建', 'basic.BatchMobileMessage:list', 'basic.BatchMobileMessage', 2);
insert into bas_perm(id, perm_name, depend, menu_id, order_num) values ('basic.BatchMobileMessage:view', '查看', 'basic.BatchMobileMessage:list', 'basic.BatchMobileMessage', 3);
insert into bas_menu(id, menu_name, parent_id, menu_pos) values ('6_2', 'app消息', '6', 2);
insert into bas_menu(id, menu_name, parent_id, menu_pos) values ('basic.PushMessageTemplate', '消息推送模板', '6_2', 1);
insert into bas_perm(id, perm_name, depend, menu_id, order_num) values ('basic.PushMessageTemplate:list', '列表', '', 'basic.PushMessageTemplate', 1);
insert into bas_perm(id, perm_name, depend, menu_id, order_num) values ('basic.PushMessageTemplate:view', '查看', '', 'basic.PushMessageTemplate', 2);
insert into bas_perm(id, perm_name, depend, menu_id, order_num) values ('basic.PushMessageTemplate:edit', '修改', '', 'basic.PushMessageTemplate', 3);
insert into bas_menu(id, menu_name, parent_id, menu_pos) values ('basic.PushMessage', '消息记录', '6_2', 2);
insert into bas_perm(id, perm_name, depend, menu_id, order_num) values ('basic.PushMessage:list', '列表', '', 'basic.PushMessage', 1);
insert into bas_perm(id, perm_name, depend, menu_id, order_num) values ('basic.PushMessage:view', '查看', 'basic.PushMessage:list', 'basic.PushMessage', 2);
insert into bas_menu(id, menu_name, parent_id, menu_pos) values ('basic.CustomerNoticeMessage', '会员通知消息', '6_2', 3);
insert into bas_perm(id, perm_name, depend, menu_id, order_num) values ('basic.CustomerNoticeMessage:list', '列表', '', 'basic.CustomerNoticeMessage', 1);
insert into bas_perm(id, perm_name, depend, menu_id, order_num) values ('basic.CustomerNoticeMessage:view', '查看', 'basic.CustomerNoticeMessage:list', 'basic.CustomerNoticeMessage', 2);
insert into bas_menu(id, menu_name, parent_id, menu_pos) values ('basic.UserNoticeMessage', '用户通知消息', '6_2', 4);
insert into bas_perm(id, perm_name, depend, menu_id, order_num) values ('basic.UserNoticeMessage:list', '列表', '', 'basic.UserNoticeMessage', 1);
insert into bas_perm(id, perm_name, depend, menu_id, order_num) values ('basic.UserNoticeMessage:view', '查看', 'basic.UserNoticeMessage:list', 'basic.UserNoticeMessage', 2);
insert into bas_menu(id, menu_name, parent_id, menu_pos) values ('6_3', '公众号消息', '6', 3);
insert into bas_menu(id, menu_name, parent_id, menu_pos) values ('basic.MpPushMessageTemplate', '公众号模板', '6_3', 1);
insert into bas_perm(id, perm_name, depend, menu_id, order_num) values ('basic.MpPushMessageTemplate:list', '列表', '', 'basic.MpPushMessageTemplate', 1);
insert into bas_perm(id, perm_name, depend, menu_id, order_num) values ('basic.MpPushMessageTemplate:view', '查看', 'basic.MpPushMessageTemplate:list', 'basic.MpPushMessageTemplate', 2);
insert into bas_perm(id, perm_name, depend, menu_id, order_num) values ('basic.MpPushMessageTemplate:edit', '修改', 'basic.MpPushMessageTemplate:list', 'basic.MpPushMessageTemplate', 3);
insert into bas_menu(id, menu_name, parent_id, menu_pos) values ('basic.WeixinmpTemplateMessage', '公众号消息记录', '6_3', 2);
insert into bas_perm(id, perm_name, depend, menu_id, order_num) values ('basic.WeixinmpTemplateMessage:list', '列表', '', 'basic.WeixinmpTemplateMessage', 1);
insert into bas_perm(id, perm_name, depend, menu_id, order_num) values ('basic.WeixinmpTemplateMessage:view', '查看', 'basic.WeixinmpTemplateMessage:list', 'basic.WeixinmpTemplateMessage', 2);
insert into bas_menu(id, menu_name, parent_id, menu_pos) values ('basic.BatchWeixinmpTemplateMessage', '自定义消息', '6_3', 3);
insert into bas_perm(id, perm_name, depend, menu_id, order_num) values ('basic.BatchWeixinmpTemplateMessage:list', '列表', '', 'basic.BatchWeixinmpTemplateMessage', 1);
insert into bas_perm(id, perm_name, depend, menu_id, order_num) values ('basic.BatchWeixinmpTemplateMessage:add', '新建', 'basic.BatchWeixinmpTemplateMessage:list', 'basic.BatchWeixinmpTemplateMessage', 2);
insert into bas_perm(id, perm_name, depend, menu_id, order_num) values ('basic.BatchWeixinmpTemplateMessage:view', '查看', 'basic.BatchWeixinmpTemplateMessage:list', 'basic.BatchWeixinmpTemplateMessage', 3);
insert into bas_menu(id, menu_name, parent_id, menu_pos) values ('6_4', '生活号消息', '6', 4);
insert into bas_menu(id, menu_name, parent_id, menu_pos) values ('basic.FwPushMessageTemplate', '生活号模板', '6_4', 1);
insert into bas_perm(id, perm_name, depend, menu_id, order_num) values ('basic.FwPushMessageTemplate:list', '列表', '', 'basic.FwPushMessageTemplate', 1);
insert into bas_menu(id, menu_name, parent_id, menu_pos) values ('basic.AlipayfwTemplateMessage', '生活号消息记录', '6_4', 2);
insert into bas_perm(id, perm_name, depend, menu_id, order_num) values ('basic.AlipayfwTemplateMessage:list', '列表', '', 'basic.AlipayfwTemplateMessage', 1);
insert into bas_menu(id, menu_name, parent_id, menu_pos) values ('6_5', '语音消息', '6', 5);
insert into bas_menu(id, menu_name, parent_id, menu_pos) values ('basic.VoiceConfig', '语音接口', '6_5', 1);
insert into bas_perm(id, perm_name, depend, menu_id, order_num) values ('basic.VoiceConfig:list', '列表', '', 'basic.VoiceConfig', 1);
insert into bas_perm(id, perm_name, depend, menu_id, order_num) values ('basic.VoiceConfig:view', '查看', 'basic.VoiceConfig:list', 'basic.VoiceConfig', 2);
insert into bas_perm(id, perm_name, depend, menu_id, order_num) values ('basic.VoiceConfig:edit', '修改', 'basic.VoiceConfig:list', 'basic.VoiceConfig', 3);
insert into bas_perm(id, perm_name, depend, menu_id, order_num) values ('basic.VoiceConfig:add', '新建', 'basic.VoiceConfig:list', 'basic.VoiceConfig', 4);
insert into bas_menu(id, menu_name, parent_id, menu_pos) values ('basic.VoiceMessageTemplate', '语音模板', '6_5', 2);
insert into bas_perm(id, perm_name, depend, menu_id, order_num) values ('basic.VoiceMessageTemplate:list', '列表', '', 'basic.VoiceMessageTemplate', 1);
insert into bas_perm(id, perm_name, depend, menu_id, order_num) values ('basic.VoiceMessageTemplate:view', '查看', 'basic.VoiceMessageTemplate:list', 'basic.VoiceMessageTemplate', 2);
insert into bas_perm(id, perm_name, depend, menu_id, order_num) values ('basic.VoiceMessageTemplate:edit', '修改', 'basic.VoiceMessageTemplate:list', 'basic.VoiceMessageTemplate', 3);
insert into bas_menu(id, menu_name, parent_id, menu_pos) values ('basic.VoiceMessage', '语音记录', '6_5', 3);
insert into bas_perm(id, perm_name, depend, menu_id, order_num) values ('basic.VoiceMessage:list', '列表', '', 'basic.VoiceMessage', 1);
insert into bas_perm(id, perm_name, depend, menu_id, order_num) values ('basic.VoiceMessage:view', '查看', 'basic.VoiceMessage:list', 'basic.VoiceMessage', 2);
insert into bas_menu(id, menu_name, parent_id, menu_pos) values ('7', '资金', null, 7);
insert into bas_menu(id, menu_name, parent_id, menu_pos) values ('7_1', '结算记录', '7', 1);
insert into bas_menu(id, menu_name, parent_id, menu_pos) values ('basic.BalanceRecord', '结算记录', '7_1', 1);
insert into bas_perm(id, perm_name, depend, menu_id, order_num) values ('basic.BalanceRecord:list', '列表', '', 'basic.BalanceRecord', 1);
insert into bas_perm(id, perm_name, depend, menu_id, order_num) values ('basic.BalanceRecord:confirm', '确认', 'basic.BalanceRecord:list', 'basic.BalanceRecord', 2);
insert into bas_perm(id, perm_name, depend, menu_id, order_num) values ('basic.BalanceRecord:payMoney', '支付', 'hdg.AgentMaterialDayStats:list', 'hdg.AgentMaterialDayStats', 2);
insert into bas_perm(id, perm_name, depend, menu_id, order_num) values ('basic.BalanceRecord:exportExcel', '导出数据', 'hdg.AgentMaterialDayStats:list', 'hdg.AgentMaterialDayStats', 3);
insert into bas_menu(id, menu_name, parent_id, menu_pos) values ('hdg.AgentMaterialDayStats', '运营商支出', '7_1', 2);
insert into bas_perm(id, perm_name, depend, menu_id, order_num) values ('hdg.AgentMaterialDayStats:list', '列表', '', 'hdg.AgentMaterialDayStats', 1);
insert into bas_menu(id, menu_name, parent_id, menu_pos) values ('7_2', '支付凭证', '7', 2);
insert into bas_menu(id, menu_name, parent_id, menu_pos) values ('basic.WeixinPayOrder', 'APP-微信订单', '7_2', 1);
insert into bas_perm(id, perm_name, depend, menu_id, order_num) values ('basic.WeixinPayOrder:list', '列表', '', 'basic.WeixinPayOrder', 1);
insert into bas_perm(id, perm_name, depend, menu_id, order_num) values ('basic.WeixinPayOrder:view', '查看', 'basic.WeixinPayOrder:list', 'basic.WeixinPayOrder', 2);
insert into bas_menu(id, menu_name, parent_id, menu_pos) values ('basic.AlipayPayOrder', 'APP-支付宝订单', '7_2', 2);
insert into bas_perm(id, perm_name, depend, menu_id, order_num) values ('basic.AlipayPayOrder:list', '列表', '', 'basic.AlipayPayOrder', 1);
insert into bas_perm(id, perm_name, depend, menu_id, order_num) values ('basic.AlipayPayOrder:view', '查看', 'basic.AlipayPayOrder:list', 'basic.AlipayPayOrder', 2);
insert into bas_menu(id, menu_name, parent_id, menu_pos) values ('basic.WeixinmpPayOrder', '公众号订单', '7_2', 3);
insert into bas_perm(id, perm_name, depend, menu_id, order_num) values ('basic.WeixinmpPayOrder:list', '列表', '', 'basic.WeixinmpPayOrder', 1);
insert into bas_perm(id, perm_name, depend, menu_id, order_num) values ('basic.WeixinmpPayOrder:view', '查看', 'basic.WeixinmpPayOrder:list', 'basic.WeixinmpPayOrder', 2);
insert into bas_menu(id, menu_name, parent_id, menu_pos) values ('basic.AlipayfwPayOrder', '生活号订单', '7_2', 4);
insert into bas_perm(id, perm_name, depend, menu_id, order_num) values ('basic.AlipayfwPayOrder:list', '列表', '', 'basic.AlipayfwPayOrder', 1);
insert into bas_perm(id, perm_name, depend, menu_id, order_num) values ('basic.AlipayfwPayOrder:view', '查看', 'basic.AlipayfwPayOrder:list', 'basic.AlipayfwPayOrder', 2);
insert into bas_menu(id, menu_name, parent_id, menu_pos) values ('basic.WeixinmaPayOrder', '小程序订单', '7_2', 5);
insert into bas_perm(id, perm_name, depend, menu_id, order_num) values ('basic.WeixinmaPayOrder:list', '列表', '', 'basic.WeixinmaPayOrder', 1);
insert into bas_perm(id, perm_name, depend, menu_id, order_num) values ('basic.WeixinmaPayOrder:view', '查看', 'basic.WeixinmaPayOrder:list', 'basic.WeixinmaPayOrder', 2);
insert into bas_menu(id, menu_name, parent_id, menu_pos) values ('7_3', '实名认证记录', '7', 3);
insert into bas_menu(id, menu_name, parent_id, menu_pos) values ('basic.IdCardAuthRecord', '实名认证记录', '7_3', 1);
insert into bas_perm(id, perm_name, depend, menu_id, order_num) values ('basic.IdCardAuthRecord:list', '列表', '', 'basic.IdCardAuthRecord', 1);
insert into bas_menu(id, menu_name, parent_id, menu_pos) values ('7_4', '流水管理', '7', 4);
insert into bas_menu(id, menu_name, parent_id, menu_pos) values ('basic.PartnerInOutCash', '平台现金流水', '7_4', 1);
insert into bas_perm(id, perm_name, depend, menu_id, order_num) values ('basic.PartnerInOutCash:list', '列表', '', 'basic.PartnerInOutCash', 1);
insert into bas_menu(id, menu_name, parent_id, menu_pos) values ('basic.AgentDayInOutMoney', '运营商收入支出流水', '7_4', 2);
insert into bas_perm(id, perm_name, depend, menu_id, order_num) values ('basic.AgentDayInOutMoney:list', '列表', '', 'basic.AgentDayInOutMoney', 1);
insert into bas_menu(id, menu_name, parent_id, menu_pos) values ('8', '统计', null, 8);
insert into bas_menu(id, menu_name, parent_id, menu_pos) values ('8_1', '运营商统计', '8', 1);
insert into bas_menu(id, menu_name, parent_id, menu_pos) values ('hdg.AgentDayStats', '运营商日统计', '8_1', 1);
insert into bas_perm(id, perm_name, depend, menu_id, order_num) values ('hdg.AgentDayStats:list', '列表', '', 'hdg.AgentDayStats', 1);
insert into bas_perm(id, perm_name, depend, menu_id, order_num) values ('hdg.AgentDayStats:exportExcel', '导出数据', 'hdg.AgentDayStats:list', 'hdg.AgentDayStats', 2);
insert into bas_menu(id, menu_name, parent_id, menu_pos) values ('hdg.AgentMonthStats', '运营商月统计', '8_1', 2);
insert into bas_perm(id, perm_name, depend, menu_id, order_num) values ('hdg.AgentMonthStats:list', '列表', '', 'hdg.AgentMonthStats', 1);
insert into bas_perm(id, perm_name, depend, menu_id, order_num) values ('hdg.AgentMonthStats:exportExcel', '导出数据', 'hdg.AgentMonthStats:list', 'hdg.AgentMonthStats', 2);
insert into bas_menu(id, menu_name, parent_id, menu_pos) values ('hdg.AgentTotalStats', '运营商总统计', '8_1', 3);
insert into bas_perm(id, perm_name, depend, menu_id, order_num) values ('hdg.AgentTotalStats:list', '列表', '', 'hdg.AgentTotalStats', 1);
insert into bas_perm(id, perm_name, depend, menu_id, order_num) values ('hdg.AgentTotalStats:exportExcel', '导出数据', 'hdg.AgentTotalStats:list', 'hdg.AgentTotalStats', 2);
insert into bas_menu(id, menu_name, parent_id, menu_pos) values ('8_2', '门店统计', '8', 2);
insert into bas_menu(id, menu_name, parent_id, menu_pos) values ('hdg.ShopDayStats', '门店日统计', '8_2', 1);
insert into bas_perm(id, perm_name, depend, menu_id, order_num) values ('hdg.ShopDayStats:list', '列表', '', 'hdg.ShopDayStats', 1);
insert into bas_perm(id, perm_name, depend, menu_id, order_num) values ('hdg.ShopDayStats:exportExcel', '导出数据', 'hdg.ShopDayStats:list', 'hdg.ShopDayStats', 2);
insert into bas_menu(id, menu_name, parent_id, menu_pos) values ('hdg.ShopTotalStats', '门店总统计', '8_2', 2);
insert into bas_perm(id, perm_name, depend, menu_id, order_num) values ('hdg.ShopTotalStats:list', '列表', '', 'hdg.ShopTotalStats', 1);
insert into bas_perm(id, perm_name, depend, menu_id, order_num) values ('hdg.ShopTotalStats:exportExcel', '导出数据', 'hdg.ShopTotalStats:list', 'hdg.ShopTotalStats', 2);
insert into bas_menu(id, menu_name, parent_id, menu_pos) values ('8_3', '运营公司统计', '8', 3);
insert into bas_menu(id, menu_name, parent_id, menu_pos) values ('basic.AgentCompanyDayStats', '运营公司日统计', '8_3', 1);
insert into bas_perm(id, perm_name, depend, menu_id, order_num) values ('basic.AgentCompanyDayStats:list', '列表', '', 'basic.AgentCompanyDayStats', 1);
insert into bas_perm(id, perm_name, depend, menu_id, order_num) values ('basic.AgentCompanyDayStats:exportExcel', '导出数据', 'basic.AgentCompanyDayStats:list', 'basic.AgentCompanyDayStats', 2);
insert into bas_menu(id, menu_name, parent_id, menu_pos) values ('basic.AgentCompanyTotalStats', '运营公司总统计', '8_3', 2);
insert into bas_perm(id, perm_name, depend, menu_id, order_num) values ('basic.AgentCompanyTotalStats:list', '列表', '', 'basic.AgentCompanyTotalStats', 1);
insert into bas_perm(id, perm_name, depend, menu_id, order_num) values ('basic.AgentCompanyTotalStats:exportExcel', '导出数据', 'basic.AgentCompanyTotalStats:list', 'basic.AgentCompanyTotalStats', 2);
insert into bas_menu(id, menu_name, parent_id, menu_pos) values ('8_4', '换电统计', '8', 4);
insert into bas_menu(id, menu_name, parent_id, menu_pos) values ('hdg.CabinetDayStats', '换电柜日统计', '8_4', 1);
insert into bas_perm(id, perm_name, depend, menu_id, order_num) values ('hdg.CabinetDayStats:list', '列表', '', 'hdg.CabinetDayStats', 1);
insert into bas_perm(id, perm_name, depend, menu_id, order_num) values ('hdg.CabinetDayStats:exportExcel', '导出数据', 'hdg.CabinetDayStats:list', 'hdg.CabinetDayStats', 2);
insert into bas_menu(id, menu_name, parent_id, menu_pos) values ('hdg.CabinetMonthStats', '换电柜月统计', '8_4', 2);
insert into bas_perm(id, perm_name, depend, menu_id, order_num) values ('hdg.CabinetMonthStats:list', '列表', '', 'hdg.CabinetMonthStats', 1);
insert into bas_perm(id, perm_name, depend, menu_id, order_num) values ('hdg.CabinetMonthStats:exportExcel', '导出数据', 'hdg.CabinetMonthStats:list', 'hdg.CabinetMonthStats', 2);
insert into bas_menu(id, menu_name, parent_id, menu_pos) values ('hdg.CabinetTotalStats', '换电柜总统计', '8_4', 3);
insert into bas_perm(id, perm_name, depend, menu_id, order_num) values ('hdg.CabinetTotalStats:list', '列表', '', 'hdg.CabinetTotalStats', 1);
insert into bas_perm(id, perm_name, depend, menu_id, order_num) values ('hdg.CabinetTotalStats:exportExcel', '导出数据', 'hdg.CabinetTotalStats:list', 'hdg.CabinetTotalStats', 2);
insert into bas_menu(id, menu_name, parent_id, menu_pos) values ('hdg.CabinetBoxProhibitStats', '禁用箱门总统计', '8_4', 4);
insert into bas_perm(id, perm_name, depend, menu_id, order_num) values ('hdg.CabinetBoxProhibitStats:list', '列表', '', 'hdg.CabinetBoxProhibitStats', 1);
insert into bas_perm(id, perm_name, depend, menu_id, order_num) values ('hdg.CabinetBoxProhibitStats:exportExcel', '导出数据', '', 'hdg.CabinetBoxProhibitStats', 2);
insert into bas_perm(id, perm_name, depend, menu_id, order_num) values ('hdg.CabinetBoxProhibitStats:view', '查看', '', 'hdg.CabinetBoxProhibitStats', 3);
insert into bas_menu(id, menu_name, parent_id, menu_pos) values ('hdg.BattaryAbnormalStats', '异常电池总统计', '8_4', 5);
insert into bas_perm(id, perm_name, depend, menu_id, order_num) values ('hdg.BattaryAbnormalStats:list', '列表', '', 'hdg.BattaryAbnormalStats', 1);
insert into bas_perm(id, perm_name, depend, menu_id, order_num) values ('hdg.BattaryAbnormalStats:view', '查看', '', 'hdg.BattaryAbnormalStats', 2);
insert into bas_perm(id, perm_name, depend, menu_id, order_num) values ('hdg.BattaryAbnormalStats:exportExcel', '导出数据', '', 'hdg.BattaryAbnormalStats', 3);
insert into bas_menu(id, menu_name, parent_id, menu_pos) values ('hdg.PacketPeriodOrderSoonExpireStats', '要到期包时总统计', '8_4', 6);
insert into bas_perm(id, perm_name, depend, menu_id, order_num) values ('hdg.PacketPeriodOrderSoonExpireStats:list', '列表', '', 'hdg.PacketPeriodOrderSoonExpireStats', 1);
insert into bas_perm(id, perm_name, depend, menu_id, order_num) values ('hdg.PacketPeriodOrderSoonExpireStats:view', '查看', '', 'hdg.PacketPeriodOrderSoonExpireStats', 2);
insert into bas_perm(id, perm_name, depend, menu_id, order_num) values ('hdg.PacketPeriodOrderSoonExpireStats:exportExcel', '导出', '', 'hdg.PacketPeriodOrderSoonExpireStats', 3);
insert into bas_menu(id, menu_name, parent_id, menu_pos) values ('8_5', '平台统计', '8', 5);
insert into bas_menu(id, menu_name, parent_id, menu_pos) values ('hdg.CustomerDayStats', '客单量统计', '8_5', 1);
insert into bas_perm(id, perm_name, depend, menu_id, order_num) values ('hdg.CustomerDayStats:list', '列表', '', 'hdg.CustomerDayStats', 1);
insert into bas_perm(id, perm_name, depend, menu_id, order_num) values ('hdg.CustomerDayStats:exportExcel', '导出数据', 'hdg.CustomerDayStats:list', 'hdg.CustomerDayStats', 2);
insert into bas_menu(id, menu_name, parent_id, menu_pos) values ('hdg.PlatformDayStats', '平台日统计', '8_5', 2);
insert into bas_perm(id, perm_name, depend, menu_id, order_num) values ('hdg.PlatformDayStats:list', '列表', '', 'hdg.PlatformDayStats', 1);
insert into bas_perm(id, perm_name, depend, menu_id, order_num) values ('hdg.PlatformDayStats:exportExcel', '导出数据', 'hdg.PlatformDayStats:list', 'hdg.PlatformDayStats', 2);
insert into bas_menu(id, menu_name, parent_id, menu_pos) values ('hdg.PlatformMonthStats', '平台月统计', '8_5', 3);
insert into bas_perm(id, perm_name, depend, menu_id, order_num) values ('hdg.PlatformMonthStats:list', '列表', '', 'hdg.PlatformMonthStats', 1);
insert into bas_perm(id, perm_name, depend, menu_id, order_num) values ('hdg.PlatformMonthStats:exportExcel', '导出数据', 'hdg.PlatformMonthStats:list', 'hdg.PlatformMonthStats', 2);
insert into bas_menu(id, menu_name, parent_id, menu_pos) values ('9', '广告', null, 9);
insert into bas_menu(id, menu_name, parent_id, menu_pos) values ('9_1', '素材管理', '9', 1);
insert into bas_menu(id, menu_name, parent_id, menu_pos) values ('yms.Material', '素材', '9_1', 1);
insert into bas_perm(id, perm_name, depend, menu_id, order_num) values ('yms.Material:list', '列表', '', 'yms.Material', 1);
insert into bas_perm(id, perm_name, depend, menu_id, order_num) values ('yms.Material:add', '上传', '', 'yms.Material', 2);
insert into bas_perm(id, perm_name, depend, menu_id, order_num) values ('yms.Material:view', '查看', '', 'yms.Material', 3);
insert into bas_perm(id, perm_name, depend, menu_id, order_num) values ('yms.Material:edit', '修改', '', 'yms.Material', 4);
insert into bas_perm(id, perm_name, depend, menu_id, order_num) values ('yms.Material:remove', '删除', '', 'yms.Material', 5);
insert into bas_perm(id, perm_name, depend, menu_id, order_num) values ('yms.Material:replace', '替换', '', 'yms.Material', 6);
insert into bas_perm(id, perm_name, depend, menu_id, order_num) values ('yms.Material:download', '下载', '', 'yms.Material', 7);
insert into bas_menu(id, menu_name, parent_id, menu_pos) values ('9_2', '终端管理', '9', 2);
insert into bas_menu(id, menu_name, parent_id, menu_pos) values ('yms.Terminal', '终端管理', '9_2', 1);
insert into bas_perm(id, perm_name, depend, menu_id, order_num) values ('yms.Terminal:list', '列表', '', 'yms.Terminal', 1);
insert into bas_perm(id, perm_name, depend, menu_id, order_num) values ('yms.Terminal:uploadLog', '上传日志', '', 'yms.Terminal', 2);
insert into bas_perm(id, perm_name, depend, menu_id, order_num) values ('yms.Terminal:view', '查看', '', 'yms.Terminal', 3);
insert into bas_perm(id, perm_name, depend, menu_id, order_num) values ('yms.Terminal:remove', '删除', '', 'yms.Terminal', 4);
insert into bas_menu(id, menu_name, parent_id, menu_pos) values ('9_3', '播放', '9', 3);
insert into bas_menu(id, menu_name, parent_id, menu_pos) values ('yms.Playlist', '播放列表', '9_3', 1);
insert into bas_perm(id, perm_name, depend, menu_id, order_num) values ('yms.Playlist:list', '列表', '', 'yms.Playlist', 1);
insert into bas_perm(id, perm_name, depend, menu_id, order_num) values ('yms.Playlist:add', '新建', '', 'yms.Playlist', 2);
insert into bas_perm(id, perm_name, depend, menu_id, order_num) values ('yms.Playlist:detail', '列表明细', '', 'yms.Playlist', 3);
insert into bas_perm(id, perm_name, depend, menu_id, order_num) values ('yms.Playlist:terminal', '关联终端', '', 'yms.Playlist', 4);
insert into bas_perm(id, perm_name, depend, menu_id, order_num) values ('yms.Playlist:remove', '删除', '', 'yms.Playlist', 5);
insert into bas_menu(id, menu_name, parent_id, menu_pos) values ('10', '系统配置', null, 10);
insert into bas_menu(id, menu_name, parent_id, menu_pos) values ('10_1', '账户权限管理', '10', 1);
insert into bas_menu(id, menu_name, parent_id, menu_pos) values ('basic.User', '用户管理', '10_1', 1);
insert into bas_perm(id, perm_name, depend, menu_id, order_num) values ('basic.User:list', '列表', '', 'basic.User', 1);
insert into bas_perm(id, perm_name, depend, menu_id, order_num) values ('basic.User:add', '新建', 'basic.User:list', 'basic.User', 2);
insert into bas_perm(id, perm_name, depend, menu_id, order_num) values ('basic.User:view', '查看', 'basic.User:list', 'basic.User', 3);
insert into bas_perm(id, perm_name, depend, menu_id, order_num) values ('basic.User:edit', '修改', 'basic.User:list', 'basic.User', 4);
insert into bas_menu(id, menu_name, parent_id, menu_pos) values ('basic.Role', '角色管理', '10_1', 2);
insert into bas_perm(id, perm_name, depend, menu_id, order_num) values ('basic.Role:list', '列表', '', 'basic.Role', 1);
insert into bas_perm(id, perm_name, depend, menu_id, order_num) values ('basic.Role:add', '新建', 'basic.Role:list', 'basic.Role', 2);
insert into bas_perm(id, perm_name, depend, menu_id, order_num) values ('basic.Role:view', '查看', 'basic.Role:list', 'basic.Role', 3);
insert into bas_perm(id, perm_name, depend, menu_id, order_num) values ('basic.Role:edit', '修改', 'basic.Role:list', 'basic.Role', 4);
insert into bas_perm(id, perm_name, depend, menu_id, order_num) values ('basic.Role:remove', '删除', 'basic.Role:list', 'basic.Role', 5);
insert into bas_menu(id, menu_name, parent_id, menu_pos) values ('10_2', '升级管理', '10', 2);
insert into bas_menu(id, menu_name, parent_id, menu_pos) values ('basic.UpgradePack', '手机端升级', '10_2', 1);
insert into bas_perm(id, perm_name, depend, menu_id, order_num) values ('basic.UpgradePack:list', '列表', '', 'basic.UpgradePack', 1);
insert into bas_perm(id, perm_name, depend, menu_id, order_num) values ('basic.UpgradePack:view', '查看', 'basic.UpgradePack:list', 'basic.UpgradePack', 2);
insert into bas_perm(id, perm_name, depend, menu_id, order_num) values ('basic.UpgradePack:upload', '上传', 'basic.UpgradePack:list', 'basic.UpgradePack', 3);
insert into bas_perm(id, perm_name, depend, menu_id, order_num) values ('basic.UpgradePack:download', '下载', 'basic.UpgradePack:list', 'basic.UpgradePack', 4);
insert into bas_menu(id, menu_name, parent_id, menu_pos) values ('basic.ScreenUpgradePack', '屏幕升级', '10_2', 2);
insert into bas_perm(id, perm_name, depend, menu_id, order_num) values ('basic.ScreenUpgradePack:list', '列表', '', 'basic.ScreenUpgradePack', 1);
insert into bas_perm(id, perm_name, depend, menu_id, order_num) values ('basic.ScreenUpgradePack:view', '查看', 'basic.ScreenUpgradePack:list', 'basic.ScreenUpgradePack', 2);
insert into bas_perm(id, perm_name, depend, menu_id, order_num) values ('basic.ScreenUpgradePack:upload', '上传', 'basic.ScreenUpgradePack:list', 'basic.ScreenUpgradePack', 3);
insert into bas_perm(id, perm_name, depend, menu_id, order_num) values ('basic.ScreenUpgradePack:download', '下载', 'basic.ScreenUpgradePack:list', 'basic.ScreenUpgradePack', 4);
insert into bas_menu(id, menu_name, parent_id, menu_pos) values ('basic.BatteryUpgradePack', '电池升级', '10_2', 3);
insert into bas_perm(id, perm_name, depend, menu_id, order_num) values ('basic.BatteryUpgradePack:list', '列表', '', 'basic.BatteryUpgradePack', 1);
insert into bas_perm(id, perm_name, depend, menu_id, order_num) values ('basic.BatteryUpgradePack:add', '新建', 'basic.BatteryUpgradePack:list', 'basic.BatteryUpgradePack', 2);
insert into bas_perm(id, perm_name, depend, menu_id, order_num) values ('basic.BatteryUpgradePack:view', '查看', 'basic.BatteryUpgradePack:list', 'basic.BatteryUpgradePack', 3);
insert into bas_perm(id, perm_name, depend, menu_id, order_num) values ('basic.BatteryUpgradePack:edit', '修改', 'basic.BatteryUpgradePack:list', 'basic.BatteryUpgradePack', 4);
insert into bas_perm(id, perm_name, depend, menu_id, order_num) values ('basic.BatteryUpgradePack:download', '下载', 'basic.BatteryUpgradePack:list', 'basic.BatteryUpgradePack', 5);
insert into bas_perm(id, perm_name, depend, menu_id, order_num) values ('basic.BatteryUpgradePack:facility', '设备', 'basic.BatteryUpgradePack:list', 'basic.BatteryUpgradePack', 6);
insert into bas_perm(id, perm_name, depend, menu_id, order_num) values ('basic.BatteryUpgradePack:remove', '删除', 'basic.BatteryUpgradePack:list', 'basic.BatteryUpgradePack', 7);
insert into bas_menu(id, menu_name, parent_id, menu_pos) values ('basic.TerminalUpgradePack', '换电柜升级', '10_2', 4);
insert into bas_perm(id, perm_name, depend, menu_id, order_num) values ('basic.TerminalUpgradePack:list', '列表', '', 'basic.TerminalUpgradePack', 1);
insert into bas_perm(id, perm_name, depend, menu_id, order_num) values ('basic.TerminalUpgradePack:add', '新建', 'basic.TerminalUpgradePack:list', 'basic.TerminalUpgradePack', 2);
insert into bas_perm(id, perm_name, depend, menu_id, order_num) values ('basic.TerminalUpgradePack:view', '查看', 'basic.TerminalUpgradePack:list', 'basic.TerminalUpgradePack', 3);
insert into bas_perm(id, perm_name, depend, menu_id, order_num) values ('basic.TerminalUpgradePack:edit', '修改', 'basic.TerminalUpgradePack:list', 'basic.TerminalUpgradePack', 4);
insert into bas_perm(id, perm_name, depend, menu_id, order_num) values ('basic.TerminalUpgradePack:download', '下载', 'basic.TerminalUpgradePack:list', 'basic.TerminalUpgradePack', 5);
insert into bas_perm(id, perm_name, depend, menu_id, order_num) values ('basic.TerminalUpgradePack:facility', '设备', 'basic.TerminalUpgradePack:list', 'basic.TerminalUpgradePack', 6);
insert into bas_perm(id, perm_name, depend, menu_id, order_num) values ('basic.TerminalUpgradePack:remove', '删除', 'basic.TerminalUpgradePack:list', 'basic.TerminalUpgradePack', 7);
insert into bas_menu(id, menu_name, parent_id, menu_pos) values ('basic.ChargerUpgradePack', '充电器升级', '10_2', 5);
insert into bas_perm(id, perm_name, depend, menu_id, order_num) values ('basic.ChargerUpgradePack:list', '列表', '', 'basic.ChargerUpgradePack', 1);
insert into bas_perm(id, perm_name, depend, menu_id, order_num) values ('basic.ChargerUpgradePack:add', '新建', 'basic.ChargerUpgradePack:list', 'basic.ChargerUpgradePack', 2);
insert into bas_perm(id, perm_name, depend, menu_id, order_num) values ('basic.ChargerUpgradePack:view', '查看', 'basic.ChargerUpgradePack:list', 'basic.ChargerUpgradePack', 3);
insert into bas_perm(id, perm_name, depend, menu_id, order_num) values ('basic.ChargerUpgradePack:edit', '修改', 'basic.ChargerUpgradePack:list', 'basic.ChargerUpgradePack', 4);
insert into bas_perm(id, perm_name, depend, menu_id, order_num) values ('basic.ChargerUpgradePack:download', '下载', 'basic.ChargerUpgradePack:list', 'basic.ChargerUpgradePack', 5);
insert into bas_perm(id, perm_name, depend, menu_id, order_num) values ('basic.ChargerUpgradePack:facility', '设备', 'basic.ChargerUpgradePack:list', 'basic.ChargerUpgradePack', 6);
insert into bas_perm(id, perm_name, depend, menu_id, order_num) values ('basic.ChargerUpgradePack:remove', '删除', 'basic.ChargerUpgradePack:list', 'basic.ChargerUpgradePack', 7);
insert into bas_menu(id, menu_name, parent_id, menu_pos) values ('10_3', '其他配置', '10', 3);
insert into bas_menu(id, menu_name, parent_id, menu_pos) values ('basic.Device', '终端', '10_3', 1);
insert into bas_perm(id, perm_name, depend, menu_id, order_num) values ('basic.Device:list', '列表', '', 'basic.Device', 1);
insert into bas_menu(id, menu_name, parent_id, menu_pos) values ('basic.DeviceUpgradePack', '终端升级', '10_3', 2);
insert into bas_perm(id, perm_name, depend, menu_id, order_num) values ('basic.DeviceUpgradePack:list', '列表', '', 'basic.DeviceUpgradePack', 1);
insert into bas_perm(id, perm_name, depend, menu_id, order_num) values ('basic.DeviceUpgradePack:add', '新建', 'basic.DeviceUpgradePack:list', 'basic.DeviceUpgradePack', 2);
insert into bas_perm(id, perm_name, depend, menu_id, order_num) values ('basic.DeviceUpgradePack:view', '查看', 'basic.DeviceUpgradePack:list', 'basic.DeviceUpgradePack', 3);
insert into bas_perm(id, perm_name, depend, menu_id, order_num) values ('basic.DeviceUpgradePack:edit', '修改', 'basic.DeviceUpgradePack:list', 'basic.DeviceUpgradePack', 4);
insert into bas_perm(id, perm_name, depend, menu_id, order_num) values ('basic.DeviceUpgradePack:download', '下载', 'basic.DeviceUpgradePack:list', 'basic.DeviceUpgradePack', 5);
insert into bas_perm(id, perm_name, depend, menu_id, order_num) values ('basic.DeviceUpgradePack:remove', '删除', 'basic.DeviceUpgradePack:list', 'basic.DeviceUpgradePack', 6);
insert into bas_perm(id, perm_name, depend, menu_id, order_num) values ('basic.DeviceUpgradePack:facility', '设备', 'basic.DeviceUpgradePack:list', 'basic.DeviceUpgradePack', 7);
insert into bas_menu(id, menu_name, parent_id, menu_pos) values ('basic.DeviceCommand', '终端命令', '10_3', 3);
insert into bas_perm(id, perm_name, depend, menu_id, order_num) values ('basic.DeviceCommand:list', '列表', '', 'basic.DeviceCommand', 1);
insert into bas_perm(id, perm_name, depend, menu_id, order_num) values ('basic.DeviceCommand:add', '新建', 'basic.DeviceCommand:list', 'basic.DeviceCommand', 2);
insert into bas_menu(id, menu_name, parent_id, menu_pos) values ('basic.DeviceReportLog', '终端上报日志', '10_3', 4);
insert into bas_perm(id, perm_name, depend, menu_id, order_num) values ('basic.DeviceReportLog:list', '列表', '', 'basic.DeviceReportLog', 1);
insert into bas_perm(id, perm_name, depend, menu_id, order_num) values ('basic.DeviceReportLog:download', '下载', 'basic.DeviceReportLog:download', 'basic.DeviceReportLog', 2);
insert into bas_menu(id, menu_name, parent_id, menu_pos) values ('10_4', '系统配置', '10', 4);
insert into bas_menu(id, menu_name, parent_id, menu_pos) values ('basic.SystemConfig', '系统配置', '10_4', 1);
insert into bas_perm(id, perm_name, depend, menu_id, order_num) values ('basic.SystemConfig:list', '列表', '', 'basic.SystemConfig', 1);
insert into bas_perm(id, perm_name, depend, menu_id, order_num) values ('basic.SystemConfig:view', '查看', 'basic.SystemConfig:list', 'basic.SystemConfig', 2);
insert into bas_perm(id, perm_name, depend, menu_id, order_num) values ('basic.SystemConfig:edit', '修改', 'basic.SystemConfig:list', 'basic.SystemConfig', 3);
insert into bas_menu(id, menu_name, parent_id, menu_pos) values ('basic.DictItem', '字典管理', '10_4', 2);
insert into bas_perm(id, perm_name, depend, menu_id, order_num) values ('basic.DictItem:list', '列表', '', 'basic.DictItem', 1);
insert into bas_perm(id, perm_name, depend, menu_id, order_num) values ('basic.DictItem:add', '新建', 'basic.DictItem:list', 'basic.DictItem', 2);
insert into bas_perm(id, perm_name, depend, menu_id, order_num) values ('basic.DictItem:view', '查看', 'basic.DictItem:list', 'basic.DictItem', 3);
insert into bas_perm(id, perm_name, depend, menu_id, order_num) values ('basic.DictItem:remove', '删除', 'basic.DictItem:list', 'basic.DictItem', 4);

insert into bas_agent_menu(id, menu_name, parent_id, menu_pos, client_type) values ('1', '运营商', null, 1, 1);
insert into bas_agent_menu(id, menu_name, parent_id, menu_pos, client_type) values ('1_1', '运营商管理', '1', 1, 1);
insert into bas_agent_menu(id, menu_name, parent_id, menu_pos, client_type) values ('basic.Agent', '运营商管理', '1_1', 1, 1);
insert into bas_agent_perm(client_type, id, perm_name, depend, menu_id, order_num) values (1, 'basic.Agent:list', '列表', '', 'basic.Agent', 1);
insert into bas_agent_perm(client_type, id, perm_name, depend, menu_id, order_num) values (1, 'basic.Agent:add', '新建', '', 'basic.Agent', 2);
insert into bas_agent_perm(client_type, id, perm_name, depend, menu_id, order_num) values (1, 'basic.Agent:view', '查看', '', 'basic.Agent', 3);
insert into bas_agent_perm(client_type, id, perm_name, depend, menu_id, order_num) values (1, 'basic.Agent:edit', '修改', '', 'basic.Agent', 4);
insert into bas_agent_perm(client_type, id, perm_name, depend, menu_id, order_num) values (1, 'basic.Agent:delete', '删除', '', 'basic.Agent', 5);
insert into bas_agent_menu(id, menu_name, parent_id, menu_pos, client_type) values ('basic.AgentUser', '运营商账户管理', '1_1', 2, 1);
insert into bas_agent_perm(client_type, id, perm_name, depend, menu_id, order_num) values (1, 'basic.AgentUser:list', '列表', '', 'basic.AgentUser', 1);
insert into bas_agent_perm(client_type, id, perm_name, depend, menu_id, order_num) values (1, 'basic.AgentUser:add', '新建', '', 'basic.AgentUser', 2);
insert into bas_agent_perm(client_type, id, perm_name, depend, menu_id, order_num) values (1, 'basic.AgentUser:view', '查看', '', 'basic.AgentUser', 3);
insert into bas_agent_perm(client_type, id, perm_name, depend, menu_id, order_num) values (1, 'basic.AgentUser:edit', '修改', '', 'basic.AgentUser', 4);
insert into bas_agent_perm(client_type, id, perm_name, depend, menu_id, order_num) values (1, 'basic.AgentUser:delete', '删除', '', 'basic.AgentUser', 5);
insert into bas_agent_menu(id, menu_name, parent_id, menu_pos, client_type) values ('basic.AgentRole', '运营商角色管理', '1_1', 3, 1);
insert into bas_agent_perm(client_type, id, perm_name, depend, menu_id, order_num) values (1, 'basic.AgentRole:list', '列表', '', 'basic.AgentRole', 1);
insert into bas_agent_perm(client_type, id, perm_name, depend, menu_id, order_num) values (1, 'basic.AgentRole:add', '新建', '', 'basic.AgentRole', 2);
insert into bas_agent_perm(client_type, id, perm_name, depend, menu_id, order_num) values (1, 'basic.AgentRole:view', '查看', '', 'basic.AgentRole', 3);
insert into bas_agent_perm(client_type, id, perm_name, depend, menu_id, order_num) values (1, 'basic.AgentRole:edit', '修改', '', 'basic.AgentRole', 4);
insert into bas_agent_perm(client_type, id, perm_name, depend, menu_id, order_num) values (1, 'basic.AgentRole:delete', '删除', '', 'basic.AgentRole', 5);
insert into bas_agent_menu(id, menu_name, parent_id, menu_pos, client_type) values ('basic.AgentDepositOrder', '运营商充值', '1_1', 4, 1);
insert into bas_agent_perm(client_type, id, perm_name, depend, menu_id, order_num) values (1, 'basic.AgentDepositOrder:list', '列表', '', 'basic.AgentDepositOrder', 1);
insert into bas_agent_perm(client_type, id, perm_name, depend, menu_id, order_num) values (1, 'basic.AgentDepositOrder:add', '充值', '', 'basic.AgentDepositOrder', 2);
insert into bas_agent_perm(client_type, id, perm_name, depend, menu_id, order_num) values (1, 'basic.AgentDepositOrder:view', '查看', '', 'basic.AgentDepositOrder', 3);
insert into bas_agent_menu(id, menu_name, parent_id, menu_pos, client_type) values ('basic.AgentForegift', '运营商押金池', '1_1', 5, 1);
insert into bas_agent_perm(client_type, id, perm_name, depend, menu_id, order_num) values (1, 'basic.AgentForegift:list', '列表', '', 'basic.AgentForegift', 1);
insert into bas_agent_perm(client_type, id, perm_name, depend, menu_id, order_num) values (1, 'basic.AgentForegift:edit', '转入', '', 'basic.AgentForegift', 2);
insert into bas_agent_perm(client_type, id, perm_name, depend, menu_id, order_num) values (1, 'basic.AgentForegift:view', '查看', '', 'basic.AgentForegift', 3);
insert into bas_agent_menu(id, menu_name, parent_id, menu_pos, client_type) values ('1_2', '门店管理', '1', 2, 1);
insert into bas_agent_menu(id, menu_name, parent_id, menu_pos, client_type) values ('hdg.Shop', '门店管理', '1_2', 1, 1);
insert into bas_agent_perm(client_type, id, perm_name, depend, menu_id, order_num) values (1, 'hdg.Shop:list', '列表', '', 'hdg.Shop', 1);
insert into bas_agent_perm(client_type, id, perm_name, depend, menu_id, order_num) values (1, 'hdg.Shop:add', '新建', '', 'hdg.Shop', 2);
insert into bas_agent_perm(client_type, id, perm_name, depend, menu_id, order_num) values (1, 'hdg.Shop:view', '查看', '', 'hdg.Shop', 3);
insert into bas_agent_perm(client_type, id, perm_name, depend, menu_id, order_num) values (1, 'hdg.Shop:edit', '修改', '', 'hdg.Shop', 4);
insert into bas_agent_perm(client_type, id, perm_name, depend, menu_id, order_num) values (1, 'hdg.Shop:delete', '删除', '', 'hdg.Shop', 5);
insert into bas_agent_menu(id, menu_name, parent_id, menu_pos, client_type) values ('hdg.ShopUser', '门店账户管理', '1_2', 2, 1);
insert into bas_agent_perm(client_type, id, perm_name, depend, menu_id, order_num) values (1, 'hdg.ShopUser:list', '列表', '', 'hdg.ShopUser', 1);
insert into bas_agent_perm(client_type, id, perm_name, depend, menu_id, order_num) values (1, 'hdg.ShopUser:add', '新建', '', 'hdg.ShopUser', 2);
insert into bas_agent_perm(client_type, id, perm_name, depend, menu_id, order_num) values (1, 'hdg.ShopUser:view', '查看', '', 'hdg.ShopUser', 3);
insert into bas_agent_perm(client_type, id, perm_name, depend, menu_id, order_num) values (1, 'hdg.ShopUser:edit', '修改', '', 'hdg.ShopUser', 4);
insert into bas_agent_perm(client_type, id, perm_name, depend, menu_id, order_num) values (1, 'hdg.ShopUser:delete', '删除', '', 'hdg.ShopUser', 5);
insert into bas_agent_menu(id, menu_name, parent_id, menu_pos, client_type) values ('basic.ShopRole', '门店角色管理', '1_2', 3, 1);
insert into bas_agent_perm(client_type, id, perm_name, depend, menu_id, order_num) values (1, 'basic.ShopRole:list', '列表', '', 'basic.ShopRole', 1);
insert into bas_agent_perm(client_type, id, perm_name, depend, menu_id, order_num) values (1, 'basic.ShopRole:add', '新建', '', 'basic.ShopRole', 2);
insert into bas_agent_perm(client_type, id, perm_name, depend, menu_id, order_num) values (1, 'basic.ShopRole:view', '查看', '', 'basic.ShopRole', 3);
insert into bas_agent_perm(client_type, id, perm_name, depend, menu_id, order_num) values (1, 'basic.ShopRole:edit', '修改', '', 'basic.ShopRole', 4);
insert into bas_agent_perm(client_type, id, perm_name, depend, menu_id, order_num) values (1, 'basic.ShopRole:delete', '删除', '', 'basic.ShopRole', 5);
insert into bas_agent_menu(id, menu_name, parent_id, menu_pos, client_type) values ('hdg.ShopBatteryLog', '门店电池日志', '1_2', 4, 1);
insert into bas_agent_perm(client_type, id, perm_name, depend, menu_id, order_num) values (1, 'hdg.ShopBatteryLog:list', '列表', '', 'hdg.ShopBatteryLog', 1);
insert into bas_agent_menu(id, menu_name, parent_id, menu_pos, client_type) values ('hdg.ShopStoreBattery', '门店库存电池', '1_2', 5, 1);
insert into bas_agent_perm(client_type, id, perm_name, depend, menu_id, order_num) values (1, 'hdg.ShopStoreBattery:list', '列表', '', 'hdg.ShopStoreBattery', 1);
insert into bas_agent_menu(id, menu_name, parent_id, menu_pos, client_type) values ('1_3', '运营公司管理', '1', 3, 1);
insert into bas_agent_menu(id, menu_name, parent_id, menu_pos, client_type) values ('basic.AgentCompany', '运营公司管理', '1_3', 1, 1);
insert into bas_agent_perm(client_type, id, perm_name, depend, menu_id, order_num) values (1, 'basic.AgentCompany:list', '列表', '', 'basic.AgentCompany', 1);
insert into bas_agent_perm(client_type, id, perm_name, depend, menu_id, order_num) values (1, 'basic.AgentCompany:add', '新建', 'basic.AgentCompany:list', 'basic.AgentCompany', 2);
insert into bas_agent_perm(client_type, id, perm_name, depend, menu_id, order_num) values (1, 'basic.AgentCompany:view', '查看', 'basic.AgentCompany:list', 'basic.AgentCompany', 3);
insert into bas_agent_perm(client_type, id, perm_name, depend, menu_id, order_num) values (1, 'basic.AgentCompany:edit', '修改', 'basic.AgentCompany:list', 'basic.AgentCompany', 4);
insert into bas_agent_perm(client_type, id, perm_name, depend, menu_id, order_num) values (1, 'basic.AgentCompany:remove', '删除', 'basic.AgentCompany:list', 'basic.AgentCompany', 5);
insert into bas_agent_menu(id, menu_name, parent_id, menu_pos, client_type) values ('basic.AgentCompanyUser', '运营公司账户管理', '1_3', 2, 1);
insert into bas_agent_perm(client_type, id, perm_name, depend, menu_id, order_num) values (1, 'basic.AgentCompanyUser:list', '列表', '', 'basic.AgentCompanyUser', 1);
insert into bas_agent_perm(client_type, id, perm_name, depend, menu_id, order_num) values (1, 'basic.AgentCompanyUser:add', '新建', 'basic.AgentCompanyUser:list', 'basic.AgentCompanyUser', 2);
insert into bas_agent_perm(client_type, id, perm_name, depend, menu_id, order_num) values (1, 'basic.AgentCompanyUser:view', '查看', 'basic.AgentCompanyUser:list', 'basic.AgentCompanyUser', 3);
insert into bas_agent_perm(client_type, id, perm_name, depend, menu_id, order_num) values (1, 'basic.AgentCompanyUser:edit', '修改', 'basic.AgentCompanyUser:list', 'basic.AgentCompanyUser', 4);
insert into bas_agent_perm(client_type, id, perm_name, depend, menu_id, order_num) values (1, 'basic.AgentCompanyUser:remove', '删除', 'basic.AgentCompanyUser:list', 'basic.AgentCompanyUser', 5);
insert into bas_agent_menu(id, menu_name, parent_id, menu_pos, client_type) values ('basic.AgentCompanyRole', '运营公司角色管理', '1_3', 3, 1);
insert into bas_agent_perm(client_type, id, perm_name, depend, menu_id, order_num) values (1, 'basic.AgentCompanyRole:list', '列表', '', 'basic.AgentCompanyRole', 1);
insert into bas_agent_perm(client_type, id, perm_name, depend, menu_id, order_num) values (1, 'basic.AgentCompanyRole:add', '新建', 'basic.AgentCompanyRole:list', 'basic.AgentCompanyRole', 2);
insert into bas_agent_perm(client_type, id, perm_name, depend, menu_id, order_num) values (1, 'basic.AgentCompanyRole:view', '查看', 'basic.AgentCompanyRole:list', 'basic.AgentCompanyRole', 3);
insert into bas_agent_perm(client_type, id, perm_name, depend, menu_id, order_num) values (1, 'basic.AgentCompanyRole:edit', '修改', 'basic.AgentCompanyRole:list', 'basic.AgentCompanyRole', 4);
insert into bas_agent_perm(client_type, id, perm_name, depend, menu_id, order_num) values (1, 'basic.AgentCompanyRole:remove', '删除', 'basic.AgentCompanyRole:list', 'basic.AgentCompanyRole', 5);
insert into bas_agent_menu(id, menu_name, parent_id, menu_pos, client_type) values ('1_4', '物业管理', '1', 4, 1);
insert into bas_agent_menu(id, menu_name, parent_id, menu_pos, client_type) values ('hdg.Estate', '物业管理', '1_4', 1, 1);
insert into bas_agent_perm(client_type, id, perm_name, depend, menu_id, order_num) values (1,'hdg.Estate:list', '列表', '', 'hdg.Estate', 1);
insert into bas_agent_perm(client_type, id, perm_name, depend, menu_id, order_num) values (1,'hdg.Estate:add', '新建', '', 'hdg.Estate', 2);
insert into bas_agent_perm(client_type, id, perm_name, depend, menu_id, order_num) values (1,'hdg.Estate:view', '查看', '', 'hdg.Estate', 3);
insert into bas_agent_perm(client_type, id, perm_name, depend, menu_id, order_num) values (1,'hdg.Estate:edit', '修改', '', 'hdg.Estate', 4);
insert into bas_agent_perm(client_type, id, perm_name, depend, menu_id, order_num) values (1,'hdg.Estate:remove', '删除', '', 'hdg.Estate', 5);
insert into bas_agent_menu(id, menu_name, parent_id, menu_pos, client_type) values ('hdg.EstateUser', '物业账户管理', '1_4', 2, 1);
insert into bas_agent_perm(client_type, id, perm_name, depend, menu_id, order_num) values (1,'hdg.EstateUser:list', '列表', '', 'hdg.EstateUser', 1);
insert into bas_agent_perm(client_type, id, perm_name, depend, menu_id, order_num) values (1,'hdg.EstateUser:add', '新建', '', 'hdg.EstateUser', 2);
insert into bas_agent_perm(client_type, id, perm_name, depend, menu_id, order_num) values (1,'hdg.EstateUser:view', '查看', '', 'hdg.EstateUser', 3);
insert into bas_agent_perm(client_type, id, perm_name, depend, menu_id, order_num) values (1,'hdg.EstateUser:edit', '修改', '', 'hdg.EstateUser', 4);
insert into bas_agent_perm(client_type, id, perm_name, depend, menu_id, order_num) values (1,'hdg.EstateUser:remove', '删除', '', 'hdg.EstateUser', 5);
insert into bas_agent_menu(id, menu_name, parent_id, menu_pos, client_type) values ('hdg.CabinetDegreeInput', '物业电费管理', '1_4', 3, 1);
insert into bas_agent_perm(client_type, id, perm_name, depend, menu_id, order_num) values (1, 'hdg.CabinetDegreeInput:list', '列表', '', 'hdg.CabinetDegreeInput', 1);
insert into bas_agent_perm(client_type, id, perm_name, depend, menu_id, order_num) values (1, 'hdg.CabinetDegreeInput:view', '查看', '', 'hdg.CabinetDegreeInput', 2);
insert into bas_agent_menu(id, menu_name, parent_id, menu_pos, client_type) values ('1_5', '运营商公告', '1', 5, 1);
insert into bas_agent_menu(id, menu_name, parent_id, menu_pos, client_type) values ('basic.AgentPublicNotice', '运营商公告', '1_5', 1, 1);
insert into bas_agent_perm(client_type, id, perm_name, depend, menu_id, order_num) values (1, 'basic.AgentPublicNotice:list', '列表', '', 'basic.AgentPublicNotice', 1);
insert into bas_agent_perm(client_type, id, perm_name, depend, menu_id, order_num) values (1, 'basic.AgentPublicNotice:add', '新建', '', 'basic.AgentPublicNotice', 2);
insert into bas_agent_perm(client_type, id, perm_name, depend, menu_id, order_num) values (1, 'basic.AgentPublicNotice:view', '查看', '', 'basic.AgentPublicNotice', 3);
insert into bas_agent_perm(client_type, id, perm_name, depend, menu_id, order_num) values (1, 'basic.AgentPublicNotice:edit', '修改', '', 'basic.AgentPublicNotice', 4);
insert into bas_agent_perm(client_type, id, perm_name, depend, menu_id, order_num) values (1, 'basic.AgentPublicNotice:delete', '删除', '', 'basic.AgentPublicNotice', 5);
insert into bas_agent_menu(id, menu_name, parent_id, menu_pos, client_type) values ('1_6', '位置纠错', '1', 6, 1);
insert into bas_agent_menu(id, menu_name, parent_id, menu_pos, client_type) values ('hdg.CabinetAddressCorrection', '位置纠错', '1_6', 1, 1);
insert into bas_agent_perm(client_type, id, perm_name, depend, menu_id, order_num) values (1, 'hdg.CabinetAddressCorrection:list', '列表', '', 'hdg.CabinetAddressCorrection', 1);
insert into bas_agent_perm(client_type, id, perm_name, depend, menu_id, order_num) values (1, 'hdg.CabinetAddressCorrection:view', '查看', '', 'hdg.CabinetAddressCorrection', 2);
insert into bas_agent_perm(client_type, id, perm_name, depend, menu_id, order_num) values (1, 'hdg.CabinetAddressCorrection:pass', '通过', '', 'hdg.CabinetAddressCorrection', 3);
insert into bas_agent_perm(client_type, id, perm_name, depend, menu_id, order_num) values (1, 'hdg.CabinetAddressCorrection:fail', '不通过', '', 'hdg.CabinetAddressCorrection', 4);
insert into bas_agent_perm(client_type, id, perm_name, depend, menu_id, order_num) values (1, 'hdg.CabinetAddressCorrection:delete', '删除', '', 'hdg.CabinetAddressCorrection', 5);
insert into bas_agent_menu(id, menu_name, parent_id, menu_pos, client_type) values ('hdg.CabinetAddressCorrectionExemptReview', '纠错免审人员', '1_6', 2, 1);
insert into bas_agent_perm(client_type, id, perm_name, depend, menu_id, order_num) values (1, 'hdg.CabinetAddressCorrectionExemptReview:list', '列表', '', 'hdg.CabinetAddressCorrectionExemptReview', 1);
insert into bas_agent_perm(client_type, id, perm_name, depend, menu_id, order_num) values (1, 'hdg.CabinetAddressCorrectionExemptReview:add', '新建', '', 'hdg.CabinetAddressCorrectionExemptReview', 2);
insert into bas_agent_perm(client_type, id, perm_name, depend, menu_id, order_num) values (1, 'hdg.CabinetAddressCorrectionExemptReview:delete', '删除', '', 'hdg.CabinetAddressCorrectionExemptReview', 3);
insert into bas_agent_menu(id, menu_name, parent_id, menu_pos, client_type) values ('1_7', '客户白名单', '1', 7, 1);
insert into bas_agent_menu(id, menu_name, parent_id, menu_pos, client_type) values ('basic.CustomerWhitelist', '客户白名单', '1_7', 1, 1);
insert into bas_agent_perm(client_type, id, perm_name, depend, menu_id, order_num) values (1, 'basic.CustomerWhitelist:list', '列表', '', 'basic.CustomerWhitelist', 1);
insert into bas_agent_perm(client_type, id, perm_name, depend, menu_id, order_num) values (1, 'basic.CustomerWhitelist:add', '新建', '', 'basic.CustomerWhitelist', 2);
insert into bas_agent_perm(client_type, id, perm_name, depend, menu_id, order_num) values (1, 'basic.CustomerWhitelist:view', '查看', '', 'basic.CustomerWhitelist', 3);
insert into bas_agent_perm(client_type, id, perm_name, depend, menu_id, order_num) values (1, 'basic.CustomerWhitelist:edit', '修改', '', 'basic.CustomerWhitelist', 4);
insert into bas_agent_perm(client_type, id, perm_name, depend, menu_id, order_num) values (1, 'basic.CustomerWhitelist:delete', '删除', '', 'basic.CustomerWhitelist', 5);
insert into bas_agent_menu(id, menu_name, parent_id, menu_pos, client_type) values ('1_8', '拉新管理', '1', 8, 1);
insert into bas_agent_menu(id, menu_name, parent_id, menu_pos, client_type) values ('basic.Laxin', '拉新人员', '1_8', 1, 1);
insert into bas_agent_perm(client_type, id, perm_name, depend, menu_id, order_num) values (1, 'basic.Laxin:list', '列表', '', 'basic.Laxin', 1);
insert into bas_agent_perm(client_type, id, perm_name, depend, menu_id, order_num) values (1, 'basic.Laxin:add', '新建', '', 'basic.Laxin', 2);
insert into bas_agent_perm(client_type, id, perm_name, depend, menu_id, order_num) values (1, 'basic.Laxin:view', '查看', '', 'basic.Laxin', 3);
insert into bas_agent_perm(client_type, id, perm_name, depend, menu_id, order_num) values (1, 'basic.Laxin:edit', '修改', '', 'basic.Laxin', 4);
insert into bas_agent_perm(client_type, id, perm_name, depend, menu_id, order_num) values (1, 'basic.Laxin:delete', '删除', '', 'basic.Laxin', 5);
insert into bas_agent_menu(id, menu_name, parent_id, menu_pos, client_type) values ('basic.LaxinRecord', '拉新记录', '1_8', 2, 1);
insert into bas_agent_perm(client_type, id, perm_name, depend, menu_id, order_num) values (1, 'basic.LaxinRecord:list', '列表', '', 'basic.LaxinRecord', 1);
insert into bas_agent_perm(client_type, id, perm_name, depend, menu_id, order_num) values (1, 'basic.LaxinRecord:view', '查看', '', 'basic.LaxinRecord', 2);
insert into bas_agent_menu(id, menu_name, parent_id, menu_pos, client_type) values ('basic.LaxinPayOrder', '拉新支付订单', '1_8', 3, 1);
insert into bas_agent_perm(client_type, id, perm_name, depend, menu_id, order_num) values (1, 'basic.LaxinPayOrder:list', '列表', '', 'basic.LaxinPayOrder', 1);
insert into bas_agent_perm(client_type, id, perm_name, depend, menu_id, order_num) values (1, 'basic.LaxinPayOrder:view', '查看', '', 'basic.LaxinPayOrder', 2);
insert into bas_agent_menu(id, menu_name, parent_id, menu_pos, client_type) values ('basic.LaxinCustomer', '拉新客户', '1_8', 4, 1);
insert into bas_agent_perm(client_type, id, perm_name, depend, menu_id, order_num) values (1, 'basic.LaxinCustomer:list', '列表', '', 'basic.LaxinCustomer', 1);
insert into bas_agent_perm(client_type, id, perm_name, depend, menu_id, order_num) values (1, 'basic.LaxinCustomer:view', '查看', '', 'basic.LaxinCustomer', 2);
insert into bas_agent_menu(id, menu_name, parent_id, menu_pos, client_type) values ('basic.LaxinSetting', '拉新规则', '1_8', 5, 1);
insert into bas_agent_perm(client_type, id, perm_name, depend, menu_id, order_num) values (1, 'basic.LaxinSetting:list', '列表', '', 'basic.LaxinSetting', 1);
insert into bas_agent_perm(client_type, id, perm_name, depend, menu_id, order_num) values (1, 'basic.LaxinSetting:qrcode', '二维码', '', 'basic.LaxinSetting', 2);
insert into bas_agent_perm(client_type, id, perm_name, depend, menu_id, order_num) values (1, 'basic.LaxinSetting:add', '新建', '', 'basic.LaxinSetting', 3);
insert into bas_agent_perm(client_type, id, perm_name, depend, menu_id, order_num) values (1, 'basic.LaxinSetting:view', '查看', '', 'basic.LaxinSetting', 4);
insert into bas_agent_perm(client_type, id, perm_name, depend, menu_id, order_num) values (1, 'basic.LaxinSetting:edit', '修改', '', 'basic.LaxinSetting', 5);
insert into bas_agent_perm(client_type, id, perm_name, depend, menu_id, order_num) values (1, 'basic.LaxinSetting:delete', '删除', '', 'basic.LaxinSetting', 6);
insert into bas_agent_menu(id, menu_name, parent_id, menu_pos, client_type) values ('1_9', '提现管理', '1', 9, 1);
insert into bas_agent_menu(id, menu_name, parent_id, menu_pos, client_type) values ('basic.Withdraw', '提现管理', '1_9', 1, 1);
insert into bas_agent_perm(client_type, id, perm_name, depend, menu_id, order_num) values (1, 'basic.Withdraw:list', '列表', '', 'basic.Withdraw', 1);
insert into bas_agent_perm(client_type, id, perm_name, depend, menu_id, order_num) values (1, 'basic.Withdraw:view', '查看', '', 'basic.Withdraw', 2);
insert into bas_agent_perm(client_type, id, perm_name, depend, menu_id, order_num) values (1, 'basic.Withdraw:audit', '审核', '', 'basic.Withdraw', 3);
insert into bas_agent_perm(client_type, id, perm_name, depend, menu_id, order_num) values (1, 'basic.Withdraw:reset', '重置', '', 'basic.Withdraw', 4);
insert into bas_agent_menu(id, menu_name, parent_id, menu_pos, client_type) values ('2', '换电', null, 2, 1);
insert into bas_agent_menu(id, menu_name, parent_id, menu_pos, client_type) values ('2_1', '电池型号管理', '2', 1, 1);
insert into bas_agent_menu(id, menu_name, parent_id, menu_pos, client_type) values ('basic.AgentBatteryType', '电池型号管理', '2_1', 1, 1);
insert into bas_agent_perm(client_type, id, perm_name, depend, menu_id, order_num) values (1, 'basic.AgentBatteryType:list', '列表', '', 'basic.AgentBatteryType', 1);
insert into bas_agent_perm(client_type, id, perm_name, depend, menu_id, order_num) values (1, 'basic.AgentBatteryType:add', '新建', '', 'basic.AgentBatteryType', 2);
insert into bas_agent_perm(client_type, id, perm_name, depend, menu_id, order_num) values (1, 'basic.AgentBatteryType:view', '查看', '', 'basic.AgentBatteryType', 3);
insert into bas_agent_perm(client_type, id, perm_name, depend, menu_id, order_num) values (1, 'basic.AgentBatteryType:edit', '修改', '', 'basic.AgentBatteryType', 4);
insert into bas_agent_perm(client_type, id, perm_name, depend, menu_id, order_num) values (1, 'basic.AgentBatteryType:delete', '删除', '', 'basic.AgentBatteryType', 5);
insert into bas_agent_menu(id, menu_name, parent_id, menu_pos, client_type) values ('2_2', '电池管理', '2', 2, 1);
insert into bas_agent_menu(id, menu_name, parent_id, menu_pos, client_type) values ('hdg.Battery', '电池管理', '2_2', 1, 1);
insert into bas_agent_perm(client_type, id, perm_name, depend, menu_id, order_num) values (1, 'hdg.Battery:list', '列表', '', 'hdg.Battery', 1);
insert into bas_agent_perm(client_type, id, perm_name, depend, menu_id, order_num) values (1, 'hdg.Battery:batteryDetail', '电池详情', '', 'hdg.Battery', 2);
insert into bas_agent_perm(client_type, id, perm_name, depend, menu_id, order_num) values (1, 'hdg.Battery:updateFullvolume', '批量修改', '', 'hdg.Battery', 3);
insert into bas_agent_perm(client_type, id, perm_name, depend, menu_id, order_num) values (1, 'hdg.Battery:exportExcel', '批量导出', '', 'hdg.Battery', 4);
insert into bas_agent_perm(client_type, id, perm_name, depend, menu_id, order_num) values (1, 'hdg.Battery:edit', '修改', '', 'hdg.Battery', 5);
insert into bas_agent_perm(client_type, id, perm_name, depend, menu_id, order_num) values (1, 'hdg.Battery:delete', '删除', '', 'hdg.Battery', 6);
insert into bas_agent_menu(id, menu_name, parent_id, menu_pos, client_type) values ('2_3', '换电柜管理', '2', 3, 1);
insert into bas_agent_menu(id, menu_name, parent_id, menu_pos, client_type) values ('hdg.Cabinet', '换电柜管理', '2_3', 1, 1);
insert into bas_agent_perm(client_type, id, perm_name, depend, menu_id, order_num) values (1, 'hdg.Cabinet:list', '列表', '', 'hdg.Cabinet', 1);
insert into bas_agent_perm(client_type, id, perm_name, depend, menu_id, order_num) values (1, 'hdg.Cabinet:viewDayDegreeLog', '日用电统计', '', 'hdg.Cabinet', 2);
insert into bas_agent_perm(client_type, id, perm_name, depend, menu_id, order_num) values (1, 'hdg.Cabinet:viewOperateLog', '操作日志', '', 'hdg.Cabinet', 3);
insert into bas_agent_perm(client_type, id, perm_name, depend, menu_id, order_num) values (1, 'hdg.Cabinet:view', '查看', '', 'hdg.Cabinet', 4);
insert into bas_agent_perm(client_type, id, perm_name, depend, menu_id, order_num) values (1, 'hdg.Cabinet:edit', '修改', '', 'hdg.Cabinet', 5);
insert into bas_agent_perm(client_type, id, perm_name, depend, menu_id, order_num) values (1, 'hdg.Cabinet:delete', '删除', '', 'hdg.Cabinet', 6);
insert into bas_agent_perm(client_type, id, perm_name, depend, menu_id, order_num) values (1, 'hdg.Cabinet:cabinetDetail', '换电柜详情', '', 'hdg.Cabinet', 7);
insert into bas_agent_menu(id, menu_name, parent_id, menu_pos, client_type) values ('2_4', '屏幕终端管理', '2', 4, 1);
insert into bas_agent_menu(id, menu_name, parent_id, menu_pos, client_type) values ('yms.Terminal', '屏幕终端管理', '2_4', 1, 1);
insert into bas_agent_perm(client_type, id, perm_name, depend, menu_id, order_num) values (1, 'yms.Terminal:list', '列表', '', 'yms.Terminal', 1);
insert into bas_agent_perm(client_type, id, perm_name, depend, menu_id, order_num) values (1, 'yms.Terminal:view', '查看', '', 'yms.Terminal', 2);
insert into bas_agent_perm(client_type, id, perm_name, depend, menu_id, order_num) values (1, 'yms.Terminal:delete', '删除', '', 'yms.Terminal', 3);
insert into bas_agent_perm(client_type, id, perm_name, depend, menu_id, order_num) values (1, 'yms.Terminal:uploadLog', '上传日志', '', 'yms.Terminal', 4);
insert into bas_agent_menu(id, menu_name, parent_id, menu_pos, client_type) values ('2_5', '活动管理', '2', 5, 1);
insert into bas_agent_menu(id, menu_name, parent_id, menu_pos, client_type) values ('hdg.PacketPeriodActivity', '活动管理', '2_5', 1, 1);
insert into bas_agent_perm(client_type, id, perm_name, depend, menu_id, order_num) values (1, 'hdg.PacketPeriodActivity:list', '列表', '', 'hdg.PacketPeriodActivity', 1);
insert into bas_agent_perm(client_type, id, perm_name, depend, menu_id, order_num) values (1, 'hdg.PacketPeriodActivity:add', '新建', '', 'hdg.PacketPeriodActivity', 2);
insert into bas_agent_perm(client_type, id, perm_name, depend, menu_id, order_num) values (1, 'hdg.PacketPeriodActivity:view', '查看', '', 'hdg.PacketPeriodActivity', 3);
insert into bas_agent_perm(client_type, id, perm_name, depend, menu_id, order_num) values (1, 'hdg.PacketPeriodActivity:edit', '修改', '', 'hdg.PacketPeriodActivity', 4);
insert into bas_agent_perm(client_type, id, perm_name, depend, menu_id, order_num) values (1, 'hdg.PacketPeriodActivity:delete', '删除', '', 'hdg.PacketPeriodActivity', 5);
insert into bas_agent_menu(id, menu_name, parent_id, menu_pos, client_type) values ('2_6', '白名单管理', '2', 6, 1);
insert into bas_agent_menu(id, menu_name, parent_id, menu_pos, client_type) values ('hdg.ExchangeWhitelist', '白名单管理', '2_6', 1, 1);
insert into bas_agent_perm(client_type, id, perm_name, depend, menu_id, order_num) values (1, 'hdg.ExchangeWhitelist:list', '列表', '', 'hdg.ExchangeWhitelist', 1);
insert into bas_agent_perm(client_type, id, perm_name, depend, menu_id, order_num) values (1, 'hdg.ExchangeWhitelist:add', '新建', '', 'hdg.ExchangeWhitelist', 2);
insert into bas_agent_perm(client_type, id, perm_name, depend, menu_id, order_num) values (1, 'hdg.ExchangeWhitelist:view', '查看', '', 'hdg.ExchangeWhitelist', 3);
insert into bas_agent_perm(client_type, id, perm_name, depend, menu_id, order_num) values (1, 'hdg.ExchangeWhitelist:edit', '修改', '', 'hdg.ExchangeWhitelist', 4);
insert into bas_agent_perm(client_type, id, perm_name, depend, menu_id, order_num) values (1, 'hdg.ExchangeWhitelist:delete', '删除', '', 'hdg.ExchangeWhitelist', 5);
insert into bas_agent_menu(id, menu_name, parent_id, menu_pos, client_type) values ('2_7', '订单管理', '2', 7, 1);
insert into bas_agent_menu(id, menu_name, parent_id, menu_pos, client_type) values ('basic.CustomerForegiftOrder', '押金订单', '2_7', 1, 1);
insert into bas_agent_perm(client_type, id, perm_name, depend, menu_id, order_num) values (1, 'basic.CustomerForegiftOrder:list', '列表', '', 'basic.CustomerForegiftOrder', 1);
insert into bas_agent_perm(client_type, id, perm_name, depend, menu_id, order_num) values (1, 'basic.CustomerForegiftOrder:view', '查看', '', 'basic.CustomerForegiftOrder', 2);
insert into bas_agent_menu(id, menu_name, parent_id, menu_pos, client_type) values ('hdg.PacketPeriodOrder', '租金订单', '2_7', 2, 1);
insert into bas_agent_perm(client_type, id, perm_name, depend, menu_id, order_num) values (1, 'hdg.PacketPeriodOrder:list', '列表', '', 'hdg.PacketPeriodOrder', 1);
insert into bas_agent_perm(client_type, id, perm_name, depend, menu_id, order_num) values (1, 'hdg.PacketPeriodOrder:view', '查看', '', 'hdg.PacketPeriodOrder', 2);
insert into bas_agent_menu(id, menu_name, parent_id, menu_pos, client_type) values ('hdg.BatteryOrder', '换电订单', '2_7', 3, 1);
insert into bas_agent_perm(client_type, id, perm_name, depend, menu_id, order_num) values (1, 'hdg.BatteryOrder:list', '列表', '', 'hdg.BatteryOrder', 1);
insert into bas_agent_perm(client_type, id, perm_name, depend, menu_id, order_num) values (1, 'hdg.BatteryOrder:SelfhelpOrder', '一键自救','', 'hdg.BatteryOrder', 2);
insert into bas_agent_perm(client_type, id, perm_name, depend, menu_id, order_num) values (1, 'hdg.BatteryOrder:view', '查看', '', 'hdg.BatteryOrder', 3);
insert into bas_agent_perm(client_type, id, perm_name, depend, menu_id, order_num) values (1, 'hdg.BatteryOrder:completeOrder', '结束订单', '', 'hdg.BatteryOrder', 4);
insert into bas_agent_perm(client_type, id, perm_name, depend, menu_id, order_num) values (1, 'hdg.BatteryOrder:exchangeBattery', '更换电池', '', 'hdg.BatteryOrder', 5);
insert into bas_agent_perm(client_type, id, perm_name, depend, menu_id, order_num) values (1, 'hdg.BatteryOrder:toBackBatteryOrder', '转电池退租', '', 'hdg.BatteryOrder', 6);
insert into bas_agent_menu(id, menu_name, parent_id, menu_pos, client_type) values ('hdg.BackBatteryOrder', '退租订单', '2_7', 4, 1);
insert into bas_agent_perm(client_type, id, perm_name, depend, menu_id, order_num) values (1, 'hdg.BackBatteryOrder:list', '列表', '', 'hdg.BackBatteryOrder', 1);
insert into bas_agent_perm(client_type, id, perm_name, depend, menu_id, order_num) values (1, 'hdg.BackBatteryOrder:view', '查看', '', 'hdg.BackBatteryOrder', 2);
insert into bas_agent_menu(id, menu_name, parent_id, menu_pos, client_type) values ('hdg.InsuranceOrder', '保险订单', '2_7', 5, 1);
insert into bas_agent_perm(client_type, id, perm_name, depend, menu_id, order_num) values (1, 'hdg.InsuranceOrder:list', '列表', '', 'hdg.InsuranceOrder', 1);
insert into bas_agent_perm(client_type, id, perm_name, depend, menu_id, order_num) values (1, 'hdg.InsuranceOrder:view', '查看', '', 'hdg.InsuranceOrder', 2);
insert into bas_agent_menu(id, menu_name, parent_id, menu_pos, client_type) values ('hdg.BespeakOrder', '预约订单', '2_7', 6, 1);
insert into bas_agent_perm(client_type, id, perm_name, depend, menu_id, order_num) values (1, 'hdg.BespeakOrder:list', '列表', '', 'hdg.BespeakOrder', 1);
insert into bas_agent_perm(client_type, id, perm_name, depend, menu_id, order_num) values (1, 'hdg.BespeakOrder:view', '查看', '', 'hdg.BespeakOrder', 2);
insert into bas_agent_perm(client_type, id, perm_name, depend, menu_id, order_num) values (1, 'hdg.BespeakOrder:completeOrder', '结束订单', '', 'hdg.BespeakOrder', 3);
insert into bas_agent_menu(id, menu_name, parent_id, menu_pos, client_type) values ('basic.CustomerMultiOrder', '多通道订单', '2_7', 7, 1);
insert into bas_agent_perm(client_type, id, perm_name, depend, menu_id, order_num) values (1, 'basic.CustomerMultiOrder:list', '列表', '', 'basic.CustomerMultiOrder', 1);
insert into bas_agent_menu(id, menu_name, parent_id, menu_pos, client_type) values ('2_8', '故障管理', '2', 8, 1);
insert into bas_agent_menu(id, menu_name, parent_id, menu_pos, client_type) values ('hdg.FaultLog', '故障管理', '2_8', 1, 1);
insert into bas_agent_perm(client_type, id, perm_name, depend, menu_id, order_num) values (1, 'hdg.FaultLog:list', '列表', '', 'hdg.FaultLog', 1);
insert into bas_agent_perm(client_type, id, perm_name, depend, menu_id, order_num) values (1, 'hdg.FaultLog:view', '查看', '', 'hdg.FaultLog', 2);
insert into bas_agent_perm(client_type, id, perm_name, depend, menu_id, order_num) values (1, 'hdg.FaultLog:edit', '处理', '', 'hdg.FaultLog', 3);
insert into bas_agent_perm(client_type, id, perm_name, depend, menu_id, order_num) values (1, 'hdg.FaultLog:editStatus', '批量处理', '', 'hdg.FaultLog', 4);
insert into bas_agent_menu(id, menu_name, parent_id, menu_pos, client_type) values ('2_9', '故障反馈', '2', 9, 1);
insert into bas_agent_menu(id, menu_name, parent_id, menu_pos, client_type) values ('hdg.FaultFeedback', '故障反馈', '2_9', 1, 1);
insert into bas_agent_perm(client_type, id, perm_name, depend, menu_id, order_num) values (1, 'hdg.FaultFeedback:list', '列表', '', 'hdg.FaultFeedback', 1);
insert into bas_agent_perm(client_type, id, perm_name, depend, menu_id, order_num) values (1, 'hdg.FaultFeedback:view', '查看', '', 'hdg.FaultFeedback', 2);
insert into bas_agent_perm(client_type, id, perm_name, depend, menu_id, order_num) values (1, 'hdg.FaultFeedback:edit', '修改', '', 'hdg.FaultFeedback', 3);
insert into bas_agent_perm(client_type, id, perm_name, depend, menu_id, order_num) values (1, 'hdg.FaultFeedback:delete', '删除', '', 'hdg.FaultFeedback', 4);
insert into bas_agent_menu(id, menu_name, parent_id, menu_pos, client_type) values ('2_10', '退款管理', '2', 10, 1);
insert into bas_agent_menu(id, menu_name, parent_id, menu_pos, client_type) values ('hdg.ExchangeRefund', '退款管理', '2_10', 1, 1);
insert into bas_agent_perm(client_type, id, perm_name, depend, menu_id, order_num) values (1, 'hdg.ExchangeRefund:list', '列表', '', 'hdg.ExchangeRefund', 1);
insert into bas_agent_perm(client_type, id, perm_name, depend, menu_id, order_num) values (1, 'hdg.ExchangeRefund:audit', '待审核', '', 'hdg.ExchangeRefund', 2);
insert into bas_agent_perm(client_type, id, perm_name, depend, menu_id, order_num) values (1, 'hdg.ExchangeRefund:refund', '退款', '', 'hdg.ExchangeRefund', 3);
insert into bas_agent_perm(client_type, id, perm_name, depend, menu_id, order_num) values (1, 'hdg.ExchangeRefund:refundRecord', '退款记录', '', 'hdg.ExchangeRefund', 4);
insert into bas_agent_menu(id, menu_name, parent_id, menu_pos, client_type) values ('2_11', 'Vip套餐管理', '2', 11, 1);
insert into bas_agent_menu(id, menu_name, parent_id, menu_pos, client_type) values ('hdg.VipPrice', 'Vip套餐管理', '2_11', 1, 1);
insert into bas_agent_perm(client_type, id, perm_name, depend, menu_id, order_num) values (1, 'hdg.VipPrice:list', '列表', '', 'hdg.VipPrice', 1);
insert into bas_agent_perm(client_type, id, perm_name, depend, menu_id, order_num) values (1, 'hdg.VipPrice:add', '新建', '', 'hdg.VipPrice', 2);
insert into bas_agent_perm(client_type, id, perm_name, depend, menu_id, order_num) values (1, 'hdg.VipPrice:view', '查看', '', 'hdg.VipPrice', 3);
insert into bas_agent_perm(client_type, id, perm_name, depend, menu_id, order_num) values (1, 'hdg.VipPrice:edit', '修改', '', 'hdg.VipPrice', 4);
insert into bas_agent_perm(client_type, id, perm_name, depend, menu_id, order_num) values (1, 'hdg.VipPrice:remove', '删除', '', 'hdg.VipPrice', 5);
insert into bas_agent_menu(id, menu_name, parent_id, menu_pos, client_type) values ('2_12', '优惠券管理', '2', 12, 1);
insert into bas_agent_menu(id, menu_name, parent_id, menu_pos, client_type) values ('basic.CustomerCouponTicketGift', '优惠券配置', '2_12', 1, 1);
insert into bas_agent_perm(client_type, id, perm_name, depend, menu_id, order_num) values (1, 'basic.CustomerCouponTicketGift:list', '列表', '', 'basic.CustomerCouponTicketGift', 1);
insert into bas_agent_perm(client_type, id, perm_name, depend, menu_id, order_num) values (1, 'basic.CustomerCouponTicketGift:add', '新建', '', 'basic.CustomerCouponTicketGift', 2);
insert into bas_agent_perm(client_type, id, perm_name, depend, menu_id, order_num) values (1, 'basic.CustomerCouponTicketGift:view', '查看', '', 'basic.CustomerCouponTicketGift', 3);
insert into bas_agent_perm(client_type, id, perm_name, depend, menu_id, order_num) values (1, 'basic.CustomerCouponTicketGift:edit', '修改', '', 'basic.CustomerCouponTicketGift', 4);
insert into bas_agent_perm(client_type, id, perm_name, depend, menu_id, order_num) values (1, 'basic.CustomerCouponTicketGift:delete', '删除', '', 'basic.CustomerCouponTicketGift', 5);
insert into bas_agent_menu(id, menu_name, parent_id, menu_pos, client_type) values ('basic.CustomerCouponTicket', '优惠券订单', '2_12', 2, 1);
insert into bas_agent_perm(client_type, id, perm_name, depend, menu_id, order_num) values (1, 'basic.CustomerCouponTicket:list', '列表', '', 'basic.CustomerCouponTicket', 1);
insert into bas_agent_perm(client_type, id, perm_name, depend, menu_id, order_num) values (1, 'basic.CustomerCouponTicket:add', '新建', '', 'basic.CustomerCouponTicket', 2);
insert into bas_agent_perm(client_type, id, perm_name, depend, menu_id, order_num) values (1, 'basic.CustomerCouponTicket:view', '查看', '', 'basic.CustomerCouponTicket', 3);
insert into bas_agent_perm(client_type, id, perm_name, depend, menu_id, order_num) values (1, 'basic.CustomerCouponTicket:delete', '删除', '', 'basic.CustomerCouponTicket', 4);
insert into bas_agent_menu(id, menu_name, parent_id, menu_pos, client_type) values ('2_13', '分期管理', '2', 13, 1);
insert into bas_agent_menu(id, menu_name, parent_id, menu_pos, client_type) values ('hdg.ExchangeInstallmentSetting', '分期管理', '2_13', 1, 1);
insert into bas_agent_perm(client_type, id, perm_name, depend, menu_id, order_num) values (1, 'hdg.ExchangeInstallmentSetting:list', '列表', '', 'hdg.ExchangeInstallmentSetting', 1);
insert into bas_agent_perm(client_type, id, perm_name, depend, menu_id, order_num) values (1, 'hdg.ExchangeInstallmentSetting:add', '新建', '', 'hdg.ExchangeInstallmentSetting', 2);
insert into bas_agent_perm(client_type, id, perm_name, depend, menu_id, order_num) values (1, 'hdg.ExchangeInstallmentSetting:edit', '修改', '', 'hdg.ExchangeInstallmentSetting', 3);
insert into bas_agent_perm(client_type, id, perm_name, depend, menu_id, order_num) values (1, 'hdg.ExchangeInstallmentSetting:remove', '删除', '', 'hdg.ExchangeInstallmentSetting', 4);
insert into bas_agent_menu(id, menu_name, parent_id, menu_pos, client_type) values ('2_14', '客户分期记录', '2', 14, 1);
insert into bas_agent_menu(id, menu_name, parent_id, menu_pos, client_type) values ('basic.CustomerInstallmentRecord', '客户分期记录', '2_14', 1, 1);
insert into bas_agent_perm(client_type, id, perm_name, depend, menu_id, order_num) values (1, 'basic.CustomerInstallmentRecord:list', '列表', '', 'basic.CustomerInstallmentRecord', 1);
insert into bas_agent_perm(client_type, id, perm_name, depend, menu_id, order_num) values (1, 'basic.CustomerInstallmentRecord:view', '查看', '', 'basic.CustomerInstallmentRecord', 2);
insert into bas_agent_menu(id, menu_name, parent_id, menu_pos, client_type) values ('3', '租电', null, 3, 1);
insert into bas_agent_menu(id, menu_name, parent_id, menu_pos, client_type) values ('3_1', '电池型号管理', '3', 1, 1);
insert into bas_agent_menu(id, menu_name, parent_id, menu_pos, client_type) values ('zd.RentBatteryType', '电池型号管理', '3_1', 1, 1);
insert into bas_agent_perm(client_type, id, perm_name, depend, menu_id, order_num) values (1, 'zd.RentBatteryType:list', '列表', '', 'zd.RentBatteryType', 1);
insert into bas_agent_perm(client_type, id, perm_name, depend, menu_id, order_num) values (1, 'zd.RentBatteryType:add', '新建', '', 'zd.RentBatteryType', 2);
insert into bas_agent_perm(client_type, id, perm_name, depend, menu_id, order_num) values (1, 'zd.RentBatteryType:view', '查看', '', 'zd.RentBatteryType', 3);
insert into bas_agent_perm(client_type, id, perm_name, depend, menu_id, order_num) values (1, 'zd.RentBatteryType:edit', '修改', '', 'zd.RentBatteryType', 4);
insert into bas_agent_perm(client_type, id, perm_name, depend, menu_id, order_num) values (1, 'zd.RentBatteryType:remove', '删除', '', 'zd.RentBatteryType', 5);
insert into bas_agent_menu(id, menu_name, parent_id, menu_pos, client_type) values ('3_2', '电池管理', '3', 2, 1);
insert into bas_agent_menu(id, menu_name, parent_id, menu_pos, client_type) values ('zd.Battery', '电池管理', '3_2', 1, 1);
insert into bas_agent_perm(client_type, id, perm_name, depend, menu_id, order_num) values (1, 'zd.Battery:list', '列表', '', 'zd.Battery', 1);
insert into bas_agent_perm(client_type, id, perm_name, depend, menu_id, order_num) values (1, 'zd.Battery:edit', '修改', '', 'zd.Battery', 2);
insert into bas_agent_perm(client_type, id, perm_name, depend, menu_id, order_num) values (1, 'zd.Battery:remove', '删除', '', 'zd.Battery', 3);
insert into bas_agent_perm(client_type, id, perm_name, depend, menu_id, order_num) values (1, 'zd.Battery:parameter', '参数', '', 'zd.Battery', 4);
insert into bas_agent_perm(client_type, id, perm_name, depend, menu_id, order_num) values (1, 'zd.Battery:detail', '电池详情', '', 'zd.Battery', 5);
insert into bas_agent_perm(client_type, id, perm_name, depend, menu_id, order_num) values (1, 'zd.Battery:batchEdit', '批量修改', '', 'zd.Battery', 6);
insert into bas_agent_perm(client_type, id, perm_name, depend, menu_id, order_num) values (1, 'zd.Battery:paramBatchEdit', '参数批量修改', '', 'zd.Battery', 7);
insert into bas_agent_perm(client_type, id, perm_name, depend, menu_id, order_num) values (1, 'zd.Battery:exportExcel', '批量导出', '', 'zd.Battery', 8);
insert into bas_agent_menu(id, menu_name, parent_id, menu_pos, client_type) values ('3_3', '活动管理', '3', 3, 1);
insert into bas_agent_menu(id, menu_name, parent_id, menu_pos, client_type) values ('zd.RentPeriodActivity', '活动管理', '3_3', 1, 1);
insert into bas_agent_perm(client_type, id, perm_name, depend, menu_id, order_num) values (1, 'zd.RentPeriodActivity:list', '列表', '', 'zd.RentPeriodActivity', 1);
insert into bas_agent_perm(client_type, id, perm_name, depend, menu_id, order_num) values (1, 'zd.RentPeriodActivity:add', '新建', '', 'zd.RentPeriodActivity', 2);
insert into bas_agent_perm(client_type, id, perm_name, depend, menu_id, order_num) values (1, 'zd.RentPeriodActivity:view', '查看', '', 'zd.RentPeriodActivity', 3);
insert into bas_agent_perm(client_type, id, perm_name, depend, menu_id, order_num) values (1, 'zd.RentPeriodActivity:edit', '修改', '', 'zd.RentPeriodActivity', 4);
insert into bas_agent_perm(client_type, id, perm_name, depend, menu_id, order_num) values (1, 'zd.RentPeriodActivity:remove', '删除', '', 'zd.RentPeriodActivity', 5);
insert into bas_agent_menu(id, menu_name, parent_id, menu_pos, client_type) values ('3_4', '订单管理', '3', 4, 1);
insert into bas_agent_menu(id, menu_name, parent_id, menu_pos, client_type) values ('zd.RentForegiftOrder', '押金订单', '3_4', 1, 1);
insert into bas_agent_perm(client_type, id, perm_name, depend, menu_id, order_num) values (1, 'zd.RentForegiftOrder:list', '列表', '', 'zd.RentForegiftOrder', 1);
insert into bas_agent_perm(client_type, id, perm_name, depend, menu_id, order_num) values (1, 'zd.RentForegiftOrder:view', '查看', '', 'zd.RentForegiftOrder', 2);
insert into bas_agent_menu(id, menu_name, parent_id, menu_pos, client_type) values ('zd.RentPeriodOrder', '租金订单', '3_4', 2, 1);
insert into bas_agent_perm(client_type, id, perm_name, depend, menu_id, order_num) values (1, 'zd.RentPeriodOrder:list', '列表', '', 'zd.RentPeriodOrder', 1);
insert into bas_agent_perm(client_type, id, perm_name, depend, menu_id, order_num) values (1, 'zd.RentPeriodOrder:view', '查看', '', 'zd.RentPeriodOrder', 2);
insert into bas_agent_perm(client_type, id, perm_name, depend, menu_id, order_num) values (1, 'zd.RentPeriodOrder:editExtendRent', '延长租期', '', 'zd.RentPeriodOrder', 1);
insert into bas_agent_menu(id, menu_name, parent_id, menu_pos, client_type) values ('zd.RentOrder', '租电订单', '3_4', 3, 1);
insert into bas_agent_perm(client_type, id, perm_name, depend, menu_id, order_num) values (1, 'zd.RentOrder:list', '列表', '', 'zd.RentOrder', 1);
insert into bas_agent_perm(client_type, id, perm_name, depend, menu_id, order_num) values (1, 'zd.RentOrder:view', '查看', '', 'zd.RentOrder', 2);
insert into bas_agent_perm(client_type, id, perm_name, depend, menu_id, order_num) values (1, 'zd.RentOrder:exchangeBattery', '更换电池', '', 'zd.RentOrder', 3);
insert into bas_agent_perm(client_type, id, perm_name, depend, menu_id, order_num) values (1, 'zd.RentOrder:updateStatus', '结束订单', '', 'zd.RentOrder', 4);
insert into bas_agent_menu(id, menu_name, parent_id, menu_pos, client_type) values ('zd.RentInsuranceOrder', '保险订单', '3_4', 4, 1);
insert into bas_agent_perm(client_type, id, perm_name, depend, menu_id, order_num) values (1, 'zd.RentInsuranceOrder:list', '列表', '', 'zd.RentInsuranceOrder', 1);
insert into bas_agent_perm(client_type, id, perm_name, depend, menu_id, order_num) values (1, 'zd.RentInsuranceOrder:view', '查看', '', 'zd.RentInsuranceOrder', 2);
insert into bas_agent_menu(id, menu_name, parent_id, menu_pos, client_type) values ('zd.CustomerMultiOrder', '多通道订单', '3_4', 5, 1);
insert into bas_agent_perm(client_type, id, perm_name, depend, menu_id, order_num) values (1, 'zd.CustomerMultiOrder:list', '列表', '', 'zd.CustomerMultiOrder', 1);
insert into bas_agent_perm(client_type, id, perm_name, depend, menu_id, order_num) values (1, 'zd.CustomerMultiOrder:view', '查看', 'zd.CustomerMultiOrder', 'zd.CustomerMultiOrder', 2);
insert into bas_agent_menu(id, menu_name, parent_id, menu_pos, client_type) values ('3_5', '优惠券管理', '3', 5, 1);
insert into bas_agent_menu(id, menu_name, parent_id, menu_pos, client_type) values ('basic.CustomerCouponTicketGiftRent', '优惠券配置', '3_5', 1, 1);
insert into bas_agent_perm(client_type, id, perm_name, depend, menu_id, order_num) values (1, 'basic.CustomerCouponTicketGiftRent:list', '列表', '', 'basic.CustomerCouponTicketGiftRent', 1);
insert into bas_agent_perm(client_type, id, perm_name, depend, menu_id, order_num) values (1, 'basic.CustomerCouponTicketGiftRent:add', '新建', '', 'basic.CustomerCouponTicketGiftRent', 2);
insert into bas_agent_perm(client_type, id, perm_name, depend, menu_id, order_num) values (1, 'basic.CustomerCouponTicketGiftRent:view', '查看', '', 'basic.CustomerCouponTicketGiftRent', 3);
insert into bas_agent_perm(client_type, id, perm_name, depend, menu_id, order_num) values (1, 'basic.CustomerCouponTicketGiftRent:edit', '修改', '', 'basic.CustomerCouponTicketGiftRent', 4);
insert into bas_agent_perm(client_type, id, perm_name, depend, menu_id, order_num) values (1, 'basic.CustomerCouponTicketGiftRent:delete', '删除', '', 'basic.CustomerCouponTicketGiftRent', 5);
insert into bas_agent_menu(id, menu_name, parent_id, menu_pos, client_type) values ('basic.CustomerCouponTicketRent', '优惠券订单', '3_5', 2, 1);
insert into bas_agent_perm(client_type, id, perm_name, depend, menu_id, order_num) values (1, 'basic.CustomerCouponTicketRent:list', '列表', '', 'basic.CustomerCouponTicketRent', 1);
insert into bas_agent_perm(client_type, id, perm_name, depend, menu_id, order_num) values (1, 'basic.CustomerCouponTicketRent:add', '新建', '', 'basic.CustomerCouponTicketRent', 2);
insert into bas_agent_perm(client_type, id, perm_name, depend, menu_id, order_num) values (1, 'basic.CustomerCouponTicketRent:view', '查看', '', 'basic.CustomerCouponTicketRent', 3);
insert into bas_agent_perm(client_type, id, perm_name, depend, menu_id, order_num) values (1, 'basic.CustomerCouponTicketRent:delete', '删除', '', 'basic.CustomerCouponTicketRent', 4);
insert into bas_agent_menu(id, menu_name, parent_id, menu_pos, client_type) values ('3_6', 'Vip套餐管理', '3', 6, 1);
insert into bas_agent_menu(id, menu_name, parent_id, menu_pos, client_type) values ('zd.VipRentPrice', 'Vip套餐管理', '3_6', 1, 1);
insert into bas_agent_perm(client_type, id, perm_name, depend, menu_id, order_num) values (1, 'zd.VipRentPrice:list', '列表', '', 'zd.VipRentPrice', 1);
insert into bas_agent_perm(client_type, id, perm_name, depend, menu_id, order_num) values (1, 'zd.VipRentPrice:add', '新建', '', 'zd.VipRentPrice', 2);
insert into bas_agent_perm(client_type, id, perm_name, depend, menu_id, order_num) values (1, 'zd.VipRentPrice:view', '查看', '', 'zd.VipRentPrice', 3);
insert into bas_agent_perm(client_type, id, perm_name, depend, menu_id, order_num) values (1, 'zd.VipRentPrice:edit', '修改', '', 'zd.VipRentPrice', 4);
insert into bas_agent_perm(client_type, id, perm_name, depend, menu_id, order_num) values (1, 'zd.VipRentPrice:remove', '删除', '', 'zd.VipRentPrice', 5);
insert into bas_agent_menu(id, menu_name, parent_id, menu_pos, client_type) values ('3_7', '退款管理', '3', 7, 1);
insert into bas_agent_menu(id, menu_name, parent_id, menu_pos, client_type) values ('zd.RentRefund', '退款订单', '3_7', 1, 1);
insert into bas_agent_perm(client_type, id, perm_name, depend, menu_id, order_num) values (1, 'zd.RentRefund:list', '列表', '', 'zd.RentRefund', 1);
insert into bas_agent_perm(client_type, id, perm_name, depend, menu_id, order_num) values (1, 'zd.RentRefund:refund', '退款', '', 'zd.RentRefund', 2);
insert into bas_agent_perm(client_type, id, perm_name, depend, menu_id, order_num) values (1, 'zd.RentRefund:refundRecord', '退款记录', '', 'zd.RentRefund', 3);
insert into bas_agent_perm(client_type, id, perm_name, depend, menu_id, order_num) values (1, 'zd.RentRefund:audit', '待审核', '', 'zd.RentRefund', 4);
insert into bas_agent_menu(id, menu_name, parent_id, menu_pos, client_type) values ('3_8', '分期管理', '3', 8, 1);
insert into bas_agent_menu(id, menu_name, parent_id, menu_pos, client_type) values ('zd.RentInstallmentSetting', '分期管理', '3_8', 1, 1);
insert into bas_agent_perm(client_type, id, perm_name, depend, menu_id, order_num) values (1, 'zd.RentInstallmentSetting:list', '列表', '', 'zd.RentInstallmentSetting', 1);
insert into bas_agent_perm(client_type, id, perm_name, depend, menu_id, order_num) values (1, 'zd.RentInstallmentSetting:add', '新建', 'zd.RentInstallmentSetting:list', 'zd.RentInstallmentSetting', 2);
insert into bas_agent_perm(client_type, id, perm_name, depend, menu_id, order_num) values (1, 'zd.RentInstallmentSetting:edit', '修改', 'zd.RentInstallmentSetting:list', 'zd.RentInstallmentSetting', 3);
insert into bas_agent_perm(client_type, id, perm_name, depend, menu_id, order_num) values (1, 'zd.RentInstallmentSetting:remove', '删除', 'zd.RentInstallmentSetting:list', 'zd.RentInstallmentSetting', 4);
insert into bas_agent_menu(id, menu_name, parent_id, menu_pos, client_type) values ('zd.ZdCustomerInstallmentRecord', '客户分期记录', '3_8', 2, 1);
insert into bas_agent_perm(client_type, id, perm_name, depend, menu_id, order_num) values (1, 'zd.ZdCustomerInstallmentRecord:list', '列表', '', 'zd.ZdCustomerInstallmentRecord', 1);
insert into bas_agent_perm(client_type, id, perm_name, depend, menu_id, order_num) values (1, 'zd.ZdCustomerInstallmentRecord:view', '查看', 'zd.ZdCustomerInstallmentRecord:list', 'zd.ZdCustomerInstallmentRecord', 2);
insert into bas_agent_menu(id, menu_name, parent_id, menu_pos, client_type) values ('4', '租车', null, 4, 1);
insert into bas_agent_menu(id, menu_name, parent_id, menu_pos, client_type) values ('4_1', '车型管理', '4', 1, 1);
insert into bas_agent_menu(id, menu_name, parent_id, menu_pos, client_type) values ('zc.VehicleModel', '车型管理', '4_1', 1, 1);
insert into bas_agent_perm(client_type, id, perm_name, depend, menu_id, order_num) values (1,'zc.VehicleModel:list', '列表', '', 'zc.VehicleModel', 1);
insert into bas_agent_perm(client_type, id, perm_name, depend, menu_id, order_num) values (1,'zc.VehicleModel:add', '新建', '', 'zc.VehicleModel', 2);
insert into bas_agent_perm(client_type, id, perm_name, depend, menu_id, order_num) values (1,'zc.VehicleModel:view', '查看', '', 'zc.VehicleModel', 3);
insert into bas_agent_perm(client_type, id, perm_name, depend, menu_id, order_num) values (1,'zc.VehicleModel:edit', '修改', '', 'zc.VehicleModel', 4);
insert into bas_agent_perm(client_type, id, perm_name, depend, menu_id, order_num) values (1,'zc.VehicleModel:remove', '删除', '', 'zc.VehicleModel', 5);
insert into bas_agent_menu(id, menu_name, parent_id, menu_pos, client_type) values ('4_2', '车辆管理', '4', 2, 1);
insert into bas_agent_menu(id, menu_name, parent_id, menu_pos, client_type) values ('zc.Vehicle', '车辆管理', '4_2', 1, 1);
insert into bas_agent_perm(client_type, id, perm_name, depend, menu_id, order_num) values (1,'zc.Vehicle:list', '列表', '', 'zc.Vehicle', 1);
insert into bas_agent_perm(client_type, id, perm_name, depend, menu_id, order_num) values (1,'zc.Vehicle:add', '新建', '', 'zc.Vehicle', 2);
insert into bas_agent_perm(client_type, id, perm_name, depend, menu_id, order_num) values (1,'zc.Vehicle:batchUpdateUpLineStatus', '批量上线', '', 'zc.Vehicle', 3);
insert into bas_agent_perm(client_type, id, perm_name, depend, menu_id, order_num) values (1,'zc.Vehicle:exportExcel', '导出模板', '', 'zc.Vehicle', 4);
insert into bas_agent_perm(client_type, id, perm_name, depend, menu_id, order_num) values (1,'zc.Vehicle:uploadFile', '批量导入', '', 'zc.Vehicle', 5);
insert into bas_agent_perm(client_type, id, perm_name, depend, menu_id, order_num) values (1,'zc.Vehicle:view', '查看', '', 'zc.Vehicle', 6);
insert into bas_agent_perm(client_type, id, perm_name, depend, menu_id, order_num) values (1,'zc.Vehicle:edit', '修改', '', 'zc.Vehicle', 7);
insert into bas_agent_perm(client_type, id, perm_name, depend, menu_id, order_num) values (1,'zc.Vehicle:parameter', '参数', '', 'zc.Vehicle', 8);
insert into bas_agent_perm(client_type, id, perm_name, depend, menu_id, order_num) values (1,'zc.Vehicle:remove', '删除', '', 'zc.Vehicle', 9);
insert into bas_agent_menu(id, menu_name, parent_id, menu_pos, client_type) values ('4_3', '订单管理', '4', 3, 1);
insert into bas_agent_menu(id, menu_name, parent_id, menu_pos, client_type) values ('zc.GroupOrder', '组合订单', '4_3', 1, 1);
insert into bas_agent_perm(client_type, id, perm_name, depend, menu_id, order_num) values (1,'zc.GroupOrder:list', '列表', '', 'zc.GroupOrder', 1);
insert into bas_agent_perm(client_type, id, perm_name, depend, menu_id, order_num) values (1,'zc.GroupOrder:audit', '待审核', '', 'zc.GroupOrder', 2);
insert into bas_agent_perm(client_type, id, perm_name, depend, menu_id, order_num) values (1,'zc.GroupOrder:refund', '退款', '', 'zc.GroupOrder', 3);
insert into bas_agent_perm(client_type, id, perm_name, depend, menu_id, order_num) values (1,'zc.GroupOrder:view', '查看', '', 'zc.GroupOrder', 4);
insert into bas_agent_menu(id, menu_name, parent_id, menu_pos, client_type) values ('zc.VehicleOrder', '租车订单', '4_3', 2, 1);
insert into bas_agent_perm(client_type, id, perm_name, depend, menu_id, order_num) values (1,'zc.VehicleOrder:list', '列表', '', 'zc.VehicleOrder', 1);
insert into bas_agent_perm(client_type, id, perm_name, depend, menu_id, order_num) values (1,'zc.VehicleOrder:view', '查看', '', 'zc.VehicleOrder', 2);
insert into bas_agent_menu(id, menu_name, parent_id, menu_pos, client_type) values ('zc.VehicleForegiftOrder', '租车押金订单', '4_3', 3, 1);
insert into bas_agent_perm(client_type, id, perm_name, depend, menu_id, order_num) values (1,'zc.VehicleForegiftOrder:list', '列表', '', 'zc.VehicleForegiftOrder', 1);
insert into bas_agent_perm(client_type, id, perm_name, depend, menu_id, order_num) values (1,'zc.VehicleForegiftOrder:view', '查看', '', 'zc.VehicleForegiftOrder', 2);
insert into bas_agent_menu(id, menu_name, parent_id, menu_pos, client_type) values ('zc.VehiclePeriodOrder', '租车租金订单', '4_3', 4, 1);
insert into bas_agent_perm(client_type, id, perm_name, depend, menu_id, order_num) values (1,'zc.VehiclePeriodOrder:list', '列表', '', 'zc.VehiclePeriodOrder', 1);
insert into bas_agent_perm(client_type, id, perm_name, depend, menu_id, order_num) values (1,'zc.VehiclePeriodOrder:view', '查看', '', 'zc.VehiclePeriodOrder', 2);
insert into bas_agent_menu(id, menu_name, parent_id, menu_pos, client_type) values ('zc.ZcCustomerMultiOrder', '多通道订单', '4_3', 5, 1);
insert into bas_agent_perm(client_type, id, perm_name, depend, menu_id, order_num) values (1,'zc.ZcCustomerMultiOrder:list', '列表', '', 'zc.ZcCustomerMultiOrder', 1);
insert into bas_agent_perm(client_type, id, perm_name, depend, menu_id, order_num) values (1,'zc.ZcCustomerMultiOrder:audit', '待审核', '', 'zc.ZcCustomerMultiOrder', 2);
insert into bas_agent_perm(client_type, id, perm_name, depend, menu_id, order_num) values (1,'zc.ZcCustomerMultiOrder:refund', '退款', '', 'zc.ZcCustomerMultiOrder', 3);
insert into bas_agent_perm(client_type, id, perm_name, depend, menu_id, order_num) values (1,'zc.ZcCustomerMultiOrder:view', '查看', '', 'zc.ZcCustomerMultiOrder', 4);
insert into bas_agent_menu(id, menu_name, parent_id, menu_pos, client_type) values ('4_4', '换电订单管理', '4', 4, 1);
insert into bas_agent_menu(id, menu_name, parent_id, menu_pos, client_type) values ('zc.VehicleCustomerForegiftOrder', '押金订单', '4_4', 1, 1);
insert into bas_agent_perm(client_type, id, perm_name, depend, menu_id, order_num) values (1,'zc.VehicleCustomerForegiftOrder:list', '列表', '', 'zc.VehicleCustomerForegiftOrder', 1);
insert into bas_agent_perm(client_type, id, perm_name, depend, menu_id, order_num) values (1,'zc.VehicleCustomerForegiftOrder:view', '查看', '', 'zc.VehicleCustomerForegiftOrder', 2);
insert into bas_agent_menu(id, menu_name, parent_id, menu_pos, client_type) values ('zc.VehiclePacketPeriodOrder', '租金订单', '4_4', 2, 1);
insert into bas_agent_perm(client_type, id, perm_name, depend, menu_id, order_num) values (1,'zc.VehiclePacketPeriodOrder:list', '列表', '', 'zc.VehiclePacketPeriodOrder', 1);
insert into bas_agent_perm(client_type, id, perm_name, depend, menu_id, order_num) values (1,'zc.VehiclePacketPeriodOrder:view', '查看', '', 'zc.VehiclePacketPeriodOrder', 2);
insert into bas_agent_menu(id, menu_name, parent_id, menu_pos, client_type) values ('zc.VehicleBatteryOrder', '换电订单', '4_4', 3, 1);
insert into bas_agent_perm(client_type, id, perm_name, depend, menu_id, order_num) values (1,'zc.VehicleBatteryOrder:list', '列表', '', 'zc.VehicleBatteryOrder', 1);
insert into bas_agent_perm(client_type, id, perm_name, depend, menu_id, order_num) values (1,'zc.VehicleBatteryOrder:view', '查看', '', 'zc.VehicleBatteryOrder', 2);
insert into bas_agent_menu(id, menu_name, parent_id, menu_pos, client_type) values ('zc.VehicleBespeakOrder', '预约订单', '4_4', 4, 1);
insert into bas_agent_perm(client_type, id, perm_name, depend, menu_id, order_num) values (1,'zc.VehicleBespeakOrder:list', '列表', '', 'zc.VehicleBespeakOrder', 1);
insert into bas_agent_perm(client_type, id, perm_name, depend, menu_id, order_num) values (1,'zc.VehicleBespeakOrder:view', '查看', '', 'zc.VehicleBespeakOrder', 2);
insert into bas_agent_menu(id, menu_name, parent_id, menu_pos, client_type) values ('4_5', '租电订单管理', '4', 5, 1);
insert into bas_agent_menu(id, menu_name, parent_id, menu_pos, client_type) values ('zc.VehicleRentForegiftOrder', '押金订单', '4_5', 1, 1);
insert into bas_agent_perm(client_type, id, perm_name, depend, menu_id, order_num) values (1,'zc.VehicleRentForegiftOrder:list', '列表', '', 'zc.VehicleRentForegiftOrder', 1);
insert into bas_agent_perm(client_type, id, perm_name, depend, menu_id, order_num) values (1,'zc.VehicleRentForegiftOrder:view', '查看', '', 'zc.VehicleRentForegiftOrder', 2);
insert into bas_agent_menu(id, menu_name, parent_id, menu_pos, client_type) values ('zc.VehicleRentPeriodOrder', '租金订单', '4_5', 2, 1);
insert into bas_agent_perm(client_type, id, perm_name, depend, menu_id, order_num) values (1,'zc.VehicleRentPeriodOrder:list', '列表', '', 'zc.VehicleRentPeriodOrder', 1);
insert into bas_agent_perm(client_type, id, perm_name, depend, menu_id, order_num) values (1,'zc.VehicleRentPeriodOrder:view', '查看', '', 'zc.VehicleRentPeriodOrder', 2);
insert into bas_agent_menu(id, menu_name, parent_id, menu_pos, client_type) values ('zc.VehicleRentOrder', '换电订单', '4_5', 3, 1);
insert into bas_agent_perm(client_type, id, perm_name, depend, menu_id, order_num) values (1,'zc.VehicleRentOrder:list', '列表', '', 'zc.VehicleRentOrder', 1);
insert into bas_agent_perm(client_type, id, perm_name, depend, menu_id, order_num) values (1,'zc.VehicleRentOrder:view', '查看', '', 'zc.VehicleRentOrder', 2);
insert into bas_agent_menu(id, menu_name, parent_id, menu_pos, client_type) values ('4_6', '优惠券管理', '4', 6, 1);
insert into bas_agent_menu(id, menu_name, parent_id, menu_pos, client_type) values ('zc.CustomerCouponTicketGiftVehicle', '优惠券配置', '4_6', 1, 1);
insert into bas_agent_perm(client_type, id, perm_name, depend, menu_id, order_num) values (1,'zc.CustomerCouponTicketGiftVehicle:list', '列表', '', 'zc.CustomerCouponTicketGiftVehicle', 1);
insert into bas_agent_perm(client_type, id, perm_name, depend, menu_id, order_num) values (1,'zc.CustomerCouponTicketGiftVehicle:add', '新建', '', 'zc.CustomerCouponTicketGiftVehicle', 2);
insert into bas_agent_perm(client_type, id, perm_name, depend, menu_id, order_num) values (1,'zc.CustomerCouponTicketGiftVehicle:view', '查看', '', 'zc.CustomerCouponTicketGiftVehicle', 3);
insert into bas_agent_perm(client_type, id, perm_name, depend, menu_id, order_num) values (1,'zc.CustomerCouponTicketGiftVehicle:edit', '修改', '', 'zc.CustomerCouponTicketGiftVehicle', 4);
insert into bas_agent_perm(client_type, id, perm_name, depend, menu_id, order_num) values (1,'zc.CustomerCouponTicketGiftVehicle:remove', '删除', '', 'zc.CustomerCouponTicketGiftVehicle', 5);
insert into bas_agent_menu(id, menu_name, parent_id, menu_pos, client_type) values ('zc.CustomerCouponTicketVehicle', '优惠券订单', '4_6', 2, 1);
insert into bas_agent_perm(client_type, id, perm_name, depend, menu_id, order_num) values (1,'zc.CustomerCouponTicketVehicle:list', '列表', '', 'zc.CustomerCouponTicketVehicle', 1);
insert into bas_agent_perm(client_type, id, perm_name, depend, menu_id, order_num) values (1,'zc.CustomerCouponTicketVehicle:add', '新建', '', 'zc.CustomerCouponTicketVehicle', 2);
insert into bas_agent_perm(client_type, id, perm_name, depend, menu_id, order_num) values (1,'zc.CustomerCouponTicketVehicle:view', '查看', '', 'zc.CustomerCouponTicketVehicle', 3);
insert into bas_agent_perm(client_type, id, perm_name, depend, menu_id, order_num) values (1,'zc.CustomerCouponTicketVehicle:remove', '删除', '', 'zc.CustomerCouponTicketVehicle', 4);
insert into bas_agent_menu(id, menu_name, parent_id, menu_pos, client_type) values ('4_7', '门店管理', '4', 7, 1);
insert into bas_agent_menu(id, menu_name, parent_id, menu_pos, client_type) values ('zc.ShopRentCar', '门店管理', '4_7', 1, 1);
insert into bas_agent_perm(client_type, id, perm_name, depend, menu_id, order_num) values (1,'zc.ShopRentCar:list', '列表', '', 'zc.ShopRentCar', 1);
insert into bas_agent_perm(client_type, id, perm_name, depend, menu_id, order_num) values (1,'zc.ShopRentCar:add', '新建', '', 'zc.ShopRentCar', 2);
insert into bas_agent_perm(client_type, id, perm_name, depend, menu_id, order_num) values (1,'zc.ShopRentCar:view', '查看', '', 'zc.ShopRentCar', 3);
insert into bas_agent_perm(client_type, id, perm_name, depend, menu_id, order_num) values (1,'zc.ShopRentCar:edit', '修改', '', 'zc.ShopRentCar', 4);
insert into bas_agent_perm(client_type, id, perm_name, depend, menu_id, order_num) values (1,'zc.ShopRentCar:remove', '删除', '', 'zc.ShopRentCar', 5);
insert into bas_agent_menu(id, menu_name, parent_id, menu_pos, client_type) values ('zc.ShopPriceSetting', '门店套餐', '4_7', 2, 1);
insert into bas_agent_perm(client_type, id, perm_name, depend, menu_id, order_num) values (1,'zc.ShopPriceSetting:list', '列表', '', 'zc.ShopPriceSetting', 1);
insert into bas_agent_perm(client_type, id, perm_name, depend, menu_id, order_num) values (1,'zc.ShopPriceSetting:add', '新建', '', 'zc.ShopPriceSetting', 2);
insert into bas_agent_perm(client_type, id, perm_name, depend, menu_id, order_num) values (1,'zc.ShopPriceSetting:remove', '解绑', '', 'zc.ShopPriceSetting', 3);
insert into bas_agent_menu(id, menu_name, parent_id, menu_pos, client_type) values ('zc.ShopStoreVehicle', '门店库存套餐', '4_7', 3, 1);
insert into bas_agent_perm(client_type, id, perm_name, depend, menu_id, order_num) values (1,'zc.ShopStoreVehicle:list', '列表', '', 'zc.ShopStoreVehicle', 1);
insert into bas_agent_perm(client_type, id, perm_name, depend, menu_id, order_num) values (1,'zc.ShopStoreVehicle:exportExcel', '导出模板', '', 'zc.ShopStoreVehicle', 2);
insert into bas_agent_perm(client_type, id, perm_name, depend, menu_id, order_num) values (1,'zc.ShopStoreVehicle:uploadFile', '批量导入', '', 'zc.ShopStoreVehicle', 3);
insert into bas_agent_perm(client_type, id, perm_name, depend, menu_id, order_num) values (1,'zc.ShopStoreVehicle:add', '新增', '', 'zc.ShopStoreVehicle', 4);
insert into bas_agent_perm(client_type, id, perm_name, depend, menu_id, order_num) values (1,'zc.ShopStoreVehicle:edit', '修改', '', 'zc.ShopStoreVehicle', 5);
insert into bas_agent_perm(client_type, id, perm_name, depend, menu_id, order_num) values (1,'zc.ShopStoreVehicle:remove', '解绑', '', 'zc.ShopStoreVehicle', 6);
insert into bas_agent_menu(id, menu_name, parent_id, menu_pos, client_type) values ('zc.ShopInventoryBattery', '门店库存电池', '4_7', 4, 1);
insert into bas_agent_perm(client_type, id, perm_name, depend, menu_id, order_num) values (1,'zc.ShopInventoryBattery:list', '列表', '', 'zc.ShopInventoryBattery', 1);
insert into bas_agent_perm(client_type, id, perm_name, depend, menu_id, order_num) values (1,'zc.ShopInventoryBattery:unbindBattery', '电池解绑', '', 'zc.ShopInventoryBattery', 2);
insert into bas_agent_menu(id, menu_name, parent_id, menu_pos, client_type) values ('zc.ShopVehicle', '门店车辆', '4_7', 5, 1);
insert into bas_agent_perm(client_type, id, perm_name, depend, menu_id, order_num) values (1,'zc.ShopVehicle:list', '列表', '', 'zc.ShopVehicle', 1);
insert into bas_agent_menu(id, menu_name, parent_id, menu_pos, client_type) values ('zc.CustomerVehicleInfo', '门店用户', '4_7', 6, 1);
insert into bas_agent_perm(client_type, id, perm_name, depend, menu_id, order_num) values (1,'zc.CustomerVehicleInfo:list', '列表', '', 'zc.CustomerVehicleInfo', 1);

insert into bas_agent_menu(id, menu_name, parent_id, menu_pos, client_type) values ('4_8', '套餐管理', '4', 8, 1);
insert into bas_agent_menu(id, menu_name, parent_id, menu_pos, client_type) values ('zc.PriceSetting', '套餐管理', '4_8', 1, 1);
insert into bas_agent_perm(client_type, id, perm_name, depend, menu_id, order_num) values (1,'zc.PriceSetting:list', '列表', '', 'zc.PriceSetting', 1);
insert into bas_agent_perm(client_type, id, perm_name, depend, menu_id, order_num) values (1,'zc.PriceSetting:add', '新建', '', 'zc.PriceSetting', 2);
insert into bas_agent_perm(client_type, id, perm_name, depend, menu_id, order_num) values (1,'zc.PriceSetting:edit', '修改', '', 'zc.PriceSetting', 3);
insert into bas_agent_perm(client_type, id, perm_name, depend, menu_id, order_num) values (1,'zc.PriceSetting:remove', '删除', '', 'zc.PriceSetting', 4);
insert into bas_agent_menu(id, menu_name, parent_id, menu_pos, client_type) values ('4_9', 'vip套餐管理', '4', 9, 1);
insert into bas_agent_menu(id, menu_name, parent_id, menu_pos, client_type) values ('zc.VehicleVipPrice', '套餐管理', '4_9', 1, 1);
insert into bas_agent_perm(client_type, id, perm_name, depend, menu_id, order_num) values (1,'zc.VehicleVipPrice:list', '列表', '', 'zc.VehicleVipPrice', 1);
insert into bas_agent_perm(client_type, id, perm_name, depend, menu_id, order_num) values (1,'zc.VehicleVipPrice:add', '新建', '', 'zc.VehicleVipPrice', 2);
insert into bas_agent_perm(client_type, id, perm_name, depend, menu_id, order_num) values (1,'zc.VehicleVipPrice:edit', '修改', '', 'zc.VehicleVipPrice', 3);
insert into bas_agent_perm(client_type, id, perm_name, depend, menu_id, order_num) values (1,'zc.VehicleVipPrice:remove', '删除', '', 'zc.VehicleVipPrice', 4);

insert into bas_agent_menu(id, menu_name, parent_id, menu_pos, client_type) values ('5', '结算', null, 5, 1);
insert into bas_agent_menu(id, menu_name, parent_id, menu_pos, client_type) values ('5_1', '结算记录', '5', 1, 1);
insert into bas_agent_menu(id, menu_name, parent_id, menu_pos, client_type) values ('basic.BalanceRecord', '结算记录', '5_1', 1, 1);
insert into bas_agent_perm(client_type, id, perm_name, depend, menu_id, order_num) values (1, 'basic.BalanceRecord:list', '列表', '', 'basic.BalanceRecord', 1);
insert into bas_agent_menu(id, menu_name, parent_id, menu_pos, client_type) values ('hdg.AgentMaterialDayStats', '运营商支出', '5_1', 2, 1);
insert into bas_agent_perm(client_type, id, perm_name, depend, menu_id, order_num) values (1, 'hdg.AgentMaterialDayStats:list', '列表', '', 'hdg.AgentMaterialDayStats', 1);
insert into bas_agent_perm(client_type, id, perm_name, depend, menu_id, order_num) values (1, 'hdg.AgentMaterialDayStats:payMoney', '支付', '', 'hdg.AgentMaterialDayStats', 2);
insert into bas_agent_perm(client_type, id, perm_name, depend, menu_id, order_num) values (1, 'hdg.AgentMaterialDayStats:exportExcel', '导出数据', '', 'hdg.AgentMaterialDayStats', 3);
insert into bas_agent_menu(id, menu_name, parent_id, menu_pos, client_type) values ('5_2', '实名认证记录', '5', 2, 1);
insert into bas_agent_menu(id, menu_name, parent_id, menu_pos, client_type) values ('basic.IdCardAuthRecord', '实名认证记录', '5_2', 1, 1);
insert into bas_agent_perm(client_type, id, perm_name, depend, menu_id, order_num) values (1, 'basic.IdCardAuthRecord:list', '列表', '', 'basic.IdCardAuthRecord', 1);
insert into bas_agent_menu(id, menu_name, parent_id, menu_pos, client_type) values ('5_3', '运营商收入支出流水', '5', 3, 1);
insert into bas_agent_menu(id, menu_name, parent_id, menu_pos, client_type) values ('basic.AgentDayInOutMoney', '运营商收入支出流水', '5_3', 1, 1);
insert into bas_agent_perm(client_type, id, perm_name, depend, menu_id, order_num) values (1, 'basic.AgentDayInOutMoney:list', '列表', '', 'basic.AgentDayInOutMoney', 1);
insert into bas_agent_perm(client_type, id, perm_name, depend, menu_id, order_num) values (1, 'basic.AgentDayInOutMoney:view', '查看', '', 'basic.AgentDayInOutMoney', 2);
insert into bas_agent_menu(id, menu_name, parent_id, menu_pos, client_type) values ('5_4', '支付凭证', '5', 4, 1);
insert into bas_agent_menu(id, menu_name, parent_id, menu_pos, client_type) values ('basic.WeixinPayOrder', 'APP-微信订单', '5_4', 1, 1);
insert into bas_agent_perm(client_type, id, perm_name, depend, menu_id, order_num) values (1, 'basic.WeixinPayOrder:list', '列表', '', 'basic.WeixinPayOrder', 1);
insert into bas_agent_perm(client_type, id, perm_name, depend, menu_id, order_num) values (1, 'basic.WeixinPayOrder:view', '查看', '', 'basic.WeixinPayOrder', 2);
insert into bas_agent_menu(id, menu_name, parent_id, menu_pos, client_type) values ('basic.AlipayPayOrder', 'APP-支付宝订单', '5_4', 2, 1);
insert into bas_agent_perm(client_type, id, perm_name, depend, menu_id, order_num) values (1, 'basic.AlipayPayOrder:list', '列表', '', 'basic.AlipayPayOrder', 1);
insert into bas_agent_perm(client_type, id, perm_name, depend, menu_id, order_num) values (1, 'basic.AlipayPayOrder:view', '查看', '', 'basic.AlipayPayOrder', 2);
insert into bas_agent_menu(id, menu_name, parent_id, menu_pos, client_type) values ('basic.WeixinmpPayOrder', '公众号订单', '5_4', 3, 1);
insert into bas_agent_perm(client_type, id, perm_name, depend, menu_id, order_num) values (1, 'basic.WeixinmpPayOrder:list', '列表', '', 'basic.WeixinmpPayOrder', 1);
insert into bas_agent_perm(client_type, id, perm_name, depend, menu_id, order_num) values (1, 'basic.WeixinmpPayOrder:view', '查看', '', 'basic.WeixinmpPayOrder', 2);
insert into bas_agent_menu(id, menu_name, parent_id, menu_pos, client_type) values ('basic.AlipayfwPayOrder', '生活号订单', '5_4', 4, 1);
insert into bas_agent_perm(client_type, id, perm_name, depend, menu_id, order_num) values (1, 'basic.AlipayfwPayOrder:list', '列表', '', 'basic.AlipayfwPayOrder', 1);
insert into bas_agent_perm(client_type, id, perm_name, depend, menu_id, order_num) values (1, 'basic.AlipayfwPayOrder:view', '查看', '', 'basic.AlipayfwPayOrder', 2);
insert into bas_agent_menu(id, menu_name, parent_id, menu_pos, client_type) values ('6', '统计', null, 6, 1);
insert into bas_agent_menu(id, menu_name, parent_id, menu_pos, client_type) values ('6_1', '运营商统计', '6', 1, 1);
insert into bas_agent_menu(id, menu_name, parent_id, menu_pos, client_type) values ('hdg.AgentDayStats', '运营商日统计', '6_1', 1, 1);
insert into bas_agent_perm(client_type, id, perm_name, depend, menu_id, order_num) values (1, 'hdg.AgentDayStats:list', '列表', '', 'hdg.AgentDayStats', 1);
insert into bas_agent_perm(client_type, id, perm_name, depend, menu_id, order_num) values (1, 'hdg.AgentDayStats:exportExcel', '导出数据', '', 'hdg.AgentDayStats', 2);
insert into bas_agent_menu(id, menu_name, parent_id, menu_pos, client_type) values ('hdg.AgentMonthStats', '运营商月统计', '6_1', 2, 1);
insert into bas_agent_perm(client_type, id, perm_name, depend, menu_id, order_num) values (1, 'hdg.AgentMonthStats:list', '列表', '', 'hdg.AgentMonthStats', 1);
insert into bas_agent_perm(client_type, id, perm_name, depend, menu_id, order_num) values (1, 'hdg.AgentMonthStats:exportExcel', '导出数据', '', 'hdg.AgentMonthStats', 2);
insert into bas_agent_menu(id, menu_name, parent_id, menu_pos, client_type) values ('6_2', '门店统计', '6', 2, 1);
insert into bas_agent_menu(id, menu_name, parent_id, menu_pos, client_type) values ('hdg.ShopDayStats', '门店日统计', '6_2', 1, 1);
insert into bas_agent_perm(client_type, id, perm_name, depend, menu_id, order_num) values (1, 'hdg.ShopDayStats:list', '列表', '', 'hdg.ShopDayStats', 1);
insert into bas_agent_perm(client_type, id, perm_name, depend, menu_id, order_num) values (1, 'hdg.ShopDayStats:exportExcel', '导出数据', '', 'hdg.ShopDayStats', 2);
insert into bas_agent_menu(id, menu_name, parent_id, menu_pos, client_type) values ('6_3', '运营公司统计', '6', 3, 1);
insert into bas_agent_menu(id, menu_name, parent_id, menu_pos, client_type) values ('basic.AgentCompanyDayStats', '运营公司日统计', '6_3', 1, 1);
insert into bas_agent_perm(client_type, id, perm_name, depend, menu_id, order_num) values (1, 'basic.AgentCompanyDayStats:list', '列表', '', 'basic.AgentCompanyDayStats', 1);
insert into bas_agent_perm(client_type, id, perm_name, depend, menu_id, order_num) values (1, 'basic.AgentCompanyDayStats:exportExcel', '导出数据', 'basic.AgentCompanyDayStats:list', 'basic.AgentCompanyDayStats', 2);
insert into bas_agent_menu(id, menu_name, parent_id, menu_pos, client_type) values ('6_4', '换电统计', '6', 4, 1);
insert into bas_agent_menu(id, menu_name, parent_id, menu_pos, client_type) values ('hdg.CabinetDayStats', '换电柜日统计', '6_4', 1, 1);
insert into bas_agent_perm(client_type, id, perm_name, depend, menu_id, order_num) values (1, 'hdg.CabinetDayStats:list', '列表', '', 'hdg.CabinetDayStats', 1);
insert into bas_agent_perm(client_type, id, perm_name, depend, menu_id, order_num) values (1, 'hdg.CabinetDayStats:exportExcel', '导出数据', '', 'hdg.CabinetDayStats', 2);
insert into bas_agent_menu(id, menu_name, parent_id, menu_pos, client_type) values ('hdg.CabinetMonthStats', '换电柜月统计', '6_4', 2, 1);
insert into bas_agent_perm(client_type, id, perm_name, depend, menu_id, order_num) values (1, 'hdg.CabinetMonthStats:list', '列表', '', 'hdg.CabinetMonthStats', 1);
insert into bas_agent_perm(client_type, id, perm_name, depend, menu_id, order_num) values (1, 'hdg.CabinetMonthStats:exportExcel', '导出数据', '', 'hdg.CabinetMonthStats', 2);


insert into bas_agent_menu(id, menu_name, parent_id, menu_pos, client_type) values ('app_1', '运营商', null, 1, 2);
insert into bas_agent_menu(id, menu_name, parent_id, menu_pos, client_type) values ('app.basic.Agent', '切换运营商', 'app_1', 1, 2);
insert into bas_agent_menu(id, menu_name, parent_id, menu_pos, client_type) values ('app.hdg.AgentDayStats', '日结算记录', 'app_1', 1, 2);
insert into bas_agent_menu(id, menu_name, parent_id, menu_pos, client_type) values ('app.basic.AgentDayInOutMoney', '经营报表', 'app_1', 1, 2);
insert into bas_agent_menu(id, menu_name, parent_id, menu_pos, client_type) values ('app.hdg.Cabinet', '设备管理', 'app_1', 1, 2);
insert into bas_agent_menu(id, menu_name, parent_id, menu_pos, client_type) values ('app.hdg.BatteryRule', '电池规则', 'app_1', 1, 2);
insert into bas_agent_menu(id, menu_name, parent_id, menu_pos, client_type) values ('app.hdg.DynamicCode', '动态码', 'app_1', 1, 2);
insert into bas_agent_menu(id, menu_name, parent_id, menu_pos, client_type) values ('app.basic.LaxinManage_show', '拉新管理', 'app_1', 1, 2);
insert into bas_agent_menu(id, menu_name, parent_id, menu_pos, client_type) values ('app.basic.User', '账号管理', 'app_1', 1, 2);
insert into bas_agent_menu(id, menu_name, parent_id, menu_pos, client_type) values ('app.hdg.Order', '订单管理', 'app_1', 1, 2);
insert into bas_agent_menu(id, menu_name, parent_id, menu_pos, client_type) values ('app.basic.Customer', '客户管理', 'app_1', 1, 2);
insert into bas_agent_menu(id, menu_name, parent_id, menu_pos, client_type) values ('app.basic.CustomerCoupon', '优惠券管理', 'app_1', 1, 2);
insert into bas_agent_menu(id, menu_name, parent_id, menu_pos, client_type) values ('app.basic.LaxinManage', '拉新管理(大菜单)', 'app.basic.LaxinManage_show', 1, 2);
insert into bas_agent_menu(id, menu_name, parent_id, menu_pos, client_type) values ('app.basic.Laxin', '拉新管理', 'app.basic.LaxinManage_show', 1, 2);
insert into bas_agent_menu(id, menu_name, parent_id, menu_pos, client_type) values ('app.basic.LaxinSetting', '拉新规则', 'app.basic.LaxinManage_show', 1, 2);
insert into bas_agent_menu(id, menu_name, parent_id, menu_pos, client_type) values ('app.basic.SetUpPayee', '设置收款人', 'app_1', 1, 2);
insert into bas_agent_menu(id, menu_name, parent_id, menu_pos, client_type) values ('app.basic.LaxinPay', '拉新支付', 'app.basic.LaxinManage_show', 1, 2);
insert into bas_agent_menu(id, menu_name, parent_id, menu_pos, client_type) values ('app.basic.Home', '首页', 'app_1', 1, 2);
insert into bas_agent_menu(id, menu_name, parent_id, menu_pos, client_type) values ('app.basic.Statement', '报表', 'app_1', 1, 2);
insert into bas_agent_menu(id, menu_name, parent_id, menu_pos, client_type) values ('app.basic.Message', '消息', 'app_1', 1, 2);
insert into bas_agent_menu(id, menu_name, parent_id, menu_pos, client_type) values ('app.hdg.ComboManage_show', '套餐管理', 'app_1', 1, 2);
insert into bas_agent_menu(id, menu_name, parent_id, menu_pos, client_type) values ('app.hdg.PacketPeriodPrice', '套餐', 'app.hdg.ComboManage_show', 2, 2);
insert into bas_agent_menu(id, menu_name, parent_id, menu_pos, client_type) values ('app.hdg.ComboManage', '套餐管理', 'app.hdg.ComboManage_show', 1, 2);
insert into bas_agent_menu(id, menu_name, parent_id, menu_pos, client_type) values ('app.hdg.VipPrice', 'vip套餐', 'app.hdg.ComboManage_show', 1, 2);
insert into bas_agent_menu(id, menu_name, parent_id, menu_pos, client_type) values ('app.basic.My', '我的', 'app_1', 1, 2);
insert into bas_agent_menu(id, menu_name, parent_id, menu_pos, client_type) values ('app.hdg.Battery', '电池管理', 'app_1', 1, 2);
insert into bas_agent_menu(id, menu_name, parent_id, menu_pos, client_type) values ('app.hdg.Shop', '门店', 'app_1', 1, 2);
insert into bas_agent_menu(id, menu_name, parent_id, menu_pos, client_type) values ('app.hdg.ElectricityEntry', '电费录入', 'app_1', 1, 2);


insert into bas_agent_perm(client_type, id, perm_name, depend, menu_id, order_num) values (2, 'app.basic.Agent:list', '列表', '', 'app.basic.Agent', 1);
insert into bas_agent_perm(client_type, id, perm_name, depend, menu_id, order_num) values (2, 'app.basic.Agent:viewMessage', '查看消息详情', '', 'app.basic.Agent', 2);
insert into bas_agent_perm(client_type, id, perm_name, depend, menu_id, order_num) values (2, 'app.basic.Agent:withdraw', '提现', '', 'app.basic.Agent', 3);
insert into bas_agent_perm(client_type, id, perm_name, depend, menu_id, order_num) values (2, 'app.hdg.AgentDayStats:list', '列表', '', 'app.hdg.AgentDayStats', 1);
insert into bas_agent_perm(client_type, id, perm_name, depend, menu_id, order_num) values (2, 'app.hdg.AgentDayStats:viewRent', '查看租金详情', '', 'app.hdg.AgentDayStats', 2);
insert into bas_agent_perm(client_type, id, perm_name, depend, menu_id, order_num) values (2, 'app.hdg.AgentDayStats:viewInOrder', '查看按次详情', '', 'app.hdg.AgentDayStats', 3);
insert into bas_agent_perm(client_type, id, perm_name, depend, menu_id, order_num) values (2, 'app.hdg.AgentDayStats:viewInsurance', '查看保险详情', '', 'app.hdg.AgentDayStats', 4);
insert into bas_agent_perm(client_type, id, perm_name, depend, menu_id, order_num) values (2, 'app.hdg.AgentDayStats:viewDeposits', '查看押金详情', '', 'app.hdg.AgentDayStats', 5);
insert into bas_agent_perm(client_type, id, perm_name, depend, menu_id, order_num) values (2, 'app.hdg.AgentDayStats:viewAttestation', '查看认证费详情', '', 'app.hdg.AgentDayStats', 6);
insert into bas_agent_perm(client_type, id, perm_name, depend, menu_id, order_num) values (2, 'app.hdg.AgentDayStats:viewVolume', '查看电量详情', '', 'app.hdg.AgentDayStats', 7);
insert into bas_agent_perm(client_type, id, perm_name, depend, menu_id, order_num) values (2, 'app.basic.AgentDayInOutMoney:list', '列表', '', 'app.basic.AgentDayInOutMoney', 1);
insert into bas_agent_perm(client_type, id, perm_name, depend, menu_id, order_num) values (2, 'app.hdg.Cabinet:list', '列表', '', 'app.hdg.Cabinet', 1);
insert into bas_agent_perm(client_type, id, perm_name, depend, menu_id, order_num) values (2, 'app.hdg.Cabinet:edit', '修改设备', '', 'app.hdg.Cabinet', 2);
insert into bas_agent_perm(client_type, id, perm_name, depend, menu_id, order_num) values (2, 'app.hdg.Cabinet:unpack', '开箱', '', 'app.hdg.Cabinet', 3);
insert into bas_agent_perm(client_type, id, perm_name, depend, menu_id, order_num) values (2, 'app.hdg.Cabinet:overOrder', '结束订单', '', 'app.hdg.Cabinet', 4);
insert into bas_agent_perm(client_type, id, perm_name, depend, menu_id, order_num) values (2, 'app.hdg.Cabinet:start', '启用', '', 'app.hdg.Cabinet', 5);
insert into bas_agent_perm(client_type, id, perm_name, depend, menu_id, order_num) values (2, 'app.hdg.Cabinet:forbidden', '禁用', '', 'app.hdg.Cabinet', 6);
insert into bas_agent_perm(client_type, id, perm_name, depend, menu_id, order_num) values (2, 'app.hdg.Cabinet:viewDetails', '查看设备详情', '', 'app.hdg.Cabinet', 7);
insert into bas_agent_perm(client_type, id, perm_name, depend, menu_id, order_num) values (2, 'app.chg.CabinetInstallRecord:list', '设备上线', '', 'app.hdg.Cabinet', 8);
insert into bas_agent_perm(client_type, id, perm_name, depend, menu_id, order_num) values (2, 'app.hdg.Battery:list', '列表', '', 'app.hdg.Battery', 1);
insert into bas_agent_perm(client_type, id, perm_name, depend, menu_id, order_num) values (2, 'app.hdg.Battery:viewDetails', '查看电池详情', '', 'app.hdg.Battery', 2);
insert into bas_agent_perm(client_type, id, perm_name, depend, menu_id, order_num) values (2, 'app.hdg.BatteryInstallRecord:list', '电池上线', '', 'app.hdg.Battery', 3);
insert into bas_agent_perm(client_type, id, perm_name, depend, menu_id, order_num) values (2, 'app.hdg.PacketPeriodPrice:list', '列表', '', 'app.hdg.PacketPeriodPrice', 1);
insert into bas_agent_perm(client_type, id, perm_name, depend, menu_id, order_num) values (2, 'app.hdg.PacketPeriodPrice:addBatteryType', '新建电池类型', '', 'app.hdg.PacketPeriodPrice', 2);
insert into bas_agent_perm(client_type, id, perm_name, depend, menu_id, order_num) values (2, 'app.hdg.PacketPeriodPrice:addForegift', '新建押金', '', 'app.hdg.PacketPeriodPrice', 3);
insert into bas_agent_perm(client_type, id, perm_name, depend, menu_id, order_num) values (2, 'app.hdg.PacketPeriodPrice:editForegift', '修改押金', '', 'app.hdg.PacketPeriodPrice', 4);
insert into bas_agent_perm(client_type, id, perm_name, depend, menu_id, order_num) values (2, 'app.hdg.PacketPeriodPrice:removeForegift', '删除押金', '', 'app.hdg.PacketPeriodPrice', 5);
insert into bas_agent_perm(client_type, id, perm_name, depend, menu_id, order_num) values (2, 'app.hdg.PacketPeriodPrice:remove', '删除套餐', '', 'app.hdg.PacketPeriodPrice', 6);
insert into bas_agent_perm(client_type, id, perm_name, depend, menu_id, order_num) values (2, 'app.hdg.PacketPeriodPrice:viewDetails', '查看套餐详情', '', 'app.hdg.PacketPeriodPrice', 7);
insert into bas_agent_perm(client_type, id, perm_name, depend, menu_id, order_num) values (2, 'app.hdg.DynamicCode:list', '列表', '', 'app.hdg.DynamicCode', 1);
insert into bas_agent_perm(client_type, id, perm_name, depend, menu_id, order_num) values (2, 'app.basic.User:list', '列表', '', 'app.basic.User', 1);
insert into bas_agent_perm(client_type, id, perm_name, depend, menu_id, order_num) values (2, 'app.basic.User:add', '新建账号', '', 'app.basic.User', 2);
insert into bas_agent_perm(client_type, id, perm_name, depend, menu_id, order_num) values (2, 'app.basic.User:edit', '修改账号', '', 'app.basic.User', 3);
insert into bas_agent_perm(client_type, id, perm_name, depend, menu_id, order_num) values (2, 'app.basic.User:viewDetails', '查看账号详情', '', 'app.basic.User', 4);
insert into bas_agent_perm(client_type, id, perm_name, depend, menu_id, order_num) values (2, 'app.hdg.Order:list', '列表', '', 'app.hdg.Order', 1);
insert into bas_agent_perm(client_type, id, perm_name, depend, menu_id, order_num) values (2, 'app.hdg.Order:overOrder', '结束订单', '', 'app.hdg.Order', 2);
insert into bas_agent_perm(client_type, id, perm_name, depend, menu_id, order_num) values (2, 'app.hdg.Order:exchangeBattery', '交换电池', '', 'app.hdg.Order', 3);
insert into bas_agent_perm(client_type, id, perm_name, depend, menu_id, order_num) values (2, 'app.hdg.Order:batteryLease', '转电池退租', '', 'app.hdg.Order', 4);
insert into bas_agent_perm(client_type, id, perm_name, depend, menu_id, order_num) values (2, 'app.hdg.Order:viewDetails', '查看订单详情', '', 'app.hdg.Order', 5);
insert into bas_agent_perm(client_type, id, perm_name, depend, menu_id, order_num) values (2, 'app.basic.Customer:list', '列表', '', 'app.basic.Customer', 1);
insert into bas_agent_perm(client_type, id, perm_name, depend, menu_id, order_num) values (2, 'app.basic.Customer:expenseCalendar', '消费记录', '', 'app.basic.Customer', 2);
insert into bas_agent_perm(client_type, id, perm_name, depend, menu_id, order_num) values (2, 'app.basic.Customer:Coupon', '优惠券详情', '', 'app.basic.Customer', 3);
insert into bas_agent_perm(client_type, id, perm_name, depend, menu_id, order_num) values (2, 'app.basic.Customer:viewDetails', '查看客户详情', '', 'app.basic.Customer', 4);
insert into bas_agent_perm(client_type, id, perm_name, depend, menu_id, order_num) values (2, 'app.basic.Customer:ringUp', '拨打电话', '', 'app.basic.Customer', 5);
insert into bas_agent_perm(client_type, id, perm_name, depend, menu_id, order_num) values (2, 'app.basic.CustomerCoupon:list', '列表', '', 'app.basic.CustomerCoupon', 1);
insert into bas_agent_perm(client_type, id, perm_name, depend, menu_id, order_num) values (2, 'app.basic.CustomerCoupon:add', '新增优惠券', '', 'app.basic.CustomerCoupon', 2);
insert into bas_agent_perm(client_type, id, perm_name, depend, menu_id, order_num) values (2, 'app.basic.CustomerCoupon:romove', '删除优惠券', '', 'app.basic.CustomerCoupon', 3);
insert into bas_agent_perm(client_type, id, perm_name, depend, menu_id, order_num) values (2, 'app.basic.CustomerCoupon:viewDetails', '查看优惠券详情', '', 'app.basic.CustomerCoupon', 4);
insert into bas_agent_perm(client_type, id, perm_name, depend, menu_id, order_num) values (2, 'app.basic.LaxinManage', '拉新管理', '', 'app.basic.LaxinManage', 1);
insert into bas_agent_perm(client_type, id, perm_name, depend, menu_id, order_num) values (2, 'app.basic.Laxin:list', '列表', '', 'app.basic.Laxin', 1);
insert into bas_agent_perm(client_type, id, perm_name, depend, menu_id, order_num) values (2, 'app.basic.Laxin:add', '新建', '', 'app.basic.Laxin', 2);
insert into bas_agent_perm(client_type, id, perm_name, depend, menu_id, order_num) values (2, 'app.basic.Laxin:edit', '修改', '', 'app.basic.Laxin', 3);
insert into bas_agent_perm(client_type, id, perm_name, depend, menu_id, order_num) values (2, 'app.basic.Laxin:romove', '删除', '', 'app.basic.Laxin', 4);
insert into bas_agent_perm(client_type, id, perm_name, depend, menu_id, order_num) values (2, 'app.basic.Laxin:viewDetails', '查看拉新详情', '', 'app.basic.Laxin', 5);
insert into bas_agent_perm(client_type, id, perm_name, depend, menu_id, order_num) values (2, 'app.basic.LaxinSetting:list', '列表', '', 'app.basic.LaxinSetting', 1);
insert into bas_agent_perm(client_type, id, perm_name, depend, menu_id, order_num) values (2, 'app.basic.LaxinSetting:add', '新建', '', 'app.basic.LaxinSetting', 2);
insert into bas_agent_perm(client_type, id, perm_name, depend, menu_id, order_num) values (2, 'app.basic.LaxinSetting:edit', '修改', '', 'app.basic.LaxinSetting', 3);
insert into bas_agent_perm(client_type, id, perm_name, depend, menu_id, order_num) values (2, 'app.basic.LaxinSetting:romove', '删除', '', 'app.basic.LaxinSetting', 4);
insert into bas_agent_perm(client_type, id, perm_name, depend, menu_id, order_num) values (2, 'app.basic.LaxinSetting:qrcode', '下载二维码', '', 'app.basic.LaxinSetting', 5);
insert into bas_agent_perm(client_type, id, perm_name, depend, menu_id, order_num) values (2, 'app.basic.LaxinSetting:viewDetails', '查看规则详情', '', 'app.basic.LaxinSetting', 6);
insert into bas_agent_perm(client_type, id, perm_name, depend, menu_id, order_num) values (2, 'app.basic.SetUpPayee:list', '设置收款人', '', 'app.basic.SetUpPayee', 1);
insert into bas_agent_perm(client_type, id, perm_name, depend, menu_id, order_num) values (2, 'app.basic.LaxinPay:list', '列表', '', 'app.basic.LaxinPay', 1);
insert into bas_agent_perm(client_type, id, perm_name, depend, menu_id, order_num) values (2, 'app.basic.LaxinPay:laxinOrder', '拉新订单', '', 'app.basic.LaxinPay', 2);
insert into bas_agent_perm(client_type, id, perm_name, depend, menu_id, order_num) values (2, 'app.basic.LaxinPay:pay', '去付款', '', 'app.basic.LaxinPay', 3);
insert into bas_agent_perm(client_type, id, perm_name, depend, menu_id, order_num) values (2, 'app.basic.Home:list', '列表', '', 'app.basic.Home', 1);
insert into bas_agent_perm(client_type, id, perm_name, depend, menu_id, order_num) values (2, 'app.hdg.VipPrice:list', '列表', '', 'app.hdg.VipPrice', 1);
insert into bas_agent_perm(client_type, id, perm_name, depend, menu_id, order_num) values (2, 'app.hdg.ComboManage', '套餐管理', '', 'app.hdg.ComboManage', 1);
insert into bas_agent_perm(client_type, id, perm_name, depend, menu_id, order_num) values (2, 'app.hdg.VipPrice:add', '新建vip套餐', '', 'app.hdg.VipPrice', 2);
insert into bas_agent_perm(client_type, id, perm_name, depend, menu_id, order_num) values (2, 'app.hdg.VipPrice:edit', '修改vip套餐', '', 'app.hdg.VipPrice', 3);
insert into bas_agent_perm(client_type, id, perm_name, depend, menu_id, order_num) values (2, 'app.hdg.VipPrice:romove', '删除vip套餐', '', 'app.hdg.VipPrice', 4);
insert into bas_agent_perm(client_type, id, perm_name, depend, menu_id, order_num) values (2, 'app.hdg.VipPrice:viewDetails', '查看vip套餐详情', '', 'app.hdg.VipPrice', 5);
insert into bas_agent_perm(client_type, id, perm_name, depend, menu_id, order_num) values (2, 'app.basic.Statement:list', '列表', '', 'app.basic.Statement', 1);
insert into bas_agent_perm(client_type, id, perm_name, depend, menu_id, order_num) values (2, 'app.basic.Statement:income', '设备收入列表', '', 'app.basic.Statement', 2);
insert into bas_agent_perm(client_type, id, perm_name, depend, menu_id, order_num) values (2, 'app.basic.Statement:statistics', '设备统计', '', 'app.basic.Statement', 3);
insert into bas_agent_perm(client_type, id, perm_name, depend, menu_id, order_num) values (2, 'app.basic.Statement:onTheDetails', '设备月详情', '', 'app.basic.Statement', 4);
insert into bas_agent_perm(client_type, id, perm_name, depend, menu_id, order_num) values (2, 'app.basic.Statement:dayDetails', '设备日详情', '', 'app.basic.Statement', 5);
insert into bas_agent_perm(client_type, id, perm_name, depend, menu_id, order_num) values (2, 'app.basic.Message:list', '列表', '', 'app.basic.Message', 1);
insert into bas_agent_perm(client_type, id, perm_name, depend, menu_id, order_num) values (2, 'app.basic.My:list', '列表', '', 'app.basic.My', 1);
insert into bas_agent_perm(client_type, id, perm_name, depend, menu_id, order_num) values (2, 'app.basic.My:editPassword', '修改密码', '', 'app.basic.My', 2);
insert into bas_agent_perm(client_type, id, perm_name, depend, menu_id, order_num) values (2, 'app.basic.My:addWithdrawPassword', '设置提现密码', '', 'app.basic.My', 3);
insert into bas_agent_perm(client_type, id, perm_name, depend, menu_id, order_num) values (2, 'app.basic.My:editWithdrawPassword', '修改提现密码', '', 'app.basic.My', 4);
insert into bas_agent_perm(client_type, id, perm_name, depend, menu_id, order_num) values (2, 'app.hdg.BatteryRule:list', '列表', '', 'app.hdg.BatteryRule', 1);
insert into bas_agent_perm(client_type, id, perm_name, depend, menu_id, order_num) values (2, 'app.hdg.BatteryRule:viewDetails', '查看电池规则详情', '', 'app.hdg.BatteryRule', 2);
insert into bas_agent_perm(client_type, id, perm_name, depend, menu_id, order_num) values (2, 'app.hdg.Shop:list', '列表', '', 'app.hdg.Shop', 1);
insert into bas_agent_perm(client_type, id, perm_name, depend, menu_id, order_num) values (2, 'app.hdg.Shop:viewDetails', '查看门店详情', '', 'app.hdg.Shop', 2);
insert into bas_agent_perm(client_type, id, perm_name, depend, menu_id, order_num) values (2, 'app.hdg.Shop:romove', '删除门店', '', 'app.hdg.Shop', 3);
insert into bas_agent_perm(client_type, id, perm_name, depend, menu_id, order_num) values (2, 'app.hdg.ElectricityEntry:electricityEntry', '电费录入', '', 'app.hdg.ElectricityEntry', 1);

insert into bas_shop_menu(id, menu_name, parent_id, menu_pos) values ('1', '门店', null, 1);
insert into bas_shop_menu(id, menu_name, parent_id, menu_pos) values ('1_1', '门店管理', '1', 1);
insert into bas_shop_menu(id, menu_name, parent_id, menu_pos) values ('hdg.MyShop', '我的门店', '1_1', 1);
insert into bas_shop_menu(id, menu_name, parent_id, menu_pos) values ('hdg.Shop', '门店管理', '1_1', 4);
insert into bas_shop_menu(id, menu_name, parent_id, menu_pos) values ('hdg.Cabinet', '设备管理', '1_1', 5);
insert into bas_shop_menu(id, menu_name, parent_id, menu_pos) values ('hdg.Battery', '电池管理', '1_1', 6);
insert into bas_shop_menu(id, menu_name, parent_id, menu_pos) values ('hdg.Settings', '设置', '1_1', 7);
insert into bas_shop_menu(id, menu_name, parent_id, menu_pos) values ('hdg.PacketPeriod', '租金管理', '1_1', 8);
insert into bas_shop_menu(id, menu_name, parent_id, menu_pos) values ('hdg.BatteryOrder', '换电订单', '1_1', 9);
insert into bas_shop_menu(id, menu_name, parent_id, menu_pos) values ('hdg.RentElectricOrder', '租电订单', '1_1', 10);
insert into bas_shop_menu(id, menu_name, parent_id, menu_pos) values ('hdg.BindingBattery', '绑定电池', '1_1', 11);
insert into bas_shop_menu(id, menu_name, parent_id, menu_pos) values ('hdg.AlsoHaveConfirmation', '还电确认', '1_1', 12);
insert into bas_shop_menu(id, menu_name, parent_id, menu_pos) values ('hdg.ExchangeBattery', '交换电池', '1_1', 13);
insert into bas_shop_menu(id, menu_name, parent_id, menu_pos) values ('hdg.IncomeRecord', '收入记录', '1_1', 14);
insert into bas_shop_menu(id, menu_name, parent_id, menu_pos) values ('hdg.OperationsStatement', '经营报表', '1_1', 15);
insert into bas_shop_menu(id, menu_name, parent_id, menu_pos) values ('hdg.TodayIncome', '今日收入', '1_1', 16);

insert into bas_shop_perm(id, perm_name, depend, menu_id, order_num) values ('hdg.MyShop:list', '列表', '', 'hdg.MyShop', 1);
insert into bas_shop_perm(id, perm_name, depend, menu_id, order_num) values ('hdg.MyShop:setUpPayee', '设置收款人', '', 'hdg.MyShop', 1);
insert into bas_shop_perm(id, perm_name, depend, menu_id, order_num) values ('hdg.Shop:list', '列表', '', 'hdg.Shop', 1);
insert into bas_shop_perm(id, perm_name, depend, menu_id, order_num) values ('hdg.Cabinet:list', '列表', '', 'hdg.Cabinet', 1);
insert into bas_shop_perm(id, perm_name, depend, menu_id, order_num) values ('hdg.Cabinet:edit', '修改设备', '', 'hdg.Cabinet', 2);
insert into bas_shop_perm(id, perm_name, depend, menu_id, order_num) values ('hdg.Cabinet:unpack', '开箱', '', 'hdg.Cabinet', 3);
insert into bas_shop_perm(id, perm_name, depend, menu_id, order_num) values ('hdg.Cabinet:overOrder', '结束订单', '', 'hdg.Cabinet', 4);
insert into bas_shop_perm(id, perm_name, depend, menu_id, order_num) values ('hdg.Cabinet:start', '启用', '', 'hdg.Cabinet', 5);
insert into bas_shop_perm(id, perm_name, depend, menu_id, order_num) values ('hdg.Cabinet:forbidden', '禁用', '', 'hdg.Cabinet', 6);
insert into bas_shop_perm(id, perm_name, depend, menu_id, order_num) values ('hdg.Battery:list', '列表', '', 'hdg.Battery', 1);
insert into bas_shop_perm(id, perm_name, depend, menu_id, order_num) values ('hdg.Battery:edit', '修改', '', 'hdg.Battery', 2);
insert into bas_shop_perm(id, perm_name, depend, menu_id, order_num) values ('hdg.Settings:list', '列表', '', 'hdg.Settings', 1);
insert into bas_shop_perm(id, perm_name, depend, menu_id, order_num) values ('hdg.PacketPeriod:list', '列表', '', 'hdg.PacketPeriod', 1);
insert into bas_shop_perm(id, perm_name, depend, menu_id, order_num) values ('hdg.BatteryOrder:list', '列表', '', 'hdg.BatteryOrder', 1);
insert into bas_shop_perm(id, perm_name, depend, menu_id, order_num) values ('hdg.RentElectricOrder:list', '列表', '', 'hdg.RentElectricOrder', 1);
insert into bas_shop_perm(id, perm_name, depend, menu_id, order_num) values ('hdg.BindingBattery:list', '绑定电池', '', 'hdg.BindingBattery', 1);
insert into bas_shop_perm(id, perm_name, depend, menu_id, order_num) values ('hdg.AlsoHaveConfirmation:list', '还电确认', '', 'hdg.AlsoHaveConfirmation', 1);
insert into bas_shop_perm(id, perm_name, depend, menu_id, order_num) values ('hdg.ExchangeBattery:list', '交换电池', '', 'hdg.ExchangeBattery', 1);
insert into bas_shop_perm(id, perm_name, depend, menu_id, order_num) values ('hdg.IncomeRecord:list', '列表', '', 'hdg.IncomeRecord', 1);
insert into bas_shop_perm(id, perm_name, depend, menu_id, order_num) values ('hdg.OperationsStatement:list', '列表', '', 'hdg.OperationsStatement', 1);
insert into bas_shop_perm(id, perm_name, depend, menu_id, order_num) values ('hdg.TodayIncome:list', '列表', '', 'hdg.TodayIncome', 1);
insert into bas_shop_perm(id, perm_name, depend, menu_id, order_num) values ('hdg.TodayIncome:more', '更多数据', '', 'hdg.TodayIncome', 1);


insert into bas_agent_company_menu(id, menu_name, parent_id, menu_pos) values ('1', '运营公司', null, 1);
insert into bas_agent_company_menu(id, menu_name, parent_id, menu_pos) values ('1_1', '运营公司管理', '1', 1);
insert into bas_agent_company_menu(id, menu_name, parent_id, menu_pos) values ('basic.MyAgentCompany', '我的运营公司', '1_1', 1);
insert into bas_agent_company_menu(id, menu_name, parent_id, menu_pos) values ('basic.AgentCompany', '运营公司管理', '1_1', 4);
insert into bas_agent_company_menu(id, menu_name, parent_id, menu_pos) values ('basic.Settings', '设置', '1_1', 7);
insert into bas_agent_company_menu(id, menu_name, parent_id, menu_pos) values ('hdg.PacketPeriod', '租金管理', '1_1', 8);
insert into bas_agent_company_menu(id, menu_name, parent_id, menu_pos) values ('hdg.BatteryOrder', '换电订单', '1_1', 9);
insert into bas_agent_company_menu(id, menu_name, parent_id, menu_pos) values ('hdg.RentElectricOrder', '租电订单', '1_1', 10);
insert into bas_agent_company_menu(id, menu_name, parent_id, menu_pos) values ('hdg.IncomeRecord', '收入记录', '1_1', 14);
insert into bas_agent_company_menu(id, menu_name, parent_id, menu_pos) values ('hdg.OperationsStatement', '经营报表', '1_1', 15);
insert into bas_agent_company_menu(id, menu_name, parent_id, menu_pos) values ('hdg.TodayIncome', '今日收入', '1_1', 16);

insert into bas_agent_company_perm(id, perm_name, depend, menu_id, order_num) values ('basic.MyAgentCompany:list', '列表', '', 'basic.MyAgentCompany', 1);
insert into bas_agent_company_perm(id, perm_name, depend, menu_id, order_num) values ('basic.MyAgentCompany:setUpPayee', '设置收款人', '', 'basic.MyAgentCompany', 1);
insert into bas_agent_company_perm(id, perm_name, depend, menu_id, order_num) values ('basic.AgentCompany:list', '列表', '', 'basic.AgentCompany', 1);
insert into bas_agent_company_perm(id, perm_name, depend, menu_id, order_num) values ('basic.Settings:list', '列表', '', 'basic.Settings', 1);
insert into bas_agent_company_perm(id, perm_name, depend, menu_id, order_num) values ('hdg.PacketPeriod:list', '列表', '', 'hdg.PacketPeriod', 1);
insert into bas_agent_company_perm(id, perm_name, depend, menu_id, order_num) values ('hdg.BatteryOrder:list', '列表', '', 'hdg.BatteryOrder', 1);
insert into bas_agent_company_perm(id, perm_name, depend, menu_id, order_num) values ('hdg.RentElectricOrder:list', '列表', '', 'hdg.RentElectricOrder', 1);
insert into bas_agent_company_perm(id, perm_name, depend, menu_id, order_num) values ('hdg.IncomeRecord:list', '列表', '', 'hdg.IncomeRecord', 1);
insert into bas_agent_company_perm(id, perm_name, depend, menu_id, order_num) values ('hdg.OperationsStatement:list', '列表', '', 'hdg.OperationsStatement', 1);
insert into bas_agent_company_perm(id, perm_name, depend, menu_id, order_num) values ('hdg.TodayIncome:list', '列表', '', 'hdg.TodayIncome', 1);
insert into bas_agent_company_perm(id, perm_name, depend, menu_id, order_num) values ('hdg.TodayIncome:more', '更多数据', '', 'hdg.TodayIncome', 1);